Name,Location,Price (INR in Lakhs),Price_per_sqft,Area_sqft,Description,Property_URL,bedrooms,bathrooms,balconies,current_floor,total_floors,furnishing_status,Mapped_Area,facing,property_age_bucket,is_ready_to_move,is_built_up_area,is_carpet_area,is_super_built_up_area,property_type,luxury_score,location_advantage_score,log_price,Bedrooms,pps
"3 BHK Flatin Sargasan, Gandhinagar","Sargasan, Gandhinagar",126.0,4320.0,2916.0,"Experience a new style of living with Altezza by The Palm. It offers an exclusive range of 3 BHK apartments in Sargasan, Gandhinagar. Here is a steal deal for you. Book your 3 BHK apartment here at a never before price of Rs. 1.26 Crore. The unit has a super built-up area of 2916.0 sq. ft. This is a ready to move project. It has been designed keeping every small to large needs of residents in c...",https://www.99acres.com/3-bhk-bedroom-apartment-flat-for-sale-in-altezza-by-the-palm-sargasan-gandhinagar-2916-sqft-npspid-V89041074,3.0,3.0,1.0,,,,Sargasan,,New,1,False,False,True,apartment,0.0,0.0,4.844187086458591,3.0,4321.0
"3 BHK Flatin Pethapur, Gandhinagar","Pethapur, Gandhinagar",51.99,2962.0,1755.0,"Experience a new style of living with Satyamev Royal 5. It offers an exclusive range of 3 BHK apartments in Pethapur, Gandhinagar. Here is a steal deal for you. Book your 3 BHK apartment here at a never before price of Rs. 51.99 Lac. The unit has a super built-up area of 1755.0 sq. ft. This is an under construction project. It has been designed keeping every small to large needs of residents in...",https://www.99acres.com/3-bhk-bedroom-apartment-flat-for-sale-in-satyamev-royal-5-pethapur-gandhinagar-1755-sqft-npspid-V87599244,3.0,3.0,2.0,,,,Pethapur,,New,0,False,False,True,apartment,0.0,0.0,3.9701032165046706,3.0,2962.0
"3 BHK Flatin Raysan, Gandhinagar","Raysan, Gandhinagar",97.0,5083.0,1908.0,"This is your chance to a 3 bhk apartment / flat for sale in radhe imperial sky raysan gandhinagar . Where luxury comes with affordability. Basic details: You will love this bright and spacious 3 bedroom apartment with 3 bathrooms, modular kitchen, spacious hall and 2 balconies.The balcony offers a great view and is a place to enjoy at any time. This house provides ample natural light and has go...",https://www.99acres.com/3-bhk-bedroom-apartment-flat-for-sale-in-radhe-imperial-sky-raysan-gandhinagar-1908-sqft-spid-R89058182,3.0,3.0,2.0,,,,Raysan,,New,1,False,False,True,apartment,0.0,0.0,4.584967478670572,3.0,5084.0
"3 BHK Flatin Raysan, Gandhinagar","Raysan, Gandhinagar",125.0,5669.0,2205.0,"We are the proud owners of this 3 bhk apartment available in saral skyline, raysan, gandhinagar. This it is a and the unit is located on 9th floor and has a carpet area of 245 sq.Yards. It has 2 bathroom(s) and 2 balcony(s). The unit is located in a co-Operative society.",https://www.99acres.com/3-bhk-bedroom-apartment-flat-for-sale-in-raysan-gandhinagar-2205-sqft-spid-R90201698,3.0,2.0,2.0,9.0,,,Raysan,,New,1,False,True,False,apartment,0.0,0.0,4.836281906951478,3.0,5669.0
"3 BHK Flatin Urjanagar 1, Randesan, Gandhinagar","Urjanagar 1, Randesan, Gandhinagar",79.0,4501.0,1755.0,"Situated on the top floor (8th) of a mid-Rise building in divyajivan aura, urjanagar 1, this 5-10 year old 3 bhk flat offers 1755 sqft of well-Laid space with 3 bedrooms and 3 bathrooms. Available immediately, the unfurnished apartment combines comfort with proximity to several religious landmarks in gandhinagar. Ideal for long-Term residence.",https://www.99acres.com/3-bhk-bedroom-apartment-flat-for-sale-in-divyajivan-aura-urjanagar-1-gandhinagar-1755-sqft-spid-F91063942,3.0,3.0,1.0,8.0,,unfurnished,Randesan,,5-10 years,1,False,True,False,apartment,0.0,1.0,4.382026634673881,3.0,4501.0
"3 BHK Flatin Koba, Gandhinagar","Koba, Gandhinagar",120.0,4848.0,2475.0,"Located in bliss bansari opulence, koba, gandhinagar, this nearly new 3 bhk flat spans 2475 sq.Ft. Situated on the 6th floor of a 13-Story high-Rise, it offers immediate availability. Featuring 3 bedrooms, 3 bathrooms, and modern amenities like a fitness center, clubhouse, and swimming pool, it ensures comfortable urban living near metro, malls, and schools.",https://www.99acres.com/3-bhk-bedroom-apartment-flat-for-sale-in-bliss-bansari-opulence-koba-gandhinagar-2475-sqft-spid-W88788888,3.0,3.0,1.0,6.0,13.0,,Koba,,New,1,False,False,True,apartment,7.0,6.0,4.795790545596741,3.0,4848.0
"4 BHK Flatin Sargasan, Gandhinagar","Sargasan, Gandhinagar",167.0,4525.0,3690.0,"sargasan Highlights of shlokam sharnam: Single towers 4 bhk royal green homes 40 apartments; Personal foyer Premium elevator & staircase 2 large balconies 2 car parking Amenities like: Gazebo Green building Gym, indoor games, community hall, home theatre, water body, conference room, working office and much more. Droneview: Location: 360 view: Located on the 6th floor of a mid...",https://www.99acres.com/4-bhk-bedroom-apartment-flat-for-sale-in-shlokam-sharnam-sargasan-gandhinagar-3690-sqft-spid-V91094614,4.0,4.0,2.0,6.0,,,Sargasan,,New,1,False,False,True,apartment,24.0,0.0,5.123963979403259,4.0,4526.0
"3 BHK Flatin Sargasan, Gandhinagar","Sargasan, Gandhinagar",125.0,9803.0,2124.0,"Shilp serenity is one of the most popular destination for buying apartments in sargasan, gandhinagar. You too can be a part of this society by purchasing this 3 bhk flat here. The flat is over 2124 sq.Ft. Super built up area and comes with 3 bedroom(s), 3 bathrooms and 2 balconies. This flat lies on the 7th level of a 9 storey building. An added advantage of this 1-5 years old flat is that it i...",https://www.99acres.com/3-bhk-bedroom-apartment-flat-for-sale-in-shubhaarambh-shilp-serenity-sargasan-gandhinagar-2124-sqft-r1-spid-J86783686,3.0,3.0,2.0,7.0,9.0,,Sargasan,,1-5 years,1,False,False,True,apartment,0.0,0.0,4.836281906951478,3.0,5885.0
"3 BHK Flatin Kudasan, Gandhinagar","Kudasan, Gandhinagar",75.0,7653.0,980.0,"We are the proud owners of this 3 bhk apartment pplavailable in psy pramukh signature, kudasan, gandhinagar. This semi-Furnished apartment it is a and the unit is located on 5th floor and has a carpet area of 980 sq.Ft. . It has 3 bathroom(s) and 2 balcony(s). The ownership is freehold type.o",https://www.99acres.com/3-bhk-bedroom-apartment-flat-for-sale-in-psy-pramukh-signature-kudasan-gandhinagar-980-sqft-spid-G91130676,3.0,3.0,2.0,5.0,,semi-furnished,Kudasan,,New,1,False,True,False,apartment,0.0,0.0,4.330733340286331,3.0,7653.0
"Studio Apartments / 1 RK Flatsin Gift City, Gandhinagar","Gift City, Gandhinagar",97.0,20082.0,483.0,"We are the proud owners of this 1 bhk apartment available in , gift city, gandhinagar. This unfurnished apartment, priced approximately at rs97 lac. It will be ready for possession . it is a resale and an under construction apartment. The unit is located on 27th floor and has a carpet area of 483 sq.Ft. . It has 1 bathroom(s) and 1 balcony(s). The ownership is freehold type.",https://www.99acres.com/studio-apartment-flat-for-sale-in-vida-by-nila-spaces-gift-city-gandhinagar-483-sqft-spid-C89513918,1.0,1.0,1.0,27.0,33.0,unfurnished,Gift City,,New,0,False,True,False,apartment,0.0,0.0,4.584967478670572,1.0,20083.0
"4 BHK Flatin Koba, Gandhinagar","Koba, Gandhinagar",168.0,3563.0,4714.5882,"Residential apartment This is your chance to a 4 bhk apartment / flat for sale in koba gandhinagar . Where luxury comes with affordability. Basic details: You will love this bright and spacious 4 bedroom apartment with 4 bathrooms, modular kitchen, spacious hall and 4 balconies.The balcony offers a great view and is a place to enjoy at any time. This house provides ample natural light and has g...",https://www.99acres.com/4-bhk-bedroom-apartment-flat-for-sale-in-koba-gandhinagar-438-sq-ft-spid-I89042256,4.0,4.0,4.0,,,,Koba,,New,1,False,True,False,apartment,0.0,0.0,5.1298987149230735,4.0,3563.0
"3 BHK Flatin Koba, Gandhinagar","Koba, Gandhinagar",95.0,4712.0,2016.0,"vacant & ready for immediate possession ________________________________________ A spacious and well-Maintained 3 bhk apartment is available for sale in the highly rated silicone hills apartments one of raisan's most sought-After residential societies, located on prime pdpu road...",https://www.99acres.com/3-bhk-bedroom-apartment-flat-for-sale-in-silicone-hills-koba-gandhinagar-2016-sqft-spid-B90874768,3.0,3.0,1.0,,,,Koba,,New,1,False,False,True,apartment,0.0,0.0,4.564348191467836,3.0,4712.0
"2 BHK Flatin Raysan, Gandhinagar","Raysan, Gandhinagar",59.0,4149.0,1422.0,"Well-Furnished and well-Maintained flat in a peaceful location. The society is decent and well-Managed, with good residents and a calm environment. No issues related to water supply or parking. Ideal for families or working professionals looking for a hassle-Free stay. Nearer to pdpu & metr. Additional details : Piped gas facility is available in the property. The apartment has borings water su...",https://www.99acres.com/2-bhk-bedroom-apartment-flat-for-sale-in-sre-luvkush-4-raysan-gandhinagar-1422-sqft-spid-V88148666,0.0,2.0,1.0,,,furnished,Raysan,,Unknown,1,False,False,True,apartment,0.0,5.0,4.0943445622221,2.0,4149.0
"2 BHK Flatin Vavol, Gandhinagar","Vavol, Gandhinagar",60.5,5465.0,1107.0,"The flat is east-Facing. Containing 2 bedroom(s), 2 bathrooms and 3 balconies, this flat is spread over a carpet area of 1107 sq.Ft. The flat has a total of 7 floors and this property is situated on top floor. Being a ready to move project, you can expect immediate possession of this 1-5 years old property. The floor of this flat is beautifully designed using ceramic flooring, giving the flat a...",https://www.99acres.com/2-bhk-bedroom-apartment-flat-for-sale-in-radhe-vrundavan-residency-vavol-gandhinagar-1107-sqft-r2-spid-L76565921,2.0,2.0,3.0,,7.0,unfurnished,Vavol,East,1-5 years,1,False,True,False,apartment,0.0,0.0,4.119037174812473,2.0,5465.0
"4 BHK Flatin Koba, Gandhinagar","Koba, Gandhinagar",165.0,4263.0,3875.04,"Property for sell: Luxurious 4 bhk apartment Location: Skyra, 12th floor, opp - Gnlu metro station, koba, gandhinagar Size: 3870 sqft Features: - The appartments are situated at a strategic & convinient location of 2 road corner on 80 metre wide road just opposite gnlu metro station. - 4 spacious bedrooms & modern washrooms - Living rooms with a beautiful courtyard balcony - Fully vastu-Complia...",https://www.99acres.com/4-bhk-bedroom-apartment-flat-for-sale-in-maruti-skyra-koba-gandhinagar-3870-sqft-spid-T88688802,4.0,4.0,2.0,12.0,14.0,,Koba,,New,1,False,False,True,apartment,1.0,3.0,5.111987788356544,4.0,4258.0
"2 BHK Flatin Gift City, Gandhinagar","Gift City, Gandhinagar",155.0,17822.0,1581.0,Coming up in the most promising area of tomorrow - Gift city ahmedabad. Best for end user and investor.,https://www.99acres.com/2-bhk-bedroom-apartment-flat-for-sale-in-shivalik-skyview-gift-city-gandhinagar-1582-sqft-spid-K90727598,2.0,2.0,1.0,,,,Gift City,,Unknown,0,False,False,True,apartment,0.0,0.0,5.049856007249537,2.0,9804.0
"2 BHK Builder Floorin Sargasan, Gandhinagar","Sargasan, Gandhinagar",54.0,7648.0,706.0,"Premium 2bhk flat in vibrant cultural society sargasan Experience the perfect blend of modern comfort and community living in this spacious 1,050 sq. Ft. Flat located in the heart of sargasan, gandhinagar. Situated within a prestigious cultural society, this home is ideal for those who value festive celebrations, a safe environment, low annual maintenance amount and a friendly neighborhood. Pro...",https://www.99acres.com/2-bhk-bedroom-independent-builder-floor-for-sale-in-psy-pramukh-lotus-sargasan-gandhinagar-1242-sqft-spid-R80413281,2.0,2.0,1.0,,,,Sargasan,,New,1,False,False,False,apartment,0.0,0.0,4.007333185232471,2.0,7649.0
"3 BHK Flatin Sargasan, Gandhinagar","Sargasan, Gandhinagar",60.0,3925.0,1528.0,"Prime 3bhk garden-Facing flat in vibrant shiva blessings 1 society at gandhinagar Discover this spacious semi-Furnished 3bhk flat on the 2nd floor of shiva blessings 1, a lively society in a prime location. Perfectly garden-Facing, it boasts one major balcony adjoining the drawing-Cum-Dining room, ideal for morning coffees with lush green views. The modular kitchen includes a handy pantry, whil...",https://www.99acres.com/3-bhk-bedroom-apartment-flat-for-sale-in-bansal-shiva-blessing-1-sargasan-gandhinagar-1529-sqft-spid-J91125540,3.0,3.0,1.0,2.0,,semi-furnished,Sargasan,Other,New,1,False,False,True,apartment,0.0,0.0,4.110873864173311,3.0,3927.0
"3 BHK Flatin Kudasan, Gandhinagar","Kudasan, Gandhinagar",95.0,4712.0,2016.0,"Located in akshat heaven, kudasan, this 5-10 year old 3 bhk flat offers 2016 sq.Ft. Of living space on the 1st floor of a low-Rise 5-Floor building. Featuring 3 bedrooms and 3 bathrooms, the apartment is available immediately and comes unfurnished. Nearby are several temples and a multispeciality dental clinic, enhancing its convenience.",https://www.99acres.com/3-bhk-bedroom-apartment-flat-for-sale-in-akshat-heaven-kudasan-gandhinagar-2016-sq-ft-spid-Y90483186,3.0,3.0,1.0,1.0,5.0,unfurnished,Kudasan,,5-10 years,1,False,False,True,apartment,0.0,2.0,4.564348191467836,3.0,4712.0
"3 BHK Flatin Gift City, Gandhinagar","Gift City, Gandhinagar",95.0,4549.0,2088.0,"Shree rang pearl kaavyaratna offers thoughtfully designed 2 bhk and 3 bhk low-Rise apartments, crafted for comfortable and modern living. With a total of 192 premium residences across 8 well-Planned blocks, the project ensures a peaceful and spacious lifestyle. Out of the 8 blocks, 2 blocks are dedicated to 3 bhk homes, while the remaining offer well-Optimized 2 bhk apartments. Each apartment i...",https://www.99acres.com/3-bhk-bedroom-apartment-flat-for-sale-in-shree-rang-pearl-by-kaavyaratna-group-gift-city-gandhinagar-2088-sqft-spid-J89986800,2.0,2.0,1.0,,8.0,,Gift City,,New,1,False,False,True,apartment,0.0,0.0,4.564348191467836,3.0,4550.0
"2 BHK Flatin Kudasan, Gandhinagar","Kudasan, Gandhinagar",65.0,6989.0,930.0,"The flat is facing the north-East direction. The flat occupies a carpet area of 930 sq.Ft. That consists of 2 bedrooms, 2 bathrooms . The flat has a total of 8 floors and this property is situated on 5th floor. As the project is already ready to move, so you can easily move into this 5-10 years old property. The well built ceramic flooring enhances the aesthetic appeal of this flat. The society...",https://www.99acres.com/2-bhk-bedroom-apartment-flat-for-sale-in-shree-ugati-heights-kudasan-gandhinagar-930-sqft-spid-D89937030,2.0,2.0,1.0,5.0,8.0,,Kudasan,North-East,5-10 years,1,False,True,False,apartment,0.0,0.0,4.189654742026425,2.0,6989.0
"3 BHK Flatin Kudasan, Gandhinagar","Kudasan, Gandhinagar",103.0,4975.0,2070.0,"Just ready possession ,the flat is over 2070 sq.Ft. Built up area and comes with 3 bedroom(s), 3 bathrooms and 1 balcony. This flat is situated on the 4th floor of this 7 floors tall residential building. This is a ready to move project . Located in kudasan service road, project around all greenery view , low rise scheme, gated community with security Power backup & fire safety Garden, children...",https://www.99acres.com/3-bhk-bedroom-apartment-flat-for-sale-in-kudasan-gandhinagar-2070-sqft-spid-G90293054,3.0,3.0,1.0,4.0,7.0,unfurnished,Kudasan,,New,1,True,False,False,apartment,10.0,0.0,4.6443908991413725,3.0,4976.0
"2 BHK Flatin Gift City, Gandhinagar","Gift City, Gandhinagar",70.0,4830.0,1449.0,"Shree rang pearl, located in randesan, is a strong candidate if you are looking for a residence near gift city. Based on current real estate dynamics in the gandhinagar region, here is why a 2bhk unit of approximately 161 sq. Yards in this project stands out as a solid choice for living:1. Strategic location & connectivity proximity to gift city: The primary advantage of living in randesan is i...",https://www.99acres.com/2-bhk-bedroom-apartment-flat-for-sale-in-shree-rang-pearl-by-kaavyaratna-group-gift-city-gandhinagar-1449-sqft-spid-U90885608,2.0,2.0,1.0,,,,Gift City,,New,1,False,False,True,apartment,0.0,5.0,4.2626798770413155,2.0,4831.0
"3 BHK Flatin Sargasan, Gandhinagar","Sargasan, Gandhinagar",77.0,4331.0,1845.0,"The flat is facing the north-East direction. The flat occupies a built up area of 205 sq.Yards that consists of 3 bedrooms, 3 bathrooms and 2 balconies. This flat is situated on the 2nd floor of this 5 floors tall residential building. As the project is already ready to move, so you can easily move into this 5-10 years old property. The ceramic flooring of this flat is beautifully designed and ...",https://www.99acres.com/3-bhk-bedroom-apartment-flat-for-sale-in-sthapan-apartments-sargasan-gandhinagar-1845-sqft-spid-M90541100,3.0,3.0,2.0,2.0,5.0,unfurnished,Sargasan,North-East,5-10 years,1,True,False,False,apartment,0.0,0.0,4.356708826689592,3.0,4173.0
"3 BHK Flatin Randesan, Gandhinagar","Randesan, Gandhinagar",100.0,5168.0,1935.0,"This 3 bhk apartment is located in kavyaratna sanskruti, which houses some of the most spacious flats in randesan, gandhinagar. The flat is over 215 sq.Yards super built up area and comes with 3 bedrooms, 3 bathrooms and 1 balcony. The flat has a total of 13 floors and this property is situated on 13th floor. An added advantage of this 1 year old flat is that it is available for immediate posse...",https://www.99acres.com/3-bhk-bedroom-apartment-flat-for-sale-in-randesan-gandhinagar-1935-sqft-spid-B89741302,3.0,3.0,1.0,13.0,13.0,,Randesan,,New,1,False,False,True,apartment,0.0,0.0,4.61512051684126,3.0,5168.0
"3 BHK Flatin Kudasan, Gandhinagar","Kudasan, Gandhinagar",145.0,7435.0,3230.0,"Shivalay parisar is a well-Maintained residential apartment complex located in kudasan, gandhinagar. It offers a peaceful, secure living environment with good connectivity to main roads, nearby markets, schools, and daily amenities, making it suitable for families and professionals.",https://www.99acres.com/3-bhk-bedroom-apartment-flat-for-sale-in-shivalay-parisar-kudasan-gandhinagar-3230-sqft-spid-T88403926,3.0,3.0,1.0,,,,Kudasan,,Unknown,1,False,False,True,apartment,0.0,2.0,4.983606621708336,3.0,4489.0
"2 BHK Flatin Kudasan, Gandhinagar","Kudasan, Gandhinagar",65.0,4108.0,1582.2933,"The flat is facing the north-West direction. The floor plan additionally contains 2 bedroom(s), 2 bathrooms and 1 balcony. All in all, the flat is spread over a super built up area of 147 sq.Ft. The flat has a total of 6 floors and this property is situated on 5th floor. This is a ready to move project and the property is 10+ years old. The floor of this flat is beautifully designed using vitri...",https://www.99acres.com/2-bhk-bedroom-apartment-flat-for-sale-in-sahjanand-city-kudasan-gandhinagar-147-sqft-spid-F90968710,2.0,2.0,1.0,5.0,6.0,unfurnished,Kudasan,North-West,10-20 years,1,False,False,True,apartment,0.0,0.0,4.189654742026425,2.0,4108.0
"2 BHK Flatin Kudasan, Gandhinagar","Kudasan, Gandhinagar",120.0,9732.0,2232.0,"This property faces the east direction. The floor plan additionally contains 2 bedroom(s), 2 bathrooms and 1 balcony. All in all, the flat is spread over a super built up area of 248 sq.Yards. This flat is situated on the 4th floor of this 14 floors tall residential building. This 0-1 year old property is available for immediate possession as the project is ready to move. The beautifully design...",https://www.99acres.com/2-bhk-bedroom-apartment-flat-for-sale-in-kudasan-gandhinagar-2232-sqft-spid-F90210510,2.0,2.0,1.0,4.0,14.0,unfurnished,Kudasan,East,New,1,False,False,True,apartment,0.0,0.0,4.795790545596741,2.0,5376.0
"3 BHK Flatin Kudasan, Gandhinagar","Kudasan, Gandhinagar",129.0,4550.0,2835.0,"This is a east-Facing property. Constructed on a super built up area of 2835 sq.Ft., the flat comprises 3 bedroom(s), 3 bathrooms and 1 balcony. This flat is situated on the 12th floor of this 13 floors tall residential building. This is a ready to move project and the property is 1-5 years old. The vitrified flooring of this flat is beautifully designed and helps to give it a pleasing look. Th...",https://www.99acres.com/3-bhk-bedroom-apartment-flat-for-sale-in-shivalay-sharnam-kudasan-gandhinagar-2835-sqft-spid-N90783482,3.0,3.0,1.0,12.0,13.0,unfurnished,Kudasan,East,1-5 years,1,False,False,True,apartment,0.0,0.0,4.867534450455582,3.0,4550.0
"3 BHK Flatin Kudasan, Gandhinagar","Kudasan, Gandhinagar",141.0,6266.0,2250.0,"This is a east-Facing property. The floor plan additionally contains 3 bedroom(s), 3 bathrooms and 1 balcony. All in all, the flat is spread over a super built up area of 2250 sq.Ft. The flat has a total of 6 floors and this property is situated on 2nd floor. This is a ready to move project and the property is 1-5 years old. The floor of this flat is beautifully designed using vitrified floorin...",https://www.99acres.com/3-bhk-bedroom-apartment-flat-for-sale-in-mahalaxmi-royal-palace-kudasan-gandhinagar-2250-sqft-spid-G90879552,3.0,3.0,1.0,2.0,6.0,unfurnished,Kudasan,East,1-5 years,1,False,False,True,apartment,0.0,0.0,4.955827057601261,3.0,6267.0
"2 BHK Flatin Kudasan, Gandhinagar","Kudasan, Gandhinagar",62.0,4593.0,1350.0,"This property in kudasan, gandhinagar is a ready-To-Move residential apartment community by uma projects offering thoughtfully designed 2 bhk and 3 bhk homes. Set in a calm and accessible locality, it combines comfort with practical living spaces. The society features landscaped gardens, childrens play areas, clubhouse and security provisions. With excellent connectivity to podar international ...",https://www.99acres.com/2-bhk-bedroom-apartment-flat-for-sale-in-uma-mahalaxmi-4-kudasan-gandhinagar-1350-sqft-r1-spid-X88640570,2.0,2.0,1.0,,,semi-furnished,Kudasan,,New,1,False,False,True,apartment,7.0,1.0,4.143134726391533,2.0,4593.0
"3 BHK Flatin Kudasan, Gandhinagar","Kudasan, Gandhinagar",145.0,5498.0,2637.0,"The floor plan additionally contains 3 bedroom(s), 3 bathrooms and 3 balconies. All in all, the flat is spread over a super built up area of 2637 sq.Ft. The flat has a total of 7 floors and this property is situated on 4th floor. This is a ready to move project and the property is 1-5 years old. The society is well equipped with many modern amenities, including swimming pool, fitness centre / g...",https://www.99acres.com/3-bhk-bedroom-apartment-flat-for-sale-in-shivalay-parisar-kudasan-gandhinagar-2637-sqft-spid-T90543098,3.0,3.0,3.0,4.0,7.0,,Kudasan,,1-5 years,1,False,False,True,apartment,5.0,0.0,4.983606621708336,3.0,5499.0
"3 BHK Flatin Koba, Gandhinagar","Koba, Gandhinagar",120.0,5333.0,2250.0,"The flat is facing the north-East direction. The flat occupies a super built up area of 2250 sq.Ft. That consists of 3 bedrooms, 3 bathrooms and 1 balcony. This flat lies on the 8th level of a 9 storey building. As the project is already ready to move, so you can easily move into this 1-5 years old property. The floor of this flat is beautifully designed using vitrified flooring, giving the fla...",https://www.99acres.com/3-bhk-bedroom-apartment-flat-for-sale-in-saamarth-heaven-5-koba-gandhinagar-2250-sqft-spid-J90922894,3.0,3.0,1.0,8.0,9.0,unfurnished,Koba,North-East,1-5 years,1,False,False,True,apartment,0.0,0.0,4.795790545596741,3.0,5333.0
"3 BHK Flatin Sargasan, Gandhinagar","Sargasan, Gandhinagar",111.0,4501.0,2466.0,"The flat is facing the south direction. The flat is over 274 sq.Yards carpet area and comes with 3 bedroom(s), 3 bathrooms and 2 balconies. The property is located on the 1st floor of a 13 floors tall building. Being a ready to move project, you can expect immediate possession of this 0-1 year old property. The flat comes well built with vitrified flooring options. The flat will offer a modern ...",https://www.99acres.com/3-bhk-bedroom-apartment-flat-for-sale-in-sargasan-gandhinagar-2466-sqft-r1-spid-Y88733324,3.0,3.0,2.0,1.0,13.0,semi-furnished,Sargasan,South,New,1,False,True,False,apartment,0.0,0.0,4.718498871295094,3.0,4501.0
"3 BHK Flatin Kudasan, Gandhinagar","Kudasan, Gandhinagar",78.0,3939.0,1980.0,"This property in kudasan, gandhinagar is a well-Located residential project offering quality housing with modern conveniences and serene surroundings. Strategically positioned in urjanagar 1, it provides seamless connectivity to major roads and nearby localities, enhancing daily commute and accessibility. The community features well-Designed flats, ready-To-Move options, and essential amenities...",https://www.99acres.com/3-bhk-bedroom-apartment-flat-for-sale-in-kudasan-gandhinagar-1980-sqft-r1-spid-W88630582,3.0,3.0,1.0,,,,Kudasan,,Unknown,1,False,False,True,apartment,0.0,0.0,4.3694478524670215,3.0,3939.0
"2 BHK Flatin Vavol, Gandhinagar","Vavol, Gandhinagar",60.0,5510.0,1089.0,"The shreeji homes flat is over 121 sq.Yards super built up area and comes with 2 bedrooms, 2 bathrooms and 2 balconies. This flat lies on the 1st level of a 3 storey building. This 10 years old property is available for immediate possession as the project is ready to move. Na/noc available.",https://www.99acres.com/2-bhk-bedroom-apartment-flat-for-sale-in-vavol-gandhinagar-1089-sqft-spid-M90644556,2.0,2.0,2.0,1.0,3.0,,Vavol,,10-20 years,1,False,False,True,apartment,0.0,0.0,4.110873864173311,2.0,5510.0
"3 BHK Flatin Raysan, Gandhinagar","Raysan, Gandhinagar",125.0,5490.0,2277.0,"The satvan bellevue flat occupies a super built up area of 253 sq.Yards that consists of 3 bedrooms, 3 bathrooms and 2 balconies. This flat is situated on the 8th floor of this 9 floors tall residential building. As the project is already ready to move, so you can easily move into this 2 years old property. Na/noc available.",https://www.99acres.com/3-bhk-bedroom-apartment-flat-for-sale-in-satvan-bellevue-raysan-gandhinagar-2277-sqft-spid-I90702252,3.0,3.0,2.0,8.0,9.0,,Raysan,,Unknown,1,False,False,True,apartment,0.0,0.0,4.836281906951478,3.0,5490.0
"3 BHK Flatin Kudasan, Gandhinagar","Kudasan, Gandhinagar",110.0,10091.0,1090.0,"The flat is facing the east direction. Constructed on a carpet area of 1090 sq.Ft., the flat comprises 3 bedroom(s), 3 bathrooms and 1 balcony. This flat lies on the 2nd level of a 7 storey building. As the project is already ready to move, so you can easily move into this 1-5 years old property. The beautifully designed vitrified flooring enhances the beauty of the flat. Moreover, this propert...",https://www.99acres.com/3-bhk-bedroom-apartment-flat-for-sale-in-shreedhar-bhakti-kudasan-gandhinagar-1090-sqft-spid-J90664988,3.0,3.0,1.0,2.0,7.0,unfurnished,Kudasan,East,1-5 years,1,False,True,False,apartment,0.0,0.0,4.709530201312334,3.0,10092.0
"3 BHK Flatin Randesan, Gandhinagar","Randesan, Gandhinagar",80.0,4678.0,1710.0,"The maruti meghnam flat occupies a super built up area of 190 sq.Yards that consists of 3 bedrooms, 3 bathrooms and 1 balcony. The residential building has 4 floors in total and the flat for sale is located on the top floor. This 12 years old property is available for immediate possession as the project is ready to move.",https://www.99acres.com/3-bhk-bedroom-apartment-flat-for-sale-in-md-maruti-magnum-randesan-gandhinagar-1710-sqft-spid-T90306894,3.0,3.0,1.0,,4.0,,Randesan,,Unknown,1,False,False,True,apartment,0.0,0.0,4.394449154672439,3.0,4678.0
"2 BHK Flatin Kudasan, Gandhinagar","Kudasan, Gandhinagar",52.0,6280.0,828.0,"This society, kudasan is a well-Planned residential society offering a peaceful and comfortable lifestyle. The project features thoughtfully designed flats with good ventilation, natural light, and quality construction. Located in a prime area of kudasan, the society enjoys excellent connectivity to gandhinagar, sargasan, and major city roads. Daily essentials, schools, colleges, hospitals, and...",https://www.99acres.com/2-bhk-bedroom-apartment-flat-for-sale-in-kudasan-gandhinagar-828-sqft-r1-spid-C88635650,2.0,2.0,1.0,,,,Kudasan,,Unknown,1,False,True,False,apartment,0.0,10.0,3.970291913552122,2.0,6280.0
"3 BHK Flatin Kudasan, Gandhinagar","Kudasan, Gandhinagar",85.0,4794.0,1773.0,"Akshat heaven in kudasan, gandhinagar is a well-Located ready-To-Move residential project offering spacious 2 bhk and 3 bhk apartments designed for modern family living. The society features landscaped gardens, childrens play areas, lift, power backup, cctv security and ample parking. Situated close to schools like podar international school and essential amenities, it combines comfort with pra...",https://www.99acres.com/3-bhk-bedroom-apartment-flat-for-sale-in-kudasan-gandhinagar-1773-sqft-r1-spid-D88681112,2.0,2.0,1.0,,,unfurnished,Kudasan,,New,1,False,False,True,apartment,8.0,1.0,4.454347296253507,3.0,4794.0
"3 BHK Flatin Kudasan, Gandhinagar","Kudasan, Gandhinagar",139.0,4833.0,2880.0,"The grasslands is a premium residential project located in kudasan, gandhinagar, developed by nakshatra group & samved group. It is designed to offer a luxurious lifestyle with maximum open green space and modern architecture, making it one of the most attractive high-End projects in the area. Key highlights Configuration: 3 bhk & 4 bhk luxury apartments Size range: Approx. 1358 to 3080 sq.Ft. ...",https://www.99acres.com/3-bhk-bedroom-apartment-flat-for-sale-in-the-grasslands-kudasan-gandhinagar-2880-sqft-spid-O90302400,3.0,3.0,1.0,,,,Kudasan,,New,1,False,False,True,apartment,0.0,0.0,4.941642422609304,3.0,4826.0
"2 BHK Flatin Kudasan, Gandhinagar","Kudasan, Gandhinagar",65.0,4980.0,1305.0,"The flat is facing the east direction. Containing 2 bedroom(s), 2 bathrooms and 1 balcony, this flat is spread over a super built up area of 1305 sq.Ft. The property is located on the 2nd floor of a 7 floors tall building. This is a ready to move project and the property is 1-5 years old. The well built marble flooring enhances the aesthetic appeal of this flat. Shree ugati heights is designed ...",https://www.99acres.com/2-bhk-bedroom-apartment-flat-for-sale-in-shree-ugati-heights-kudasan-gandhinagar-1305-sqft-spid-I90153374,2.0,2.0,1.0,2.0,7.0,unfurnished,Kudasan,East,1-5 years,1,False,False,True,apartment,0.0,0.0,4.189654742026425,2.0,4981.0
"3 BHK Flatin Sargasan, Gandhinagar","Sargasan, Gandhinagar",120.0,5188.0,2313.0,"This property faces the north-East direction. Containing 3 bedroom(s), 3 bathrooms and 1 balcony, this flat is spread over a carpet area of 257 sq.Yards. The property is located on the 5th floor of a 14 floors tall building. Being a ready to move project, you can expect immediate possession of this 1-5 years old property. The well built ceramic flooring enhances the aesthetic appeal of this fla...",https://www.99acres.com/3-bhk-bedroom-apartment-flat-for-sale-in-vinayak-sapphire-sargasan-gandhinagar-2313-sqft-spid-J89832344,3.0,3.0,1.0,5.0,14.0,unfurnished,Sargasan,North-East,1-5 years,1,False,True,False,apartment,0.0,0.0,4.795790545596741,3.0,5188.0
"3 BHK Flatin Kudasan, Gandhinagar","Kudasan, Gandhinagar",79.6,4444.0,1791.0,"Aayunam green residential project in gandhinagar, gujarat Aayunam green is a thoughtfully planned residential project located in gandhinagar, gujarat, designed to offer comfortable, modern living with a strong focus on green spaces, quality construction, and contemporary lifestyle amenities. It is ideal for families, working professionals, and people looking for a serene yet well-Connected home...",https://www.99acres.com/3-bhk-bedroom-apartment-flat-for-sale-in-ayunam-greens-kudasan-gandhinagar-1791-sqft-spid-S88739522,3.0,3.0,1.0,,,,Kudasan,,Unknown,1,False,False,True,apartment,0.0,0.0,4.389498649512583,3.0,4444.0
"2 BHK Flatin Urjanagar 1, Randesan, Gandhinagar","Urjanagar 1, Randesan, Gandhinagar",57.0,6690.0,852.0,"The flat is east-Facing. The floor plan additionally contains 2 bedroom(s), 2 bathrooms and 1 balcony. All in all, the flat is spread over a carpet area of 852 sq.Ft. The flat has a total of 7 floors and this property is situated on 1st floor. This is a ready to move project and the property is 5-10 years old. The well built vitrified flooring enhances the aesthetic appeal of this flat. All the...",https://www.99acres.com/2-bhk-bedroom-apartment-flat-for-sale-in-shukan-silver-urjanagar-1-gandhinagar-852-sqft-spid-U90757956,2.0,2.0,1.0,1.0,7.0,unfurnished,Randesan,East,5-10 years,1,False,True,False,apartment,0.0,0.0,4.060443010546419,2.0,6690.0
"3 BHK Flatin Urjanagar 1, Randesan, Gandhinagar","Urjanagar 1, Randesan, Gandhinagar",75.0,6410.0,1665.0,"Looking for a 3 bhk property for sale in gandhinagar? Buy this 3 bhk flat in shukan silver that is situated in urjanagar 1, gandhinagar. This residential flat is east-Facing direction. The flat is over 130 sq.Ft. Carpet area and comes with 3 bedroom(s), 3 bathrooms and 2 balconies. The residential building has 8 floors in total and the flat for sale is located on the 2nd floor. An added advanta...",https://www.99acres.com/3-bhk-bedroom-apartment-flat-for-sale-in-shukan-silver-urjanagar-1-gandhinagar-1665-sqft-r1-spid-Y86656544,3.0,3.0,2.0,2.0,8.0,,Randesan,East,New,1,False,False,False,apartment,0.0,0.0,4.330733340286331,3.0,4505.0
"2 BHK Flatin Sargasan, Gandhinagar","Sargasan, Gandhinagar",79.0,4987.0,1584.0,"The shree rang neno city 2 flat occupies a super built up area of 176 sq.Yards that consists of 2 bedrooms, 2 bathrooms . The property is located on the top floor of a 5 floors tall building. This 10 years old property is available for immediate possession as the project is ready to move.",https://www.99acres.com/2-bhk-bedroom-apartment-flat-for-sale-in-sargasan-gandhinagar-1584-sqft-spid-N90936662,2.0,2.0,1.0,,5.0,,Sargasan,,10-20 years,1,False,False,True,apartment,0.0,0.0,4.382026634673881,2.0,4987.0
"3 BHK Flatin Sargasan, Gandhinagar","Sargasan, Gandhinagar",105.0,4453.0,2358.0,"This is a east-Facing property. Constructed on a carpet area of 262 sq.Yards, the flat comprises 3 bedroom(s), 3 bathrooms and 1 balcony. This flat lies on the 4th level of a 13 storey building. Being a ready to move project, you can expect immediate possession of this 0-1 year old property. The floor of this flat is beautifully designed using ceramic flooring, giving the flat an alluring look....",https://www.99acres.com/3-bhk-bedroom-apartment-flat-for-sale-in-madhav-shivanjali-imperia-sargasan-gandhinagar-2358-sqft-spid-T91092592,3.0,3.0,1.0,4.0,13.0,unfurnished,Sargasan,East,New,1,False,True,False,apartment,0.0,0.0,4.663439094112067,3.0,4453.0
"3 BHK Flatin Kudasan, Gandhinagar","Kudasan, Gandhinagar",184.0,10592.0,2637.0,"A spacious 100 sq. Yard terrace penthouse offering panoramic city views. The property features an open-Plan living area, ample natural light, and a private terrace ideal for entertaining. Perfect for those seeking luxury living in a compact yet elegant space. Containing 3 bedroom(s), 3 bathrooms and 3 balconies, this flat is spread over a super built up area of 2637 sq.Ft. The residential build...",https://www.99acres.com/3-bhk-bedroom-apartment-flat-for-sale-in-shivalay-parisar-kudasan-gandhinagar-2637-sqft-spid-P90540222,3.0,3.0,3.0,,,,Kudasan,,New,1,False,False,True,penthouse,0.0,0.0,5.220355825078324,3.0,6978.0
"3 BHK Flatin Randesan, Gandhinagar","Randesan, Gandhinagar",85.6,4284.0,1998.0,"The flat the skylark is over 222 sq.Yards super built up area and comes with 3 bedroom(s), 3 bathrooms and 1 balcony. This flat is situated on the 5th floor of this 13 floors tall residential building. Being a ready to move project, you can expect immediate possession of this 1 year old property. The flat will offer a modern lifestyle as it is presented with many of the amenities such as fitnes...",https://www.99acres.com/3-bhk-bedroom-apartment-flat-for-sale-in-the-skylark-randesan-gandhinagar-1998-sqft-spid-Q90281740,3.0,3.0,1.0,5.0,13.0,,Randesan,,New,1,False,False,True,apartment,6.0,0.0,4.461299815568389,3.0,4284.0
"3 BHK Flatin Sargasan, Gandhinagar","Sargasan, Gandhinagar",85.0,3346.0,2540.2804,"The flat is facing the east direction. Containing 3 bedroom(s), 3 bathrooms and 3 balconies, this flat is spread over a built up area of 236 sq.Ft. The residential building has 9 floors in total and the flat for sale is located on the 8th floor. This is a ready to move project and the property is 1-5 years old. The flat comes well built with vitrified flooring options. This flat is located near...",https://www.99acres.com/3-bhk-bedroom-apartment-flat-for-sale-in-shubhaarambh-shilp-serenity-sargasan-gandhinagar-236-sqft-spid-C89715960,3.0,3.0,3.0,8.0,9.0,semi-furnished,Sargasan,East,1-5 years,1,True,False,False,apartment,2.0,10.0,4.454347296253507,3.0,3346.0
"4 BHK Flatin Sargasan, Gandhinagar","Sargasan, Gandhinagar",325.0,11607.0,2800.0,"This is a east-Facing property. The floor plan additionally contains 4 bedroom(s), 6 bathrooms and 1 balcony. All in all, the flat is spread over a carpet area of 2800 sq.Ft. The flat has a total of 7 floors and this property is situated on 1st floor. This 1-5 years old property is available for immediate possession as the project is ready to move. The well built others flooring enhances the ae...",https://www.99acres.com/4-bhk-bedroom-apartment-flat-for-sale-in-siddhraj-z-plus-sargasan-gandhinagar-2800-sqft-spid-D89554432,4.0,5.0,3.0,1.0,7.0,unfurnished,Sargasan,East,1-5 years,1,False,True,False,apartment,0.0,0.0,5.786897381366708,4.0,11607.0
"3 BHK Flatin Sargasan, Gandhinagar","Sargasan, Gandhinagar",75.0,9475.0,791.0,"The flat is facing the east direction. Constructed on a carpet area of 74 sq.M., the flat comprises 3 bedroom(s), 3 bathrooms and 1 balcony. This flat is situated on the 7th floor of this 11 floors tall residential building. This is a ready to move project and the property is 0-1 year old. The vitrified flooring of this flat is beautifully designed and helps to give it a pleasing look. All the ...",https://www.99acres.com/3-bhk-bedroom-apartment-flat-for-sale-in-shreeji-sahajanand-shayona-sargasan-gandhinagar-792-sqft-spid-G88471194,3.0,3.0,1.0,7.0,11.0,unfurnished,Sargasan,East,New,1,False,True,False,apartment,0.0,0.0,4.330733340286331,3.0,9482.0
"3 BHK Flatin Raysan, Gandhinagar","Raysan, Gandhinagar",150.0,9529.0,1574.0,"This property faces the east direction. The flat occupies a carpet area of 1574 sq.Ft. That consists of 3 bedrooms, 3 bathrooms and 1 balcony. The property is located on the 1st floor of a 12 floors tall building. An added advantage of this 0-1 year old flat is that it is available for immediate possession as the project is already ready to move. The well built vitrified flooring enhances the a...",https://www.99acres.com/3-bhk-bedroom-apartment-flat-for-sale-in-saamarth-h7-raysan-gandhinagar-1574-sqft-spid-T90805510,3.0,3.0,1.0,1.0,12.0,unfurnished,Raysan,East,New,1,False,True,False,apartment,0.0,0.0,5.017279836814924,3.0,9530.0
"3 BHK Flatin Sargasan, Gandhinagar","Sargasan, Gandhinagar",110.0,5135.0,2142.0,"The floor plan additionally contains 3 bedroom(s), 3 bathrooms and 1 balcony. All in all, the flat is spread over a super built up area of 2142 sq.Ft. The property is located on the 4th floor of a 5 floors tall building. This is a ready to move project and the property is 1-5 years old. The beautifully designed vitrified flooring enhances the beauty of the flat. The society is well equipped wit...",https://www.99acres.com/3-bhk-bedroom-apartment-flat-for-sale-in-hari-aalayam-sargasan-gandhinagar-2142-sqft-spid-H90662904,3.0,3.0,1.0,4.0,5.0,unfurnished,Sargasan,,1-5 years,1,False,False,True,apartment,0.0,0.0,4.709530201312334,3.0,5135.0
"4 BHK Flatin Koba, Gandhinagar","Koba, Gandhinagar",220.00000000000003,4988.0,4410.0,,https://www.99acres.com/4-bhk-bedroom-apartment-flat-for-sale-in-as-asteria-koba-gandhinagar-4410-sqft-r3-spid-A82608346,4.0,4.0,2.0,,,,Koba,,Unknown,1,True,False,False,apartment,,,5.398162701517753,4.0,4989.0
"3 BHK Flatin Koba, Gandhinagar","Koba, Gandhinagar",155.0,6849.0,2263.0,Very beautiful society and huge size is 3bhk and all modern amenities in this society and near to gift city and metro station,https://www.99acres.com/3-bhk-bedroom-apartment-flat-for-sale-in-as-asteria-koba-gandhinagar-2263-sqft-spid-B90624586,3.0,3.0,1.0,,,,Koba,,New,1,False,True,False,apartment,0.0,8.0,5.049856007249537,3.0,6849.0
"3 BHK Flatin Raysan, Gandhinagar","Raysan, Gandhinagar",130.0,5158.0,2520.0,Very beautiful society and like resort living and all modern amenities in this society and near to metro station and gift city,https://www.99acres.com/3-bhk-bedroom-apartment-flat-for-sale-in-vinayak-courtyard-raysan-gandhinagar-2520-sqft-spid-R90624454,3.0,3.0,1.0,,,,Raysan,,Unknown,1,False,False,True,apartment,0.0,8.0,4.875197323201151,3.0,5159.0
"3 BHK Flatin Kudasan, Gandhinagar","Kudasan, Gandhinagar",95.0,5149.0,1845.0,"The flat is east-Facing. The floor plan additionally contains 3 bedroom(s), 3 bathrooms and 1 balcony. All in all, the flat is spread over a super built up area of 1845 sq.Ft. The residential building has 5 floors in total and the flat for sale is located on the 2nd floor. As the project is already ready to move, so you can easily move into this 10+ years old property. The beautifully designed ...",https://www.99acres.com/3-bhk-bedroom-apartment-flat-for-sale-in-shreenath-homes-kudasan-gandhinagar-1845-sqft-spid-D90690758,3.0,3.0,1.0,2.0,5.0,unfurnished,Kudasan,East,10-20 years,1,False,False,True,apartment,0.0,0.0,4.564348191467836,3.0,5149.0
"3 BHK Flatin Kudasan, Gandhinagar","Kudasan, Gandhinagar",82.0,6507.0,1260.0,"The flat is over 1260 sq.Ft. Carpet area and comes with 3 bedroom(s), 3 bathrooms and 1 balcony. The property is located on the 4th floor of a 8 floors tall building. As the project is already ready to move, so you can easily move into this 5-10 years old property. Fix furnished with modular kitchen, sofa set, fix ward robe, bed . Well maintain flat and society, prime location, society has a ga...",https://www.99acres.com/3-bhk-bedroom-apartment-flat-for-sale-in-kudasan-gandhinagar-1260-sqft-spid-T88713296,3.0,3.0,1.0,4.0,8.0,furnished,Kudasan,,5-10 years,1,False,False,False,apartment,0.0,0.0,4.418840607796598,3.0,6508.0
"2 BHK Flatin Vavol, Gandhinagar","Vavol, Gandhinagar",49.5,4471.0,1107.0,"The flat is east-Facing. Containing 2 bedroom(s), 2 bathrooms and 3 balconies, this flat is spread over a carpet area of 1107 sq.Ft. The flat has a total of 7 floors and this property is situated on top floor. Being a ready to move project, you can expect immediate possession of this 1-5 years old property. The floor of this flat is beautifully designed using ceramic flooring, giving the flat a...",https://www.99acres.com/2-bhk-bedroom-apartment-flat-for-sale-in-radhe-vrundavan-residency-vavol-gandhinagar-1107-sqft-r2-spid-L76565921,2.0,2.0,3.0,,7.0,unfurnished,Vavol,East,1-5 years,1,False,True,False,apartment,0.0,0.0,3.9219733362813143,2.0,4472.0
"3 BHK Flatin Sargasan, Gandhinagar","Sargasan, Gandhinagar",77.0,4331.0,1845.0,"The flat is facing the north-East direction. The flat occupies a built up area of 205 sq.Yards that consists of 3 bedrooms, 3 bathrooms and 2 balconies. This flat is situated on the 2nd floor of this 5 floors tall residential building. As the project is already ready to move, so you can easily move into this 5-10 years old property. The ceramic flooring of this flat is beautifully designed and ...",https://www.99acres.com/3-bhk-bedroom-apartment-flat-for-sale-in-sthapan-apartments-sargasan-gandhinagar-1845-sqft-spid-M90541100,3.0,3.0,2.0,2.0,5.0,unfurnished,Sargasan,North-East,5-10 years,1,True,False,False,apartment,2.0,0.0,4.356708826689592,3.0,4173.0
"2 BHK Flatin Kudasan, Gandhinagar","Kudasan, Gandhinagar",65.0,6989.0,930.0,"The flat is facing the north-East direction. The flat occupies a carpet area of 930 sq.Ft. That consists of 2 bedrooms, 2 bathrooms . The flat has a total of 8 floors and this property is situated on 5th floor. As the project is already ready to move, so you can easily move into this 5-10 years old property. The well built ceramic flooring enhances the aesthetic appeal of this flat. The society...",https://www.99acres.com/2-bhk-bedroom-apartment-flat-for-sale-in-shree-ugati-heights-kudasan-gandhinagar-930-sqft-spid-D89937030,2.0,2.0,1.0,5.0,8.0,unfurnished,Kudasan,North-East,5-10 years,1,False,True,False,apartment,0.0,0.0,4.189654742026425,2.0,6989.0
"3 BHK Flatin Kudasan, Gandhinagar","Kudasan, Gandhinagar",103.0,4975.0,2070.0,"Just ready possession ,the flat is over 2070 sq.Ft. Built up area and comes with 3 bedroom(s), 3 bathrooms and 1 balcony. This flat is situated on the 4th floor of this 7 floors tall residential building. This is a ready to move project . Located in kudasan service road, project around all greenery view , low rise scheme, gated community with security Power backup & fire safety Garden, children...",https://www.99acres.com/3-bhk-bedroom-apartment-flat-for-sale-in-kudasan-gandhinagar-2070-sqft-spid-G90293054,3.0,3.0,1.0,4.0,7.0,unfurnished,Kudasan,,New,1,True,False,False,apartment,12.0,0.0,4.6443908991413725,3.0,4976.0
"3 BHK Flatin Kudasan, Gandhinagar","Kudasan, Gandhinagar",90.0,4878.0,1845.0,"The project is newly constructed 3bhk. Total unit of 216 in the society. The apartment is having appox. 1000 sq ft private terrace . You can get access from every bedroom, balcony to garden space. It is spacious road facing apartment with extra space.. Property highlights: Spacious 3 bhk flat with modern layout Exclusive private open terrace approx. 1000 sq. Ft. (Ideal for garden, parties, yoga...",https://www.99acres.com/3-bhk-bedroom-apartment-flat-for-sale-in-labh-vardhan-kudasan-gandhinagar-1845-sqft-spid-F89005038,3.0,3.0,1.0,,,unfurnished,Kudasan,Other,New,1,False,False,True,apartment,2.0,0.0,4.51085950651685,3.0,4878.0
"3 BHK Flatin Kudasan, Gandhinagar","Kudasan, Gandhinagar",155.0,6331.0,2448.0,"This property faces the east direction. The floor plan additionally contains 3 bedroom(s), 3 bathrooms and 1 balcony. All in all, the flat is spread over a super built up area of 2448 sq.Ft. This flat lies on the 3rd level of a 9 storey building. As the project is already ready to move, so you can easily move into this 1-5 years old property. The vitrified flooring of this flat is beautifully d...",https://www.99acres.com/3-bhk-bedroom-apartment-flat-for-sale-in-keshav-aaradhyam-kudasan-gandhinagar-2448-sqft-spid-Y90293180,3.0,3.0,1.0,3.0,9.0,unfurnished,Kudasan,East,1-5 years,1,False,False,True,apartment,0.0,0.0,5.049856007249537,3.0,6332.0
"3 BHK Flatin Kudasan, Gandhinagar","Kudasan, Gandhinagar",72.0,4040.0,1782.0,"This is a east-Facing property. The flat occupies a super built up area of 1782 sq.Ft. That consists of 3 bedrooms, 3 bathrooms and 1 balcony. The flat has a total of 8 floors and this property is situated on 2nd floor. Being a ready to move project, you can expect immediate possession of this 5-10 years old property. The beautifully designed vitrified flooring enhances the beauty of the flat.",https://www.99acres.com/3-bhk-bedroom-apartment-flat-for-sale-in-shree-krishna-sunshine-heights-2-kudasan-gandhinagar-1782-sqft-spid-H90362248,3.0,3.0,1.0,2.0,8.0,unfurnished,Kudasan,East,5-10 years,1,False,False,True,apartment,0.0,0.0,4.290459441148391,3.0,4040.0
"2 BHK Flatin Sargasan, Gandhinagar","Sargasan, Gandhinagar",65.0,4913.0,1323.0,"The flat is east-Facing. The floor plan additionally contains 2 bedroom(s), 2 bathrooms and 1 balcony. All in all, the flat is spread over a super built up area of 147 sq.Yards. This flat lies on the 7th level of a 11 storey building. An added advantage of this 1-5 years old flat is that it is available for immediate possession as the project is already ready to move. The well built vitrified f...",https://www.99acres.com/2-bhk-bedroom-apartment-flat-for-sale-in-sargasan-gandhinagar-1323-sqft-spid-V90790072,2.0,2.0,1.0,7.0,11.0,unfurnished,Sargasan,East,1-5 years,1,False,False,True,apartment,0.0,0.0,4.189654742026425,2.0,4913.0
"2 BHK Flatin Gift City, Gandhinagar","Gift City, Gandhinagar",140.0,12785.0,1095.0,"This society is new and rady to move and live location,this society nr by school ,collage ,hospital ,gym ,club etc",https://www.99acres.com/2-bhk-bedroom-apartment-flat-for-sale-in-sobha-dream-heights-gift-city-gandhinagar-1095-sqft-spid-X89338527,2.0,2.0,1.0,,,,Gift City,,New,1,False,False,True,apartment,0.0,2.0,4.948759890378168,2.0,12785.0
"3 BHK Flatin Randesan, Gandhinagar","Randesan, Gandhinagar",129.0,5733.0,2250.0,"Situated in randesan, gandhinagar, manorath lifestyle is a well planned society that offers a pleasant living experience to its residents. This 3 bhk flat in gandhinagar is your opportunity to be a part of this community. This property faces the east direction. Constructed on a super built up area of 2250 sq.Ft., the flat comprises 3 bedroom(s), 3 bathrooms and 1 balcony. The residential buildi...",https://www.99acres.com/3-bhk-bedroom-apartment-flat-for-sale-in-randesan-gandhinagar-2250-sqft-r1-spid-W87877566,3.0,3.0,1.0,,,unfurnished,Randesan,East,New,1,False,False,True,apartment,0.0,0.0,4.867534450455582,3.0,5733.0
"2 BHK Flatin Randheja, Gandhinagar","Randheja, Gandhinagar",51.0,3434.0,1485.0,"The flat is east-Facing. The flat is over 165 sq.Yards super built up area and comes with 2 bedroom(s), 2 bathrooms and 1 balcony. The flat has a total of 7 floors and this property is situated on 3rd floor. This 0-1 year old property is available for immediate possession as the project is ready to move. The beautifully designed vitrified flooring enhances the beauty of the flat. All the modern...",https://www.99acres.com/2-bhk-bedroom-apartment-flat-for-sale-in-randheja-gandhinagar-1485-sqft-spid-D90532266,2.0,2.0,1.0,3.0,7.0,unfurnished,Randheja,East,New,1,False,False,True,apartment,0.0,0.0,3.9512437185814275,2.0,3434.0
"3 BHK Flatin Raysan, Gandhinagar","Raysan, Gandhinagar",120.0,8293.0,1447.0,"Containing 3 bedroom(s), 3 bathrooms and 1 balcony, this flat is spread over a carpet area of 1447 sq.Ft. This flat is situated on the 4th floor of this 9 floors tall residential building. As the project is already ready to move, so you can easily move into this 1-5 years old property. Cool space between flats, well maintain with furnished, rooms are very speacious , parking facilities are very...",https://www.99acres.com/3-bhk-bedroom-apartment-flat-for-sale-in-raysan-gandhinagar-1447-sqft-spid-W88740598,3.0,3.0,1.0,4.0,9.0,furnished,Raysan,,1-5 years,1,False,True,False,apartment,0.0,0.0,4.795790545596741,3.0,8293.0
"3 BHK Flatin Kudasan, Gandhinagar","Kudasan, Gandhinagar",80.0,4444.0,1800.0,3bhk semi furnished flat on sell in kudasan. 100 person white patment exepted.,https://www.99acres.com/3-bhk-bedroom-apartment-flat-for-sale-in-shukan-heights-kudasan-gandhinagar-1800-sqft-spid-F89488294,3.0,3.0,1.0,,,semi-furnished,Kudasan,,New,1,False,False,True,apartment,0.0,0.0,4.394449154672439,3.0,4444.0
"3 BHK Flatin Kudasan, Gandhinagar","Kudasan, Gandhinagar",85.0,6995.0,1215.0,"The floor plan additionally contains 3 bedroom(s), 3 bathrooms and 1 balcony. All in all, the flat is spread over a carpet area of 1215 sq.Ft. The residential building has 7 floors in total and the flat for sale is located on the 2nd floor. An added advantage of this 1-5 years old flat is that it is available for immediate possession as the project is already ready to move. Very spacious, morni...",https://www.99acres.com/3-bhk-bedroom-apartment-flat-for-sale-in-shubh-saral-heights-kudasan-gandhinagar-1215-sqft-spid-D88738332,3.0,3.0,1.0,2.0,7.0,,Kudasan,,1-5 years,1,False,True,False,apartment,0.0,0.0,4.454347296253507,3.0,6996.0
"2 BHK Flatin Sargasan, Gandhinagar","Sargasan, Gandhinagar",65.0,4514.0,1440.0,"This property faces the north-East direction. The flat is over 160 sq.Yards carpet area and comes with 2 bedroom(s), 2 bathrooms and 1 balcony. This flat lies on the 9th level of a 11 storey building. This is a ready to move project and the property is 1-5 years old. The ceramic flooring of this flat is beautifully designed and helps to give it a pleasing look. The society complex is in the clo...",https://www.99acres.com/2-bhk-bedroom-apartment-flat-for-sale-in-sargasan-gandhinagar-1440-sqft-spid-N90274910,2.0,2.0,1.0,9.0,11.0,unfurnished,Sargasan,North-East,1-5 years,1,False,True,False,apartment,0.0,0.0,4.189654742026425,2.0,4514.0
"2 BHK Flatin Sargasan, Gandhinagar","Sargasan, Gandhinagar",60.0,8474.0,708.0,"The flat is facing the north-East direction. Containing 2 bedroom(s), 2 bathrooms and 1 balcony, this flat is spread over a carpet area of 708 sq.Ft. The property is located on the 2nd floor of a 8 floors tall building. An added advantage of this 1-5 years old flat is that it is available for immediate possession as the project is already ready to move. The vitrified flooring of this flat is be...",https://www.99acres.com/2-bhk-bedroom-apartment-flat-for-sale-in-sargasan-gandhinagar-708-sqft-spid-I90723234,2.0,2.0,1.0,2.0,8.0,unfurnished,Sargasan,North-East,1-5 years,1,False,True,False,apartment,0.0,0.0,4.110873864173311,2.0,8475.0
"3 BHK Flatin Randheja, Gandhinagar","Randheja, Gandhinagar",68.0,4579.0,1485.0,"The polaris elina mansa flat occupies a super built up area of 165 sq.Yards that consists of 3 bedrooms, 3 bathrooms and 3 balconies. The residential building has 7 floors in total and the flat for sale is located on the 1st floor. This 3 years old property is available for immediate possession as the project is ready to move.",https://www.99acres.com/3-bhk-bedroom-apartment-flat-for-sale-in-polaris-elina-randheja-gandhinagar-1485-sqft-spid-N90789842,3.0,3.0,3.0,1.0,7.0,,Randheja,,Unknown,1,False,False,True,apartment,0.0,0.0,4.23410650459726,3.0,4579.0
"2 BHK Flatin Sargasan, Gandhinagar","Sargasan, Gandhinagar",60.0,4535.0,1323.0,"This is a east-Facing property. Containing 2 bedroom(s), 2 bathrooms and 1 balcony, this flat is spread over a super built up area of 147 sq.Yards. The flat has a total of 7 floors and this property is situated on 3rd floor. Being a ready to move project, you can expect immediate possession of this 1-5 years old property. The floor of this flat is beautifully designed using vitrified flooring, ...",https://www.99acres.com/2-bhk-bedroom-apartment-flat-for-sale-in-sargasan-gandhinagar-1323-sqft-spid-T90900470,2.0,2.0,1.0,3.0,7.0,unfurnished,Sargasan,East,1-5 years,1,False,False,True,apartment,0.0,0.0,4.110873864173311,2.0,4535.0
"2 BHK Flatin Kudasan, Gandhinagar","Kudasan, Gandhinagar",65.0,4913.0,1323.0,"This property faces the east direction. Containing 2 bedroom(s), 2 bathrooms and 1 balcony, this flat is spread over a super built up area of 147 sq.Yards. The property is located on the 3rd floor of a 5 floors tall building. Being a ready to move project, you can expect immediate possession of this 5-10 years old property. The flat comes well built with vitrified flooring options. Akshat heave...",https://www.99acres.com/2-bhk-bedroom-apartment-flat-for-sale-in-akshat-heaven-kudasan-gandhinagar-1323-sqft-spid-N90262770,2.0,2.0,1.0,3.0,5.0,semi-furnished,Kudasan,East,5-10 years,1,False,False,True,apartment,0.0,0.0,4.189654742026425,2.0,4913.0
"3 BHK Flatin Sargasan, Gandhinagar","Sargasan, Gandhinagar",105.0,5050.0,2079.0,"This is a east-Facing property. Containing 3 bedroom(s), 3 bathrooms and 1 balcony, this flat is spread over a carpet area of 231 sq.Yards. The property is located on the 2nd floor of a 7 floors tall building. As the project is already ready to move, so you can easily move into this 1-5 years old property. The ceramic flooring of this flat is beautifully designed and helps to give it a pleasing...",https://www.99acres.com/3-bhk-bedroom-apartment-flat-for-sale-in-sargasan-gandhinagar-2079-sqft-spid-I90849536,3.0,3.0,1.0,2.0,7.0,unfurnished,Sargasan,East,1-5 years,1,False,True,False,apartment,0.0,0.0,4.663439094112067,3.0,5051.0
"2 BHK Flatin Sargasan, Gandhinagar","Sargasan, Gandhinagar",60.0,4535.0,1323.0,"This is a east-Facing property. The floor plan additionally contains 2 bedroom(s), 2 bathrooms and 1 balcony. All in all, the flat is spread over a super built up area of 1323 sq.Ft. This flat is situated on the 3rd floor of this 5 floors tall residential building. An added advantage of this 5-10 years old flat is that it is available for immediate possession as the project is already ready to ...",https://www.99acres.com/2-bhk-bedroom-apartment-flat-for-sale-in-swagat-flamingo-sargasan-gandhinagar-1323-sqft-spid-X90161122,2.0,2.0,1.0,3.0,5.0,unfurnished,Sargasan,East,5-10 years,1,False,False,True,apartment,0.0,0.0,4.110873864173311,2.0,4535.0
"2 BHK Flatin Sargasan, Gandhinagar","Sargasan, Gandhinagar",68.0,8888.0,765.0,"This unfurnished 2bhk apartment at satvam parklane, sargasan, offers a pristine ""blank canvas"" for those who want to design their home exactly to their taste. Located on the third floor and priced at 68 lac, this flat is in excellent condition and represents a premium investment in one of gandhinagars most sought-After residential towers. The unfurnished status allows you the freedom to customi...",https://www.99acres.com/2-bhk-bedroom-apartment-flat-for-sale-in-sargasan-gandhinagar-765-sqft-spid-W88757798,2.0,2.0,1.0,3.0,,unfurnished,Sargasan,,New,1,False,True,False,apartment,0.0,0.0,4.23410650459726,2.0,8889.0
"3 BHK Flatin Randesan, Gandhinagar","Randesan, Gandhinagar",97.0,4491.0,2160.0,"The royal riviera flat is over 240 sq.Yards super built up area and comes with 3 bedroom(s), 3 bathrooms and more than 3 balconies. This flat lies on the 5th level of a 7 storey building. As the project is already ready to move, so you can easily move into this 0-1 year old property. Many of the modern amenities being offered, like fitness centre / gym, club house, cctv surveillance and lift(s)...",https://www.99acres.com/3-bhk-bedroom-apartment-flat-for-sale-in-royal-riviera-randesan-gandhinagar-2160-sqft-spid-L90080230,3.0,3.0,3.0,5.0,7.0,,Randesan,,New,1,False,False,True,apartment,6.0,0.0,4.584967478670572,3.0,4491.0
"4 BHK Flatin Uvarsad, Gandhinagar","Uvarsad, Gandhinagar",250.0,7246.0,3450.0,"The flat is facing the east direction. The floor plan additionally contains 4 bedroom(s), 4 bathrooms and more than 3 balconies. All in all, the flat is spread over a super built up area of 383 sq.Yards. The flat has a total of 7 floors and this property is situated on 5th floor. Being a ready to move project, you can expect immediate possession of this 0-1 year old property. The vitrified floo...",https://www.99acres.com/4-bhk-bedroom-apartment-flat-for-sale-in-megh-malhar-uvarsad-gandhinagar-3450-sqft-spid-C90013134,4.0,4.0,3.0,5.0,7.0,,Uvarsad,East,New,1,False,False,True,apartment,0.0,0.0,5.5254529391317835,4.0,7246.0
"2 BHK Flatin Kudasan, Gandhinagar","Kudasan, Gandhinagar",45.0,4464.0,1008.0,"This is a east-Facing property. Containing 2 bedroom(s), 2 bathrooms and 1 balcony, this flat is spread over a super built up area of 1008 sq.Ft. This flat is situated on the 1st floor of this 5 floors tall residential building. An added advantage of this 10+ years old flat is that it is available for immediate possession as the project is already ready to move. The well built vitrified floorin...",https://www.99acres.com/2-bhk-bedroom-apartment-flat-for-sale-in-sahjanand-city-kudasan-gandhinagar-1008-sqft-spid-N89861700,2.0,2.0,1.0,1.0,5.0,unfurnished,Kudasan,East,10-20 years,1,False,False,True,apartment,0.0,0.0,3.828641396489095,2.0,4464.0
"3 BHK Flatin Randesan, Gandhinagar","Randesan, Gandhinagar",85.0,6093.0,1800.0,"This premium 3bhk apartment, located on the highly desirable second floor of the prestigious shree rang oasis in randesan, gandhinagar, offers a perfect blend of luxury and strategic location. Priced at 85 lac, this residence is in impeccable condition and comes fully furnished, making it a truly ""plug-And-Play"" home for modern families or professionals working in the nearby tech hubs. The apar...",https://www.99acres.com/3-bhk-bedroom-apartment-flat-for-sale-in-randesan-gandhinagar-1800-sq-ft-spid-Y88771834,3.0,3.0,1.0,2.0,,furnished,Randesan,,New,1,False,False,True,apartment,0.0,0.0,4.454347296253507,3.0,4722.0
"3 BHK Flatin Sargasan, Gandhinagar","Sargasan, Gandhinagar",142.0,3661.0,3879.0,"The flat is north-East-Facing. The flat occupies a carpet area of 431 sq.Yards that consists of 3 bedrooms, 3 bathrooms and more than 3 balconies. The residential building has 14 floors in total and the flat for sale is located on the top floor. As the project is already ready to move, so you can easily move into this 0-1 year old property. The vitrified flooring of this flat is beautifully des...",https://www.99acres.com/3-bhk-bedroom-apartment-flat-for-sale-in-sargasan-gandhinagar-3879-sqft-spid-K90327396,3.0,3.0,3.0,,14.0,,Sargasan,North-East,New,1,False,True,False,apartment,0.0,0.0,4.962844630259907,3.0,3661.0
"2 BHK Flatin Koba, Gandhinagar","Koba, Gandhinagar",61.0,4198.0,1453.0,This scheme is new and rady to move and live location and rady to move,https://www.99acres.com/2-bhk-bedroom-apartment-flat-for-sale-in-shivansh-108-koba-gandhinagar-1453-sqft-spid-C89637388,2.0,2.0,1.0,,,,Koba,,New,1,False,False,True,apartment,0.0,0.0,4.127134385045092,2.0,4198.0
"3 BHK Flatin Sargasan, Gandhinagar","Sargasan, Gandhinagar",100.0,5291.0,1890.0,"Containing 3 bedroom(s), 3 bathrooms and 1 balcony, this flat is spread over a built up area of 1925 sq.Ft. The property is located on the 4th floor of a 5 floors tall building. This is a ready to move project and the property is 9 years old and well maintained society.",https://www.99acres.com/3-bhk-bedroom-apartment-flat-for-sale-in-sargasan-gandhinagar-1890-sqft-spid-L88817066,3.0,3.0,1.0,4.0,5.0,semi-furnished,Sargasan,,Unknown,1,False,False,True,apartment,0.0,0.0,4.61512051684126,3.0,5291.0
"3 BHK Flatin Sargasan, Gandhinagar","Sargasan, Gandhinagar",110.0,4215.0,2610.0,"This spacious 3 bhk flat offers a built-Up area of 290 sq. Yards, thoughtfully designed with 3 bedrooms, 3 bathrooms, and 3 balconies ensuring ample natural light and ventilation. The apartment is situated on the 3rd floor of a 14-Storey premium residential tower. This is a ready-To-Move-In property and is just 01 year old, making it an excellent option for immediate possession. Located in hrud...",https://www.99acres.com/3-bhk-bedroom-apartment-flat-for-sale-in-hrudhya-sargasan-gandhinagar-2610-sqft-spid-U89269473,3.0,3.0,3.0,3.0,14.0,,Sargasan,,New,1,True,False,False,apartment,0.0,0.0,4.709530201312334,3.0,4215.0
"2 BHK Flatin Sargasan, Gandhinagar","Sargasan, Gandhinagar",75.0,4901.0,1530.0,"The flat is east-Facing. The floor plan additionally contains 2 bedroom(s), 2 bathrooms and 1 balcony. All in all, the flat is spread over a carpet area of 1530 sq.Ft. This flat is situated on the 11th floor of this 14 floors tall residential building. This is a ready to move project and the property is 0-1 year old. The well built marble flooring enhances the aesthetic appeal of this flat. All...",https://www.99acres.com/2-bhk-bedroom-apartment-flat-for-sale-in-swagat-kingsland-sargasan-gandhinagar-1530-sqft-spid-I90027828,2.0,2.0,1.0,11.0,14.0,unfurnished,Sargasan,East,New,1,False,True,False,apartment,0.0,0.0,4.330733340286331,2.0,4902.0
"3 BHK Flatin Sargasan, Gandhinagar","Sargasan, Gandhinagar",120.0,5270.0,2277.0,"This is a east-Facing property. The floor plan additionally contains 3 bedroom(s), 3 bathrooms and 1 balcony. All in all, the flat is spread over a super built up area of 2277 sq.Ft. This flat lies on the top level of a 4 storey building. This is a ready to move project and the property is 1-5 years old. The beautifully designed vitrified flooring enhances the beauty of the flat. All the modern...",https://www.99acres.com/3-bhk-bedroom-apartment-flat-for-sale-in-hari-aalayam-sargasan-gandhinagar-2277-sqft-spid-M88578602,3.0,3.0,1.0,,4.0,unfurnished,Sargasan,East,1-5 years,1,False,False,True,apartment,0.0,0.0,4.795790545596741,3.0,5270.0
"3 BHK Flatin Vavol, Gandhinagar","Vavol, Gandhinagar",70.0,3618.0,1935.0,"This residential flat is east-Facing direction. The floor plan additionally contains 3 bedroom(s), 3 bathrooms and 1 balcony. All in all, the flat is spread over a super built up area of 215 sq.Yards. The residential building has 10 floors in total and the flat for sale is located on the 3rd floor. As the project is already ready to move, so you can easily move into this 0-1 year old property. ...",https://www.99acres.com/3-bhk-bedroom-apartment-flat-for-sale-in-arpan-antilia-vavol-gandhinagar-1935-sqft-spid-U88946830,3.0,3.0,1.0,3.0,10.0,unfurnished,Vavol,East,New,1,False,False,True,apartment,0.0,0.0,4.2626798770413155,3.0,3618.0
"2 BHK Flatin Kudasan, Gandhinagar","Kudasan, Gandhinagar",67.0,4623.0,1449.0,"This property faces the east direction. Constructed on a carpet area of 1449 sq.Ft., the flat comprises 2 bedroom(s), 2 bathrooms and 1 balcony. The flat has a total of 10 floors and this property is situated on 1st floor. This 1-5 years old property is available for immediate possession as the project is ready to move. The floor of this flat is beautifully designed using marble flooring, givin...",https://www.99acres.com/2-bhk-bedroom-apartment-flat-for-sale-in-garuda-tulsi-heights-kudasan-gandhinagar-1449-sqft-spid-X90021994,2.0,2.0,1.0,1.0,10.0,unfurnished,Kudasan,East,1-5 years,1,False,True,False,apartment,0.0,0.0,4.219507705176107,2.0,4624.0
"3 BHK Flatin Raysan, Gandhinagar","Raysan, Gandhinagar",105.0,4902.0,2142.0,"Located in the popular residential address of raysan, gandhinagar, sarthak shreenand is one of the most preferred destination for apartments in gandhinagar. This 3 bhk flat is your ticket to be a part of this community. Containing 3 bedroom(s), 3 bathrooms and 1 balcony, this flat is spread over a super built up area of 238 sq.Yards. The residential building has 12 floors in total and the flat ...",https://www.99acres.com/3-bhk-bedroom-apartment-flat-for-sale-in-raysan-gandhinagar-2142-sqft-r1-spid-B88208506,3.0,3.0,1.0,,12.0,,Raysan,,New,1,False,False,True,apartment,0.0,0.0,4.663439094112067,3.0,4902.0
"2 BHK Flatin Kalol, Gandhinagar","Kalol, Gandhinagar",25.5,2428.0,1050.0,"Good location , second floor ka hai ,near by gaytri mandir, rajesh hospital , ananya vidhlaya and khatraj near rod , and hotel carnival , and common plot available",https://www.99acres.com/2-bhk-bedroom-apartment-flat-for-sale-in-s-sopan-2-kalol-gandhinagar-1050-sqft-spid-C89734588,2.0,2.0,1.0,2.0,,,Kalol,,New,1,False,True,False,apartment,2.0,10.0,3.2771447329921766,2.0,2429.0
"3 BHK Flatin Koba, Gandhinagar","Koba, Gandhinagar",124.0,4332.0,2863.224,"Sun spacelink is a premium residential project located in koba, gandhinagar, gujarat. The project is spread across 0.88 acres and consists of 90 units housed in 2 towers. Each unit offers configurations ranging from 3 bhk+3t to 3 bhk+3t, with sizes starting from 1255 sqft to 1327 sqft. The project is designed to provide a blend of comfort and style, featuring amenities such as a club house, chi...",https://www.99acres.com/3-bhk-bedroom-apartment-flat-for-sale-in-sun-spacelink-koba-gandhinagar-2862-sqft-r1-spid-O88630232,3.0,3.0,1.0,,2.0,,Koba,,New,1,False,False,True,apartment,2.0,0.0,4.8283137373023015,3.0,4331.0
"2 BHK Flatin Chiloda, Gandhinagar","Chiloda, Gandhinagar",45.0,3289.0,1368.0,"The sai residency floor plan additionally contains 2 bedroom(s), 2 bathrooms and 1 balcony. All in all, the flat is spread over a super built up area of 152 sq.Yards. The property is located on the 1st floor of a 7 floors tall building. Being a ready to move project, you can expect immediate possession of this 5 years old property. The flat will offer a modern lifestyle as it is presented with ...",https://www.99acres.com/2-bhk-bedroom-apartment-flat-for-sale-in-sai-residency-chiloda-gandhinagar-1368-sqft-spid-A90534066,2.0,2.0,1.0,1.0,7.0,,Chiloda,,Unknown,1,False,False,True,apartment,0.0,0.0,3.828641396489095,2.0,3289.0
"3 BHK Flatin Sargasan, Gandhinagar","Sargasan, Gandhinagar",127.0,5783.0,2196.0,"The flat is north-East-Facing. The floor plan additionally contains 3 bedroom(s), 3 bathrooms and 2 balconies. All in all, the flat is spread over a carpet area of 244 sq.Yards. This flat is situated on the 2nd floor of this 11 floors tall residential building. As the project is already ready to move, so you can easily move into this 1-5 years old property. The floor of this flat is beautifully...",https://www.99acres.com/3-bhk-bedroom-apartment-flat-for-sale-in-sargasan-gandhinagar-2196-sqft-spid-I88591590,3.0,3.0,2.0,2.0,11.0,unfurnished,Sargasan,North-East,1-5 years,1,False,True,False,apartment,0.0,0.0,4.852030263919617,3.0,5783.0
"2 BHK Flatin Kudasan, Gandhinagar","Kudasan, Gandhinagar",50.0,4409.0,1134.0,"Pramukh harmony in kudasan, gandhinagar is a well-Located ready-To-Move residential apartment project known for practical layouts and family-Friendly living. The building offers thoughtfully designed 2 bhk and 3 bhk flats with balconies overlooking green spaces and nearby parks. Residents enjoy essential amenities such as power backup, reserved parking, cctv security, senior citizen park, child...",https://www.99acres.com/2-bhk-bedroom-apartment-flat-for-sale-in-kudasan-gandhinagar-1134-sqft-r1-spid-A88683310,2.0,2.0,1.0,,,unfurnished,Kudasan,,New,1,False,False,True,apartment,7.0,0.0,3.9318256327243257,2.0,4409.0
"2 BHK Flatin Kudasan, Gandhinagar","Kudasan, Gandhinagar",65.0,4980.0,1305.0,"This residential flat is east-Facing direction. The floor plan additionally contains 2 bedroom(s), 2 bathrooms and 1 balcony. All in all, the flat is spread over a carpet area of 1305 sq.Ft. The property is located on the 5th floor of a 7 floors tall building. This 5-10 years old property is available for immediate possession as the project is ready to move. The marble flooring of this flat is ...",https://www.99acres.com/2-bhk-bedroom-apartment-flat-for-sale-in-kudasan-gandhinagar-1305-sqft-spid-J90156618,2.0,2.0,1.0,5.0,7.0,unfurnished,Kudasan,East,5-10 years,1,False,True,False,apartment,0.0,0.0,4.189654742026425,2.0,4981.0
"2 BHK Flatin Vavol, Gandhinagar","Vavol, Gandhinagar",40.0,3555.0,1125.0,"This residential flat is east-Facing direction. Constructed on a super built up area of 1125 sq.Ft., the flat comprises 2 bedroom(s), 2 bathrooms and 1 balcony. This flat is situated on the 1st floor of this 5 floors tall residential building. This 5-10 years old property is available for immediate possession as the project is ready to move. The well built vitrified flooring enhances the aesthe...",https://www.99acres.com/2-bhk-bedroom-apartment-flat-for-sale-in-snkj-siddharth-residency-vavol-gandhinagar-1125-sqft-spid-X90518264,2.0,2.0,1.0,1.0,5.0,unfurnished,Vavol,East,5-10 years,1,False,False,True,apartment,0.0,0.0,3.713572066704308,2.0,3556.0
"3 BHK Builder Floorin Koba, Gandhinagar","Koba, Gandhinagar",139.0,5516.0,2518.776,"Situated in koba, gandhinagar, this 3 bhk builder floor spans 2520 sqft on the 5th floor of a 10-Story mid-Rise. The 1-5 year old residential property is unfurnished and ready for immediate possession. With 3 bedrooms, 3 bathrooms, and lift access, it offers convenience close to infocity, health focus clinic, and pandit deendayal petroleum university.",https://www.99acres.com/3-bhk-bedroom-independent-builder-floor-for-sale-in-koba-gandhinagar-2520-sqft-spid-Y91296850,3.0,3.0,1.0,5.0,10.0,unfurnished,Koba,,1-5 years,1,False,False,False,builder floor,1.0,4.0,4.941642422609304,3.0,5519.0
"2 BHK Flatin Sargasan, Gandhinagar","Sargasan, Gandhinagar",61.0,4674.0,1305.0,Super spacious 2bhk flat scheme of the sargasan area. Prince including furniture,https://www.99acres.com/2-bhk-bedroom-apartment-flat-for-sale-in-sahajanand-devkrupa-rhythm-sargasan-gandhinagar-1305-sqft-r3-spid-J80410145,2.0,2.0,1.0,,,unfurnished,Sargasan,,New,1,False,False,True,apartment,0.0,0.0,4.127134385045092,2.0,4674.0
"2 BHK Flatin Urjanagar 1, Randesan, Gandhinagar","Urjanagar 1, Randesan, Gandhinagar",43.5,4315.0,1008.0,Property is at a good location and near to metro station and at a very good rate.,https://www.99acres.com/2-bhk-bedroom-apartment-flat-for-sale-in-sheetal-vedika-happy-valley-urjanagar-1-gandhinagar-1008-sqft-spid-B91271612,2.0,2.0,1.0,,,,Randesan,,Unknown,1,False,False,True,apartment,0.0,3.0,3.7954891891721947,2.0,4315.0
"3 BHK Flatin Raysan, Gandhinagar","Raysan, Gandhinagar",260.0,10833.0,2400.0,"Only 10 member private society and build by own not any third party builder, used all branded materials and build with purpose to live there.",https://www.99acres.com/3-bhk-bedroom-apartment-flat-for-sale-in-royal-palace-raysan-gandhinagar-2400-sqft-spid-S91259770,3.0,3.0,1.0,,,,Raysan,,Unknown,1,False,True,False,apartment,0.0,0.0,5.564520407322694,3.0,10833.0
"3 BHK Flatin Kudasan, Gandhinagar","Kudasan, Gandhinagar",100.0,4728.0,2115.0,"We are the proud owners of this 3 bhk apartment available in arbuda shreeji shaan, kudasan, gandhinagar. This it is a and the unit is located on 5th floor and has a super built-Up area of 2115 sq.Ft. . It has 3 bathroom(s) and 2 balcony(s). The ownership is freehold type.",https://www.99acres.com/3-bhk-bedroom-apartment-flat-for-sale-in-arbuda-shreeji-shaan-kudasan-gandhinagar-2115-sqft-spid-C91256358,3.0,3.0,2.0,5.0,,,Kudasan,,New,1,False,False,True,apartment,0.0,0.0,4.61512051684126,3.0,4728.0
"3 BHK Flatin Kudasan, Gandhinagar","Kudasan, Gandhinagar",100.0,4728.0,2115.0,Speaciuous room and well maintaion with open view in foront of balcony,https://www.99acres.com/3-bhk-bedroom-apartment-flat-for-sale-in-kudasan-gandhinagar-2115-sqft-spid-H91256026,3.0,3.0,1.0,,,,Kudasan,,Unknown,1,False,True,False,apartment,0.0,0.0,4.61512051684126,3.0,4728.0
"3 BHK Flatin Randesan, Gandhinagar","Randesan, Gandhinagar",100.0,6105.0,1636.128,"This 3 bhk flat, spanning 1638 sqft, is available for immediate sale in satyamev riviera, randesan, gandhinagar. Located on the 3rd floor of a low-Rise, 5-10 year old building, it offers 3 bedrooms and 3 bathrooms in a well-Maintained layout. Nearby religious landmarks and metro access add to its appeal.",https://www.99acres.com/3-bhk-bedroom-apartment-flat-for-sale-in-satyamev-riviera-randesan-gandhinagar-1638-sqft-spid-U91225168,3.0,3.0,1.0,3.0,5.0,,Randesan,,5-10 years,1,False,False,True,apartment,0.0,4.0,4.61512051684126,3.0,6112.0
"2 BHK Flatin Randheja, Gandhinagar","Randheja, Gandhinagar",36.0,2589.0,1390.3514352,"This 2 bhk flat on the 3rd floor of a low-Rise building in swamev sparsh county, randheja, gandhinagar offers 124 sqft of semi-Furnished living space. Featuring 2 bedrooms, 2 bathrooms, a modular kitchen, and parking, the 5-10 year-Old property is available for immediate sale, close to randheja railway station and sheth n.N saravajanik hospital.",https://www.99acres.com/2-bhk-bedroom-apartment-flat-for-sale-in-swamev-sparsh-county-randheja-gandhinagar-124-sqft-spid-S91213322,2.0,2.0,2.0,3.0,,semi-furnished,Randheja,,5-10 years,1,True,False,False,apartment,0.0,0.0,3.6109179126442243,2.0,2589.0
"2 BHK Flatin Randheja, Gandhinagar","Randheja, Gandhinagar",36.0,2697.0,1334.7236,"It is on state highway.Near by location are gandhinagar international public school,randheja hospital,vidhyapith.",https://www.99acres.com/2-bhk-bedroom-apartment-flat-for-sale-in-swamev-sparsh-county-randheja-gandhinagar-124-sqft-spid-N91212192,2.0,2.0,2.0,,,,Randheja,,Unknown,1,True,False,False,apartment,0.0,5.0,3.6109179126442243,2.0,2697.0
"3 BHK Flatin Uvarsad, Gandhinagar","Uvarsad, Gandhinagar",90.0,4878.0,1845.0,Fully furnished with ac in two bedroom with kitchen chimney and ro.,https://www.99acres.com/3-bhk-bedroom-apartment-flat-for-sale-in-pramukh-parisar-uvarsad-gandhinagar-1845-sqft-spid-W91192868,2.0,1.0,2.0,,,furnished,Uvarsad,,Unknown,1,False,True,False,apartment,0.0,0.0,4.51085950651685,3.0,4878.0
"2 BHK Flatin Urjanagar 1, Randesan, Gandhinagar",Swagat RaForest 2,65.0,5122.0,1269.0,Spacious apartment vastu complaint garden amentities looking fully furnished,https://www.99acres.com/2-bhk-bedroom-apartment-flat-for-sale-in-swagat-rain-forest-2-urjanagar-1-gandhinagar-1269-sqft-r1-spid-T90914622,2.0,2.0,1.0,,,furnished,Kudasan,,New,1,False,False,True,apartment,3.0,0.0,4.189654742026425,2.0,5122.0
"3 BHK Flatin Pethapur, Gandhinagar","Pethapur, Gandhinagar",54.0,2962.0,1629.0,East facing morning sunlight. Surrounded by neem tree. Peaceful and clear sky. Nature lover,https://www.99acres.com/3-bhk-bedroom-apartment-flat-for-sale-in-pethapur-gandhinagar-1629-sqft-r1-spid-N84661468,3.0,3.0,2.0,,,,Pethapur,East,Unknown,0,True,False,False,apartment,0.0,0.0,4.007333185232471,3.0,3315.0
"3 BHK Flatin Sargasan, Gandhinagar","Sargasan, Gandhinagar",125.0,13089.0,955.0,"Located in aavkar 96, sargasan, gandhinagar, this 3 bhk flat on the 2nd floor of a 14-Floor high-Rise offers 10279.54 sqft of well-Planned space. Built 1-5 years ago, it includes 3 bathrooms and comes fully furnished with immediate availability. Amenities such as a gym, rainwater harvesting, power backup, and lift enhance living, near key connectivity points and schools.",https://www.99acres.com/3-bhk-bedroom-apartment-flat-for-sale-in-aavkar-96-sargasan-gandhinagar-10280-sqft-spid-K91150552,3.0,3.0,1.0,2.0,14.0,furnished,Sargasan,,1-5 years,1,False,True,False,apartment,7.0,1.0,4.836281906951478,3.0,13089.0
"3 BHK Flatin Kudasan, Gandhinagar","Kudasan, Gandhinagar",75.0,7500.0,1001.052,"Located in psy pramukh signature, kudasan, gandhinagar, this 10+ year old 3 bhk flat offers 1000 sqft of comfortable living on the 5th floor of a 7-Floor mid-Rise building. Available immediately, it features 3 bedrooms and 3 bathrooms, is vaastu compliant, semi-Furnished, and includes access to a gym, clubhouse, and lift. Nearby are several temples and a multispeciality dental clinic.",https://www.99acres.com/3-bhk-bedroom-apartment-flat-for-sale-in-psy-pramukh-signature-kudasan-gandhinagar-1000-sqft-spid-G91128962,3.0,3.0,1.0,5.0,7.0,semi-furnished,Kudasan,,10-20 years,1,False,True,False,apartment,8.0,2.0,4.330733340286331,3.0,7492.0
"2 BHK Flatin Gift City, Gandhinagar","Gift City, Gandhinagar",155.0,11887.0,1304.0,"Check out this 2 bhk apartment for sale in sobha avalon, a popular residential project that houses in-Demand flats in gift city, gandhinagar. The flat occupies a super built-Up area of 1304 sq. Ft. With 2 bedrooms, 2 bathrooms, and 3 balconies. This flat lies on the 10th level of a 31-Storey building. The flat is currently under construction stage and you can expect to get possession of the pro...",https://www.99acres.com/2-bhk-bedroom-apartment-flat-for-sale-in-sobha-avalon-gift-city-gandhinagar-1304-sqft-r1-spid-P87480698,2.0,2.0,1.0,,,,Gift City,,Unknown,0,False,False,True,apartment,0.0,0.0,5.049856007249537,2.0,11887.0
"3 BHK Flatin Sargasan, Gandhinagar",OrigHeights,100.0,2500.0,4000.0,"We are the proud owners of this 3 bhk apartment available in origin heights, sargasan, gandhinagar. This it is a and the unit is located on 12th floor and has a super built-Up area of 4000 sq.Ft. . It has 3 bathroom(s) and more than 3 balcony(s). The ownership is freehold type.",https://www.99acres.com/3-bhk-bedroom-apartment-flat-for-sale-in-origin-heights-sargasan-gandhinagar-4000-sqft-spid-Y91077006,3.0,3.0,3.0,12.0,12.0,,Sargasan,,New,1,False,False,True,apartment,0.0,0.0,4.61512051684126,3.0,2500.0
"1 BHK Flatin Gift City, Gandhinagar","Gift City, Gandhinagar",85.0,11549.0,736.0,Residential apartment for sell.The property has 1 bhk .Located in gift city.Available at an expected price of rs 8000000+ other charges + stamp duty .Located on 15th floor out of the 31,https://www.99acres.com/1-bhk-bedroom-apartment-flat-for-sale-in-sobha-avalon-gift-city-gandhinagar-736-sqft-r4-spid-A75040815,1.0,1.0,1.0,15.0,31.0,,Gift City,,New,0,False,False,True,apartment,0.0,0.0,4.454347296253507,1.0,11549.0
"1 BHK Flatin Sargasan, Gandhinagar","Sargasan, Gandhinagar",34.0,4250.0,904.176,"This 900 sqft 1 bhk flat, located on the 2nd floor of a low-Rise building in sthapan 2, sargasan, gandhinagar, offers immediate availability. The 5-10 year old apartment is well-Maintained and unfurnished, close to key religious sites and medical facilities, making it ideal for comfortable residential living.",https://www.99acres.com/1-bhk-bedroom-apartment-flat-for-sale-in-sthapan-2-sargasan-gandhinagar-900-sqft-spid-K91006136,1.0,1.0,1.0,2.0,,unfurnished,Sargasan,,5-10 years,1,False,False,True,apartment,0.0,1.0,3.5553480614894135,1.0,3760.0
"2 BHK Flatin Sargasan, Gandhinagar","Sargasan, Gandhinagar",78.0,5387.0,1485.0,,https://www.99acres.com/2-bhk-bedroom-apartment-flat-for-sale-in-mahalakshmi-satvam-parklane-sargasan-gandhinagar-1485-sqft-spid-F91002136,2.0,2.0,1.0,,,,Sargasan,,Unknown,1,True,False,False,apartment,,,4.3694478524670215,2.0,5253.0
"2 BHK Flatin Pethapur, Gandhinagar","Pethapur, Gandhinagar",48.85,3368.0,1453.14,"Located on the top floor of deep siddheshwari heights in pethapur, this 2 bhk flat offers 1450 sqft of well-Planned space. The 1-5 year old mid-Rise apartment features 2 bedrooms and 2 bathrooms, available immediately and unfurnished. Close to multiple hospitals, it combines convenience with comfortable living in gandhinagar.",https://www.99acres.com/2-bhk-bedroom-apartment-flat-for-sale-in-deep-siddheshwari-heights-pethapur-gandhinagar-1450-sqft-spid-C90998084,2.0,2.0,1.0,,5.0,unfurnished,Pethapur,,1-5 years,1,False,True,False,apartment,0.0,1.0,3.9090184964078474,2.0,3362.0
"2 BHK Flatin Sargasan, Gandhinagar","Sargasan, Gandhinagar",75.0,5446.0,1377.0,"We are the proud owners of this 2 bhk apartment available in devnandan summit, sargasan, gandhinagar. This it is a and the unit is located on 5th floor and has a super built-Up area of 1377 sq.Ft. . It has 2 bathroom(s) and more than 3 balcony(s). The ownership is freehold type.",https://www.99acres.com/2-bhk-bedroom-apartment-flat-for-sale-in-devnandan-summit-sargasan-gandhinagar-1377-sqft-spid-K90993824,2.0,2.0,3.0,5.0,,,Sargasan,,New,1,False,False,True,apartment,0.0,0.0,4.330733340286331,2.0,5447.0
"2 BHK Flatin Vavol, Gandhinagar","Vavol, Gandhinagar",75.0,6250.0,1200.0,,https://www.99acres.com/2-bhk-bedroom-apartment-flat-for-sale-in-akshar-sahajanand-sky-vavol-gandhinagar-1200-sqft-r2-spid-P78573375,2.0,2.0,1.0,,,,Vavol,,Unknown,1,False,True,False,apartment,,,4.330733340286331,2.0,6250.0
"1 BHK Flatin Sargasan, Gandhinagar","Sargasan, Gandhinagar",40.0,11364.0,351.0,"Property on 1st floor still away from noice. Good airy apartment with sunlight. Fully furnished with modular kitchen, one big wardrobe, double bed with storage, ac, fans, ro purifier, fridge, electric gyser, stove, one extra water tank, mosquito net with slider, curtains.Everything in working condition.Ready to move.",https://www.99acres.com/1-bhk-bedroom-apartment-flat-for-sale-in-kalp-capitol-flora-sargasan-gandhinagar-352-sqft-spid-M90990178,1.0,1.0,1.0,1.0,,furnished,Sargasan,,New,1,False,True,False,apartment,0.0,0.0,3.713572066704308,1.0,11396.0
"2 BHK Flatin Sargasan, Gandhinagar","Sargasan, Gandhinagar",50.0,4789.0,1044.0,"This residential flat is east-Facing direction. The flat is over 116 sq.Yards super built up area and comes with 2 bedroom(s), 2 bathrooms and 1 balcony. This flat lies on the top level of a 7 storey building. This 5-10 years old property is available for immediate possession as the project is ready to move. The well built vitrified flooring enhances the aesthetic appeal of this flat. The socie...",https://www.99acres.com/2-bhk-bedroom-apartment-flat-for-sale-in-sargasan-gandhinagar-1044-sqft-spid-X90899746,2.0,2.0,1.0,,7.0,unfurnished,Sargasan,East,5-10 years,1,False,False,True,apartment,0.0,0.0,3.9318256327243257,2.0,4789.0
"2 BHK Flatin Sargasan, Gandhinagar","Sargasan, Gandhinagar",55.0,4527.0,1215.0,"Spacious 2bhk garden-Facing flat with excellent ventilation and favorable wind direction, ensuring fresh air and natural light throughout the day. Enjoy a lifetime open view with a peaceful and serene atmosphere. The flat is well-Maintained and thoughtfully designed for comfortable family living. Ideal for those seeking a calm, airy, and premium residential experience.",https://www.99acres.com/2-bhk-bedroom-apartment-flat-for-sale-in-soundarya-444-sargasan-gandhinagar-1215-sqft-spid-X90943984,2.0,2.0,1.0,,,unfurnished,Sargasan,Other,New,1,False,True,False,apartment,2.0,0.0,4.02535169073515,2.0,4527.0
"2 BHK Flatin Sargasan, Gandhinagar","Sargasan, Gandhinagar",70.0,5363.984674329502,1305.0,"Situated in swagat queens land, sargasan, gandhinagar, this 2 bhk flat offers 11745 sqft in a high-Rise building on the 7th floor of 14. Semi-Furnished and 1-5 years old, it includes 2 bathrooms, modular kitchen, lift, power backup, and parking. Immediate availability with gym, clubhouse, and close to metro, malls, schools, and highways.",https://www.99acres.com/2-bhk-bedroom-apartment-flat-for-sale-in-swagat-queens-land-sargasan-gandhinagar-11745-sqft-spid-P90922140,2.0,2.0,1.0,7.0,14.0,semi-furnished,Sargasan,,1-5 years,1,False,True,False,apartment,8.0,6.0,4.2626798770413155,2.0,5364.0
"3 BHK Flatin Randesan, Gandhinagar","Randesan, Gandhinagar",85.0,4722.0,2023.632,"Located in the serene sheetal vedika habitat, randesan, gandhinagar, this 3 bhk flat spans 2025 sqft on the 3rd floor of a low-Rise, 5-10 year old building. Offering 3 bedrooms and 3 bathrooms, it comes semi-Furnished and is available for immediate sale. Close to a metro, market, pdpu, swaminarayan kanyashala, cuty pulse cinema, temples and healthcare facilities like svms hospital, ahmd-Gngr hi...",https://www.99acres.com/3-bhk-bedroom-apartment-flat-for-sale-in-sheetal-vedika-habitat-randesan-gandhinagar-2025-sqft-spid-P90919302,3.0,3.0,1.0,3.0,5.0,semi-furnished,Randesan,,5-10 years,1,False,False,True,apartment,0.0,5.0,4.454347296253507,3.0,4200.0
"3 BHK Flatin Randheja, Gandhinagar","Randheja, Gandhinagar",55.0,5789.0,950.0,This is a new building created 2 years ago,https://www.99acres.com/3-bhk-bedroom-apartment-flat-for-sale-in-polaris-elina-randheja-gandhinagar-950-sqft-spid-Z90915948,3.0,3.0,3.0,,,,Randheja,,New,1,False,True,False,apartment,0.0,0.0,4.02535169073515,3.0,5789.0
"2 BHK Flatin Gift City, Gandhinagar","Gift City, Gandhinagar",119.0,9000.0,1325.0,"Constructed on a carpet area of 1325 sq.Ft., the flat comprises 2 bedroom(s), 2 bathrooms and 2 balconies. This flat is situated on the 12th floor of this 22 floors tall residential building. This residential property is still under construction and will be available for possession by january 2027. All the modern amenities such as swimming pool, club house, cctv surveillance and lift(s) will ma...",https://www.99acres.com/2-bhk-bedroom-apartment-flat-for-sale-in-shilp-north-sky-gift-city-gandhinagar-1325-sqft-spid-J90876740,2.0,2.0,2.0,12.0,22.0,,Gift City,,New,0,False,True,False,apartment,7.0,0.0,4.787491742782046,2.0,8981.0
"2 BHK Flatin Gift City, Gandhinagar","Gift City, Gandhinagar",150.0,11520.0,1302.0,"Containing 2 bedroom(s), 2 bathrooms and 2 balconies, this flat is spread over a carpet area of 1302 sq.Ft. The property is located on the 6th floor of a 31 floors tall building. This residential flat is currently under construction and you can expect the possession of the same by january 2027. The flat will offer a modern lifestyle as it is presented with many of the amenities such as swimming...",https://www.99acres.com/2-bhk-bedroom-apartment-flat-for-sale-in-sobha-avalon-gift-city-gandhinagar-1302-sqft-spid-N90876478,2.0,2.0,2.0,6.0,31.0,,Gift City,,New,0,False,True,False,apartment,3.0,0.0,5.017279836814924,2.0,11521.0
"3 BHK Flatin Sector 11, Gandhinagar","Sector 11, Gandhinagar",157.0,13083.0,1200.0,"We are the proud owners of this 3 bhk apartment available in suman tower, sector 22 gandhinagar, gandhinagar. This it is a and the unit is located on ground floor and has a carpet area of 1200 sq.Ft. . It has 3 bathroom(s). The ownership is freehold type.",https://www.99acres.com/3-bhk-bedroom-apartment-flat-for-sale-in-sector-11-gandhinagar-1200-sqft-r1-spid-Z81717676,3.0,3.0,2.0,0.0,,,Sector 11,,New,1,False,True,False,apartment,0.0,0.0,5.062595033026967,3.0,13083.0
"1 BHK Flatin Vavol, Gandhinagar","Vavol, Gandhinagar",35.5,5916.0,600.0,"Located in jayde arjun 226, vavol, gandhinagar, this 600 sq.Ft. 1 bhk flat on the 5th floor of a 6-Floor mid-Rise building is available immediately. With 1-5 years of age, it offers 1 bedroom, 2 bathrooms, and comes unfurnished. Close to hospitals and a clubhouse, it features rainwater harvesting, power backup, and a lift for comfort.",https://www.99acres.com/1-bhk-bedroom-apartment-flat-for-sale-in-jayde-arjun-226-vavol-gandhinagar-600-sq-ft-spid-Q90783504,1.0,2.0,1.0,5.0,6.0,unfurnished,Vavol,,1-5 years,1,False,True,False,apartment,5.0,1.0,3.597312260588446,1.0,5917.0
"2 BHK Flatin Koba, Gandhinagar","Koba, Gandhinagar",70.0,3988.0,1755.0,"Available immediately, this 5-10 year old 2 bhk flat spans 1750 sq.Ft. On the 2nd floor of a 5-Story low-Rise at mahidhar shreedhar century, koba, gandhinagar. Featuring 2 bedrooms, 2 bathrooms, and 1 parking, it offers lift, parking, and access to a clubhouse, and garden. Nearby metro and religious sites enhance convenience.",https://www.99acres.com/2-bhk-bedroom-apartment-flat-for-sale-in-koba-gandhinagar-1755-sqft-spid-N90829114,2.0,2.0,1.0,2.0,5.0,,Koba,,5-10 years,1,False,False,True,apartment,6.0,4.0,4.2626798770413155,2.0,3989.0
"2 BHK Flatin Sargasan, Gandhinagar","Sargasan, Gandhinagar",67.0,4512.0,1485.0,"Garden-Facing 2bhk flat for sale at satvam parklane, sargasan, gandhinagar Own a serene and spacious 2bhk flat on the 3rd floor in the premium satvam parklane society, located in the heart of gandhinagar. Property highlights: Garden-Facing flat with excellent ventilation and natural light Located on the 3rd floor of a 9-Story building Surrounded by top schools, shopping malls, hospitals, garden...",https://www.99acres.com/2-bhk-bedroom-apartment-flat-for-sale-in-mahalakshmi-satvam-parklane-sargasan-gandhinagar-1485-sqft-r1-spid-N84261774,2.0,2.0,1.0,3.0,9.0,unfurnished,Sargasan,Other,New,1,True,False,False,apartment,0.0,6.0,4.219507705176107,2.0,4512.0
"3 BHK Flatin Sughad, Gandhinagar","Sughad, Gandhinagar",90.0,9473.0,950.0,"We have our own terrace, where we can install solar and do fabrication construct",https://www.99acres.com/3-bhk-bedroom-apartment-flat-for-sale-in-gandhinagar-950-sqft-spid-L90800992,3.0,3.0,2.0,,,,Sughad,,Unknown,1,False,True,False,apartment,0.0,0.0,4.51085950651685,3.0,9474.0
"6 BHK Flatin Sargasan, Gandhinagar","Sargasan, Gandhinagar",500.0,5555.0,9000.0,"This 6 bhk flat spans 9,000 sq.Ft. On the 10th floor of a mid-Rise building at atulyam the imperial, sargasan, gandhinagar. Available immediately, its 1-5 years old and features 5 bathrooms, a swimming pool, lift access, and is unfurnished. Conveniently located near top schools, hospitals, and the sarkhej gandhinagar highway.",https://www.99acres.com/6-bhk-bedroom-apartment-flat-for-sale-in-atulyam-the-imperial-sargasan-gandhinagar-9000-sq-ft-spid-F90780200,6.0,5.0,4.0,10.0,,unfurnished,Sargasan,,1-5 years,1,False,True,False,apartment,4.0,2.0,6.2166061010848646,6.0,5556.0
"1 BHK Flatin Koba, Gandhinagar","Koba, Gandhinagar",33.5,4618.0,747.0,"We are the proud owners of this 1 bhk apartment available in satyamev surya, koba, gandhinagar. This it is a and the unit is located on 1st floor and has a super built-Up area of 747 sq.Ft. . It has 1 bathroom(s) and 2 balcony(s). The ownership is freehold type.",https://www.99acres.com/1-bhk-bedroom-apartment-flat-for-sale-in-satyamev-surya-koba-gandhinagar-747-sqft-spid-C90765230,1.0,1.0,2.0,1.0,,,Koba,,New,1,False,False,True,apartment,0.0,0.0,3.5409593240373143,1.0,4485.0
"2 BHK Flatin Gift City, Gandhinagar","Gift City, Gandhinagar",136.0,9000.0,1511.0,Largest 2bhk in the scheme. Sez location. High rental yield expected,https://www.99acres.com/2-bhk-bedroom-apartment-flat-for-sale-in-shilp-north-sky-gift-city-gandhinagar-1511-sqft-spid-H90745448,2.0,2.0,1.0,,,,Gift City,,Unknown,0,False,False,True,apartment,0.0,0.0,4.919980925828125,2.0,9001.0
"2 BHK Flatin Vavol, Gandhinagar","Vavol, Gandhinagar",49.0,3446.0,1422.0,"Located on the 12th floor of a high-Rise at shivam heights, vavol, gandhinagar, this 2 bhk flat offers 1422 sq.Ft. Of modern living space. The nearly new apartment features 2 bedrooms and 2 bathrooms with immediate availability. Enjoy close proximity to multiple hospitals, adding convenience to your daily life.",https://www.99acres.com/2-bhk-bedroom-apartment-flat-for-sale-in-vavol-gandhinagar-1422-sq-ft-spid-E90741924,2.0,2.0,1.0,12.0,14.0,,Vavol,,New,1,False,True,False,apartment,0.0,1.0,3.912023005428146,2.0,3446.0
"2 BHK Flatin Sargasan, Gandhinagar","Sargasan, Gandhinagar",58.0,5625.879043600562,1030.95,"The apartment is well maintained and it was never given on rent. The owner is living since beginning. The curtains are high quality, furniture is made up with proper wood. Paint is done recently with good quality. One huge alloted parking of car where you can get extra space on ground floor. One more parking of 3 two wheelers on the ground floor",https://www.99acres.com/2-bhk-bedroom-apartment-flat-for-sale-in-swagat-flamingo-sargasan-gandhinagar-11097-sqft-spid-N90738336,0.0,2.0,3.0,,,semi-furnished,Sargasan,,New,1,False,True,False,apartment,0.0,0.0,4.07753744390572,2.0,5626.0
"2 BHK Flatin Sargasan, Gandhinagar","Sargasan, Gandhinagar",55.0,6501.0,846.0,,https://www.99acres.com/2-bhk-bedroom-apartment-flat-for-sale-in-swagat-blossom-sargasan-gandhinagar-846-sqft-spid-S90732026,2.0,2.0,1.0,,,,Sargasan,,Unknown,1,False,False,True,apartment,,,4.02535169073515,2.0,6501.0
"2 BHK Flatin Sargasan, Gandhinagar","Sargasan, Gandhinagar",55.0,3917.0,1404.0,"Constructed on a built up area of 156 sq.Yards, the flat comprises 2 bedroom(s), 2 bathrooms and more than 3 balconies. This flat is situated on the 2nd floor of this 5 floors tall residential building. As the project is already ready to move, so you can easily move into this 5-10 years old property. Flat is really well maintained and recently renovated in 2024 october (New plumbing in both bat...",https://www.99acres.com/2-bhk-bedroom-apartment-flat-for-sale-in-b-and-m-divya-sanskar-city-sargasan-gandhinagar-1404-sqft-spid-S90671916,2.0,2.0,3.0,2.0,5.0,semi-furnished,Sargasan,,5-10 years,1,True,False,False,apartment,0.0,0.0,4.02535169073515,2.0,3917.0
"2 BHK Flatin Kudasan, Gandhinagar","Kudasan, Gandhinagar",90.0,5997.0,1584.0,"Constructed on a super built up area of 1584 sq.Ft., the flat comprises 2 bedroom(s), 3 bathrooms and 1 balcony. This flat is situated on the 5th floor of this 13 floors tall residential building. Being a ready to move project, you can expect immediate possession of this 1-5 years old property. Contact: +91 99245 05101",https://www.99acres.com/2-bhk-bedroom-apartment-flat-for-sale-in-kudasan-gandhinagar-1584-sqft-spid-S90650276,2.0,3.0,1.0,5.0,13.0,,Kudasan,,1-5 years,1,False,False,True,apartment,0.0,0.0,4.51085950651685,2.0,5682.0
"3 BHK Flatin Randheja, Gandhinagar","Randheja, Gandhinagar",75.0,4762.0,1575.0,"We are the proud owners of this 3 bhk apartment available in polaris elina, randheja, gandhinagar. This it is a and the unit is located on 6th floor and has a super built-Up area of 175 sq.Yards. It has 3 bathroom(s) and more than 3 balcony(s). The ownership is freehold type.",https://www.99acres.com/3-bhk-bedroom-apartment-flat-for-sale-in-polaris-elina-randheja-gandhinagar-1575-sqft-spid-K90618410,3.0,3.0,3.0,6.0,,,Randheja,,New,1,False,False,True,apartment,0.0,0.0,4.330733340286331,3.0,4762.0
"2 BHK Flatin Gift City, Gandhinagar","Gift City, Gandhinagar",145.0,9596.0,1511.0,"Located in the popular residential address of gift city, gandhinagar, shilp north sky is one of the most preferred destination for apartments in gandhinagar. This 2 bhk flat is your ticket to be a part of this community. Constructed on a super built up area of 1511 sq.Ft., the flat comprises 2 bedroom(s), 2 bathrooms and 2 balconies. The flat has a total of 25 floors and this property is situat...",https://www.99acres.com/2-bhk-bedroom-apartment-flat-for-sale-in-shilp-north-sky-gift-city-gandhinagar-1511-sqft-r1-spid-Y78474135,2.0,2.0,2.0,,25.0,,Gift City,,New,0,False,False,True,apartment,0.0,0.0,4.983606621708336,2.0,9596.0
"2 BHK Flatin Gift City, Gandhinagar","Gift City, Gandhinagar",141.0,16120.0,1590.0,"Situated on the 17th floor of a 34-Story high-Rise, this 2 bhk flat in shivalik skyview, gift city offers 1599.51 sq.Ft. Of under-Construction space. With 2 bedrooms and 2 bathrooms, it comes unfurnished and includes access to a gym, clubhouse, pool, and lift. Conveniently close to schools, airport, and shopping, available january 2027.",https://www.99acres.com/2-bhk-bedroom-apartment-flat-for-sale-in-shivalik-skyview-gift-city-gandhinagar-1591-sqft-spid-O90604740,2.0,2.0,1.0,17.0,34.0,unfurnished,Gift City,,New,0,False,False,True,apartment,8.0,8.0,4.955827057601261,2.0,8868.0
"3 BHK Flatin Karai, Gandhinagar","Karai, Gandhinagar",72.0,8470.0,850.0,"Immediate availability in nakshatra skyview offers a modern 850 sq.Ft. 3 bhk flat on the 4th floor of a 12-Story high-Rise. This nearly new apartment features 3 bathrooms and comes unfurnished. Located near pandit deendayal petroleum university and kaka ni bhajipav, it combines convenience with newly constructed amenities in gandhinagar.",https://www.99acres.com/3-bhk-bedroom-apartment-flat-for-sale-in-karai-gandhinagar-850-sqft-spid-B90563372,3.0,3.0,2.0,4.0,12.0,unfurnished,Karai,,New,1,False,True,False,apartment,0.0,5.0,4.290459441148391,3.0,8471.0
"1 BHK Flatin Vavol, Gandhinagar","Vavol, Gandhinagar",32.0,3865.0,828.0,"We are the proud owners of this 1 bhk apartment available in jayde arjun 226, vavol, gandhinagar. This it is a and the unit is located on 3rd floor and has a carpet area of 92 sq.Yards. It has 2 bathroom(s) and 2 balcony(s). The ownership is freehold type.",https://www.99acres.com/1-bhk-bedroom-apartment-flat-for-sale-in-jayde-arjun-226-vavol-gandhinagar-828-sqft-spid-N90519398,1.0,2.0,2.0,3.0,,,Vavol,,New,1,False,True,False,apartment,0.0,0.0,3.4965075614664802,1.0,3865.0
"2 BHK Flatin Randesan, Gandhinagar","Randesan, Gandhinagar",60.0,5089.0,1179.0,"Nearest to gift city without any red light and very convenient to commute. 200meters from randesan metro station. Well maintained society. Most specious rooms. Park facing. With amenities like gym, park, kids play area, tt area, community hall etc. Price is negotiable. Property is at prime location near to gift city and randesan metro station",https://www.99acres.com/2-bhk-bedroom-apartment-flat-for-sale-in-shubh-aarambh-randesan-gandhinagar-1179-sqft-r1-spid-B81719978,2.0,2.0,1.0,,,,Randesan,Other,New,1,False,False,True,apartment,15.0,3.0,4.110873864173311,2.0,5089.0
"3 BHK Flatin Sargasan, Gandhinagar","Sargasan, Gandhinagar",77.0,4173.0,1845.0,,https://www.99acres.com/3-bhk-bedroom-apartment-flat-for-sale-in-sthapan-apartments-sargasan-gandhinagar-1845-sqft-spid-I90524700,3.0,3.0,1.0,,,,Sargasan,,Unknown,1,False,False,True,apartment,,,4.356708826689592,3.0,4173.0
"3 BHK Flatin Sargasan, Gandhinagar","Sargasan, Gandhinagar",69.0,4432.0,1557.0,"3 bhk flat near sargasan cross road prime location Spacious 3 bhk flat available in a premium residential area near sargasan cross road. The property offers a higher carpet area with larger room sizes compared to most new constructions, ensuring comfortable living. All-Side open flat with excellent ventilation and natural light Located in a beautiful and peaceful environment Purely residential ...",https://www.99acres.com/3-bhk-bedroom-apartment-flat-for-sale-in-shree-rang-icon-sargasan-gandhinagar-1557-sqft-spid-A90523622,3.0,3.0,1.0,,,,Sargasan,,New,1,False,False,True,apartment,0.0,0.0,4.248495242049359,3.0,4432.0
"3 BHK Flatin Sargasan, Gandhinagar","Sargasan, Gandhinagar",115.0,10244.0,2142.0,"Society name: Hari aalayam, sargasan (On 2nd floor out of 5 floors) Built up area: 238 sq.Yd. Carpet area: 125 sq.Yd. Features: Fully furnished 3 rooms + 3 bathrooms & 1 modular kitchen Electric geysers in 2 bathrooms 6 fans installed Ac installed in living room Hydrolic storage beds with mattresses 2.16 kw solar panel (Dedicated to flat) Dedicated parking space Garden facing master bedeoom Ope...",https://www.99acres.com/3-bhk-bedroom-apartment-flat-for-sale-in-hari-aalayam-sargasan-gandhinagar-2142-sqft-spid-J90492524,3.0,3.0,1.0,2.0,5.0,furnished,Sargasan,Other,New,1,False,False,False,apartment,17.0,0.0,4.7535901911063645,3.0,5369.0
"3 BHK Builder Floorin Gift City, Gandhinagar","Gift City, Gandhinagar",77.0,4173.0,1845.0,"Check out this 3 bhk builder floor in gift city. This property is located in well planned locality of gandhinagar. This builder floor comes with 3 bedrooms, 3 bathrooms . The furnishing status of the builder floor is furnished. This spacious builder floor has built up area of 205 sq.Yards. This builder floor is situated at the 2nd floor of 5 floors building. This ready to move apartment is the ...",https://www.99acres.com/3-bhk-bedroom-independent-builder-floor-for-sale-in-gift-city-gandhinagar-1845-sqft-spid-R90519800,3.0,3.0,2.0,2.0,5.0,furnished,Gift City,,New,1,True,False,False,apartment,0.0,0.0,4.356708826689592,3.0,4173.0
"3 BHK Flatin Randesan, Gandhinagar","Randesan, Gandhinagar",118.0,9249.0,1275.0,,https://www.99acres.com/3-bhk-bedroom-apartment-flat-for-sale-in-siddhraj-zoey-randesan-gandhinagar-1276-sqft-spid-Z90483544,3.0,3.0,1.0,,,,Randesan,,Unknown,1,False,True,False,apartment,,,4.77912349311153,3.0,9255.0
"2 BHK Flatin Sargasan, Gandhinagar","Sargasan, Gandhinagar",46.0,4689.0,981.0,"This beautiful 2 bhk flat in sargasan, gandhinagar is situated in vihaan sarthak era, one of the popular residential society in gandhinagar. This property faces the east direction. The flat occupies a super built up area of 981 sq.Ft. That consists of 2 bedrooms, 2 bathrooms and 1 balcony. The property is located on the top floor of a 7 floors tall building. This is a ready to move project and ...",https://www.99acres.com/2-bhk-bedroom-apartment-flat-for-sale-in-vihaan-sarthak-era-sargasan-gandhinagar-981-sqft-r1-spid-L87281220,2.0,2.0,1.0,,7.0,unfurnished,Sargasan,East,New,1,False,False,True,apartment,0.0,0.0,3.8501476017100584,2.0,4689.0
"3 BHK Flatin Sargasan, Gandhinagar","Sargasan, Gandhinagar",121.0,4745.0,2550.0,"Property available for sale in samved amara, sargasan, gandhinagar, gujarat: Property type: Apartment (Brand new ready to move) Project name: Samved amara Location: Sargasan, gandhinagar, gujarat, india Configuration: 3 bedrooms, 3 bathrooms Furnishing status: Unfurnished Parking: 1 dedicated car parking Key features: - Brand new, unused apartment in a premium residential project - Spacious 3 b...",https://www.99acres.com/3-bhk-bedroom-apartment-flat-for-sale-in-sargasan-gandhinagar-2550-sqft-spid-C90482442,3.0,3.0,1.0,,,unfurnished,Sargasan,,New,1,False,True,False,apartment,0.0,0.0,4.804021044733257,3.0,4745.0
"2 BHK Flatin Urjanagar 1, Randesan, Gandhinagar","Urjanagar 1, Randesan, Gandhinagar",65.0,4720.0,1377.0,North facing apartment with all essential family amenities including schools and hospitals located within 500 meters.,https://www.99acres.com/2-bhk-bedroom-apartment-flat-for-sale-in-kanam-residency-2-urjanagar-1-gandhinagar-1377-sqft-spid-B90457808,2.0,2.0,1.0,,,,Randesan,North,New,1,False,False,True,apartment,0.0,2.0,4.189654742026425,2.0,4720.0
"3 BHK Flatin Sargasan, Gandhinagar",OrigHeights,100.0,4761.0,2100.0,Semi furnished penthouse in developing area with solar structure in peaceful society only 2 tower with 3bhk top flor new construction only 3 year used penthouse.,https://www.99acres.com/3-bhk-bedroom-apartment-flat-for-sale-in-origin-heights-sargasan-gandhinagar-2100-sqft-spid-I90435362,3.0,3.0,1.0,,,semi-furnished,Sargasan,,Unknown,1,False,True,False,penthouse,2.0,0.0,4.61512051684126,3.0,4762.0
"4 BHK Flatin Randesan, Gandhinagar","Randesan, Gandhinagar",148.0,4327.0,3420.0,"Property highlights Super built-Up area: 380 sq. Yards Views: 180 unobstructed open view of indroda park, river & aranya udhyan Location advantage: Just 250 meters from gift city riverfront Located in the popular residential address of randesan, gandhinagar, nia riverside 38 is one of the most preferred destination for apartments in gandhinagar. This 4 bhk flat is your ticket to be a part of th...",https://www.99acres.com/4-bhk-bedroom-apartment-flat-for-sale-in-nia-riverside-38-randesan-gandhinagar-3420-sqft-r1-spid-E85163178,4.0,4.0,2.0,,,,Randesan,,New,1,False,False,True,apartment,0.0,0.0,5.003946305945459,4.0,4327.0
"3 BHK Flatin Sargasan, Gandhinagar","Sargasan, Gandhinagar",91.0,4284.0,2124.0,"The flat is north-East-Facing. The flat is over 236 sq.Yards built up area and comes with 3 bedroom(s), 3 bathrooms and more than 3 balconies. The flat has a total of 13 floors and this property is situated on 5th floor. This is a ready to move project and the property is 0-1 year old. The floor of this flat is beautifully designed using vitrified flooring, giving the flat an alluring look. All...",https://www.99acres.com/3-bhk-bedroom-apartment-flat-for-sale-in-sargasan-gandhinagar-2124-sqft-spid-O90115334,3.0,3.0,3.0,5.0,13.0,unfurnished,Sargasan,North-East,New,1,True,False,False,apartment,0.0,0.0,4.5217885770490405,3.0,4284.0
"2 BHK Flatin Karai, Gandhinagar","Karai, Gandhinagar",55.0,4243.0,1296.0,"0 brokerage and beautiful and well-Maintained 2 bhk flat in a prime and peaceful location. The flat has excellent ventilation and natural light throughout the day. Equipped with modular kitchen and wardrobes. Close to schools, market, and main road connectivity. Covered/open parking available. Perfect for comfortable family living.",https://www.99acres.com/2-bhk-bedroom-apartment-flat-for-sale-in-karai-gandhinagar-1296-sqft-spid-X90395776,2.0,2.0,1.0,,,semi-furnished,Karai,,New,1,False,True,False,apartment,4.0,3.0,4.02535169073515,2.0,4244.0
"3 BHK Flatin Sargasan, Gandhinagar","Sargasan, Gandhinagar",125.0,6250.0,2000.0,"Garden facing, many changes in flat other than the builder has provided.",https://www.99acres.com/3-bhk-bedroom-apartment-flat-for-sale-in-swagat-pelican-sargasan-gandhinagar-2000-sqft-spid-L90392256,3.0,3.0,1.0,,,,Sargasan,Other,New,1,False,False,True,apartment,0.0,0.0,4.836281906951478,3.0,6250.0
"2 BHK Flatin Sargasan, Gandhinagar","Sargasan, Gandhinagar",65.0,4629.0,1404.0,"Have good locality.Very attractive as per vastu norms.School ,hotel and malls are near by area.It is north east facing property.",https://www.99acres.com/2-bhk-bedroom-apartment-flat-for-sale-in-psy-pramukh-horizon-sargasan-gandhinagar-1404-sq-ft-r1-spid-D76589259,2.0,2.0,1.0,,,,Sargasan,North-East,New,1,False,True,False,apartment,3.0,3.0,4.189654742026425,2.0,4630.0
"3 BHK Flatin Sargasan, Gandhinagar","Sargasan, Gandhinagar",85.0,3935.0,2160.0,"Walking distance from s.G.Highway ,my flat on rised floor and sound availability of light and wind ,only residential no commercial scheme,open surroundings as no other scheme is near by (In tp 9 only scheme ),garden ,childern play area,gym,indoor play hall , common hall well furnished,cultured and harmonious locality .One should visit once",https://www.99acres.com/3-bhk-bedroom-apartment-flat-for-sale-in-shubhaarambh-shilp-serenity-sargasan-gandhinagar-2160-sqft-spid-H90352306,3.0,3.0,1.0,,,furnished,Sargasan,,Unknown,1,False,True,False,apartment,10.0,0.0,4.454347296253507,3.0,3935.0
"3 BHK Flatin Randesan, Gandhinagar","Randesan, Gandhinagar",105.0,3955.0,2655.0,Signature sunlit terrace where luxury meets light. Elite sunlit terrace a rare lifestyle upgrade,https://www.99acres.com/3-bhk-bedroom-apartment-flat-for-sale-in-aksharam-yogi-sarvasva-randesan-gandhinagar-2655-sqft-spid-Z90348680,3.0,3.0,1.0,,,,Randesan,,Unknown,1,False,True,False,apartment,0.0,0.0,4.663439094112067,3.0,3955.0
"1 BHK Flatin adalaj, Gandhinagar","adalaj, Gandhinagar",26.0,3019.0,861.112,"Offering immediate possession, this unfurnished 1 bhk flat spans 80 sq.Ft. On the 1st floor of a low-Rise building in devnandan parisar 2, adalaj, gandhinagar. It features 1 bedroom, 2 bathrooms, marble flooring, and corner, north-Facing aspects. Located near schools, markets, and hospitals within a gated society with 24/7 water and visitor parking.",https://www.99acres.com/1-bhk-bedroom-apartment-flat-for-sale-in-gandhinagar-80-sqft-spid-R90315462,1.0,2.0,2.0,1.0,,unfurnished,Adalaj,North,New,1,False,True,False,apartment,4.0,3.0,3.295836866004329,1.0,3019.0
"3 BHK Flatin Kudasan, Gandhinagar","Kudasan, Gandhinagar",130.0,6420.0,2025.0,The flat is located in an excellent location facing towards swami narayan dham. There is no flat infront of this flat so it has a clear uninterrupted view.,https://www.99acres.com/3-bhk-bedroom-apartment-flat-for-sale-in-shivalay-sharnam-kudasan-gandhinagar-2025-sqft-spid-W90308948,3.0,3.0,1.0,,,,Kudasan,Other,New,1,False,True,False,apartment,4.0,0.0,4.875197323201151,3.0,6420.0
"3 BHK Flatin Randesan, Gandhinagar","Randesan, Gandhinagar",93.0,9838.0,945.0,"prime randesan Prime connectivity: 3-Minute drive to gift city, walking distance to randesan metro, and easy access to the riverfront. Smart features: Dedicated solar panels for each block (Reducing your maintenance/bills) and individual cctv security for the flat. Views & ventilation: 6th-Floor height ensures privacy, better air ...",https://www.99acres.com/3-bhk-bedroom-apartment-flat-for-sale-in-royal-riviera-randesan-gandhinagar-945-sqft-spid-S90294290,3.0,3.0,1.0,6.0,,,Randesan,,Unknown,1,False,True,False,apartment,0.0,3.0,4.543294782270004,3.0,9841.0
"2 BHK Builder Floorin Kalol, Gandhinagar","Kalol, Gandhinagar",24.0,1839.0,1305.0,Independent/builder floor is available for sell.Construction ages only 5-10 years old propertysituated in kalol.Area of the construction is 145.00 sq. Yards(Builtup area) it has been unfurnished.It has good design of 2 bedrooms. Non-Stop water supply in 2 bathrooms .It has been priced at rs 2400000.Located on 2nd floor out of 5.,https://www.99acres.com/2-bhk-bedroom-independent-builder-floor-for-sale-in-kalol-gandhinagar-1305-sqft-r3-spid-K77135935,2.0,2.0,1.0,2.0,5.0,unfurnished,Kalol,,5-10 years,0,True,False,False,builder floor,0.0,0.0,3.2188758248682006,2.0,1839.0
"2 BHK Flatin Vavol, Gandhinagar",Shal4 Apartment,55.0,4866.0,1130.0,"Constructed on a carpet area of 105 sq.M., the flat comprises 2 bedroom(s), 2 bathrooms and 2 balconies. The flat has a total of 3 floors and this property is situated on 2nd floor. Being a ready to move project, you can expect immediate possession of this 10+ years old property.",https://www.99acres.com/2-bhk-bedroom-apartment-flat-for-sale-in-shalin-4-apartment-vavol-gandhinagar-1130-sqft-spid-G90291580,2.0,2.0,2.0,2.0,3.0,,Vavol,,10-20 years,1,False,True,False,apartment,0.0,0.0,4.02535169073515,2.0,4867.0
"3 BHK Flatin Kudasan, Gandhinagar","Kudasan, Gandhinagar",100.0,7432.0,2690.0,"This spacious 3 bhk flat, under construction and unfurnished, offers 2690.98 sq.Ft. On the 13th floor of a high-Rise at beryl sky, kudasan, gandhinagar. Ready within 6 months, it includes 3 bathrooms and access to parking, gym, and lift. Close to infocity, pdpu, nid, and achiever school, it blends convenience with comfort in a prime educational hub.Highly ventilated and best view , corner flat ...",https://www.99acres.com/3-bhk-bedroom-apartment-flat-for-sale-in-beryl-sky-kudasan-gandhinagar-2691-sqft-spid-E90289390,3.0,3.0,1.0,13.0,14.0,unfurnished,Kudasan,,New,0,False,False,True,apartment,6.0,5.0,4.61512051684126,3.0,3717.0
"3 BHK Flatin Sargasan, Gandhinagar","Sargasan, Gandhinagar",102.0,9546.0,1068.0,Swara crystal is a premium residential apartment project developed by swara builders in the bustling sargasan area of gandhinagar. The project combines elegant architecture with modern living comforts and a host of lifestyle amenities designed for quality everyday living.,https://www.99acres.com/3-bhk-bedroom-apartment-flat-for-sale-in-swara-crystal-sargasan-gandhinagar-1069-sqft-r1-spid-J88560678,3.0,3.0,1.0,,,,Sargasan,,Unknown,1,False,True,False,apartment,0.0,0.0,4.634728988229636,3.0,9551.0
"2 BHK Flatin Gift City, Gandhinagar","Gift City, Gandhinagar",151.0,9993.0,1511.0,Good property for future investment and good returns on investment,https://www.99acres.com/2-bhk-bedroom-apartment-flat-for-sale-in-shilp-north-sky-gift-city-gandhinagar-1511-sqft-r1-spid-S84640034,2.0,2.0,1.0,,,,Gift City,,Unknown,0,False,False,True,apartment,0.0,0.0,5.0238805208462765,2.0,9993.0
"2 BHK Flatin Pethapur, Gandhinagar","Pethapur, Gandhinagar",32.5,2994.0,1085.0,Hello it's a 2 bhk apartment if any one interested plss visit f/201 river flora near sanjari park pethapur,https://www.99acres.com/2-bhk-bedroom-apartment-flat-for-sale-in-pethapur-gandhinagar-1085-sqft-spid-W90268738,2.0,2.0,1.0,,,,Pethapur,,Unknown,1,False,True,False,apartment,0.0,0.0,3.5115454388310208,2.0,2995.0
"3 BHK Flatin Vavol, Gandhinagar","Vavol, Gandhinagar",60.0,3441.0,1743.7518,"Located in siddharth heights 1, vavol, gandhinagar, this 3 bhk flat on the 7th floor of an 8-Floor mid-Rise building offers 162 sq.Ft. Of semi-Furnished living space. With 3 bedrooms and 3 bathrooms, its a 1-5 year old residential property available immediately. Enjoy close proximity to markets, metro, schools, and railways, within a gated society featuring visitor parking and on-Call maintenance.",https://www.99acres.com/3-bhk-bedroom-apartment-flat-for-sale-in-siddharth-heights-1-vavol-gandhinagar-162-sqft-spid-V90248834,3.0,3.0,2.0,7.0,8.0,semi-furnished,Vavol,,1-5 years,1,False,True,False,apartment,2.0,5.0,4.110873864173311,3.0,3441.0
"2 BHK Flatin Sargasan, Gandhinagar","Sargasan, Gandhinagar",95.0,6209.0,1530.0,,https://www.99acres.com/2-bhk-bedroom-apartment-flat-for-sale-in-samved-dreams-sargasan-gandhinagar-1530-sq-ft-spid-R90246814,2.0,2.0,1.0,,,,Sargasan,,Unknown,1,False,False,True,apartment,,,4.564348191467836,2.0,6209.0
"1 BHK Flatin Vavol, Gandhinagar","Vavol, Gandhinagar",35.5,4551.0,780.0,"Located in vavol, gandhinagar, this 1 bhk flat offers 480 sq.Ft. Of semi-Furnished living space on the 3rd floor of a mid-Rise, 1-5 year old building. Featuring 1 bedroom and 2 bathrooms, it's available for immediate sale. Close to multiple hospitals including supreme smile dental clinic and gayatri hospital, it suits buyers seeking convenience and care nearby.",https://www.99acres.com/1-bhk-bedroom-apartment-flat-for-sale-in-jayde-arjun-226-vavol-gandhinagar-780-sqft-spid-B90231324,1.0,2.0,3.0,3.0,5.0,semi-furnished,Vavol,,1-5 years,1,False,True,False,apartment,0.0,1.0,3.597312260588446,1.0,4551.0
"3 BHK Flatin Raysan, Gandhinagar","Raysan, Gandhinagar",300.0,13605.0,2205.0,"We are the proud owners of this 3 bhk apartment available in saral skyline, raysan, gandhinagar. This it is a and the unit is located on 9th floor and has a super built-Up area of 245 sq.Ft. . It has 3 bathroom(s) and 2 balcony(s).",https://www.99acres.com/3-bhk-bedroom-apartment-flat-for-sale-in-saral-skyline-raysan-gandhinagar-2205-sqft-spid-L90208386,3.0,3.0,2.0,9.0,,,Raysan,,New,1,False,False,True,apartment,0.0,0.0,5.707110264748875,3.0,13605.0
"2 BHK Flatin Vavol, Gandhinagar","Vavol, Gandhinagar",51.0,3655.0,1395.0,Residential apartment for sell.The property has 2 bedrooms with 2 bathrooms .It is a furnished property.Located in vavol.Available at an expected price of rs 5100000.Located on 2nd floor out of the 3 the property comes with a good construction quality which ages 5-10 years old property,https://www.99acres.com/2-bhk-bedroom-apartment-flat-for-sale-in-dharmaja-shivesh-182-vavol-gandhinagar-1395-sq-ft-r3-spid-N76450567,2.0,2.0,1.0,2.0,3.0,furnished,Vavol,,5-10 years,1,False,True,False,apartment,0.0,0.0,3.9512437185814275,2.0,3656.0
"3 BHK Flatin Kudasan, Gandhinagar","Kudasan, Gandhinagar",99.0,9066.0,1091.0,"Situated on the 9th floor of a high-Rise at royal revanta 3, kudasan, this newly constructed 3 bhk apartment offers 1092 sq.Ft. Of unfurnished living space. With 3 bathrooms, gated society security, and parking available, its ideal for immediate occupation. Located near prominent temples and a multispeciality clinic in gandhinagar.",https://www.99acres.com/3-bhk-bedroom-apartment-flat-for-sale-in-kudasan-gandhinagar-1092-sqft-spid-J90081218,3.0,3.0,1.0,9.0,,unfurnished,Kudasan,,New,1,False,True,False,apartment,0.0,0.0,4.605170185988092,3.0,9074.0
"1 BHK Flatin Gift City, Gandhinagar","Gift City, Gandhinagar",90.0,22222.0,405.0,"Presenting a premium 1 bhk apartment located in the heart of gift city, offering an excellent opportunity for both end-Use and investment. Situated on the 20th floor, this home provides open views, ample natural light, and a peaceful living experience. With a super built-Up area of 736.83 sq. Ft., the apartment is thoughtfully designed to maximize space and comfort. Ideal for professionals work...",https://www.99acres.com/1-bhk-bedroom-apartment-flat-for-sale-in-sobha-avalon-gift-city-gandhinagar-405-sqft-r1-spid-F84164900,1.0,1.0,1.0,20.0,31.0,unfurnished,Gift City,,New,0,False,True,False,apartment,0.0,0.0,4.51085950651685,1.0,22222.0
"5 BHK Flatin Koba, Gandhinagar","Koba, Gandhinagar",300.0,4523.0,6633.0,,https://www.99acres.com/5-bhk-bedroom-apartment-flat-for-sale-in-as-asteria-koba-gandhinagar-6633-sq-ft-spid-O90074716,5.0,3.0,3.0,,,,Koba,,Unknown,1,False,True,False,apartment,,,5.707110264748875,5.0,4523.0
"2 BHK Flatin Sardar Patel Ring Road, Gandhinagar","Sardar Patel Ring Road, Gandhinagar",59.0,4736.0,1140.0,"Looking for a 2 bhk property for sale in gandhinagar? Buy this 2 bhk flat in orchid green field that is situated in sardar patel ring road, gandhinagar. The flat is east-Facing. The flat is over 1140 sq.Ft. Built up area and comes with 2 bedroom(s), 2 bathrooms and 3 balconies. The residential building has 16 floors in total and the flat for sale is located on the 10th floor. This 10 years old ...",https://www.99acres.com/2-bhk-bedroom-apartment-flat-for-sale-in-sardar-patel-ring-road-gandhinagar-1140-sq-ft-r1-spid-E82591990,2.0,2.0,3.0,10.0,16.0,unfurnished,SP Ring Road,East,10-20 years,1,True,False,False,apartment,0.0,0.0,4.0943445622221,2.0,5175.0
"3 BHK Flatin Sargasan, Gandhinagar","Sargasan, Gandhinagar",78.0,4814.0,1620.0,"Our property is well maintained and clean. Our property has gym,garden and one hall for any functions and two basement parking. Nearby hospitals, mall , d mart, railway station and all. Our property is also road side facing",https://www.99acres.com/3-bhk-bedroom-apartment-flat-for-sale-in-atishay-sky-sargasan-gandhinagar-1620-sq-ft-spid-L90044428,0.0,2.0,3.0,,,unfurnished,Sargasan,Other,New,1,False,True,False,apartment,5.0,5.0,4.3694478524670215,3.0,4815.0
"2 BHK Flatin Pethapur, Gandhinagar","Pethapur, Gandhinagar",47.0,7833.0,600.0,"Located in tilak prime, pethapur, gandhinagar, this 2 bhk unfurnished flat spans 600 sq.Ft. Situated on the 5th floor of a mid-Rise building, the nearly new property offers immediate availability. With 2 bedrooms, 2 bathrooms, and parking available, its close to several hospitals and the ambe mata mandir, blending convenience and community.",https://www.99acres.com/2-bhk-bedroom-apartment-flat-for-sale-in-tilak-prime-pethapur-gandhinagar-600-sqft-spid-O90024976,2.0,2.0,1.0,5.0,,unfurnished,Pethapur,,New,1,False,True,False,apartment,0.0,1.0,3.871201010907891,2.0,7833.0
"2 BHK Flatin Gift City, Gandhinagar","Gift City, Gandhinagar",163.0,12439.0,1307.0,"Containing 2 bedroom(s), 2 bathrooms and 3 balconies, this flat is spread over a super built up area of 1308 sq.Ft. This flat lies on the 14th level of a 31 storey building. This residential flat is currently under construction and you can expect the possession of the same by march 2027. The flat will offer a modern lifestyle as it is presented with many of the amenities such as swimming pool, ...",https://www.99acres.com/2-bhk-bedroom-apartment-flat-for-sale-in-sobha-avalon-gift-city-gandhinagar-1308-sqft-spid-C90007434,2.0,2.0,3.0,14.0,31.0,,Gift City,,New,0,False,False,True,apartment,3.0,0.0,5.099866427824199,2.0,12471.0
"3 BHK Flatin Chiloda, Gandhinagar","Chiloda, Gandhinagar",75.0,7653.0,980.0,"Affordable luxury 3 bhk top-Floor flat chiloda char rasta Property highlights: - Carpet area: 950 sq ft, total area: 1500 sq ft - 3 bedrooms, 3 bathrooms, semi-Furnished - 4 balconies (Hall, kitchen, 2 bedrooms) - Top floor in 7-Storey building, airy & well-Lit - Dedicated lift for only 3 flats per floor - 10-Ft wide common passageway with stairs & lift access - 2 adjacent underground parking s...",https://www.99acres.com/3-bhk-bedroom-apartment-flat-for-sale-in-sai-flora-chiloda-gandhinagar-980-sqft-spid-C90004796,3.0,3.0,4.0,,7.0,semi-furnished,Chiloda,,New,1,False,False,False,apartment,2.0,0.0,4.330733340286331,3.0,7653.0
"2 BHK Flatin Sargasan, Gandhinagar","Sargasan, Gandhinagar",45.0,4000.0,1125.0,"The flat is facing the east direction. Constructed on a carpet area of 1125 sq.Ft., the flat comprises 2 bedroom(s), 2 bathrooms and 1 balcony. The residential building has 4 floors in total and the flat for sale is located on the 2nd floor. This is a ready to move project and the property is 10+ years old. The well built marble flooring enhances the aesthetic appeal of this flat. All the moder...",https://www.99acres.com/2-bhk-bedroom-apartment-flat-for-sale-in-saundarya-444-sargasan-gandhinagar-1125-sqft-spid-A89984870,2.0,2.0,1.0,2.0,4.0,unfurnished,Sargasan,East,10-20 years,1,False,True,False,apartment,0.0,0.0,3.828641396489095,2.0,4000.0
"3 BHK Flatin Kudasan, Gandhinagar","Kudasan, Gandhinagar",82.0,4624.0,1773.0,"Available immediately, this 3 bhk flat in akshat heaven, kudasan, gandhinagar offers 1773 sq.Ft. On the top (5th) floor of a low-Rise building. Over 10 years old, the residence includes 3 bathrooms and is fully furnished. Nearby religious sites and a multispecialty clinic add convenience to this peaceful location. Large open space, lush green gardens, large open terrace in front of house.",https://www.99acres.com/3-bhk-bedroom-apartment-flat-for-sale-in-akshat-heaven-kudasan-gandhinagar-1773-sqft-spid-T89767110,3.0,3.0,1.0,5.0,,furnished,Kudasan,,10-20 years,1,False,False,True,apartment,0.0,1.0,4.418840607796598,3.0,4625.0
"2 BHK Flatin Sargasan, Gandhinagar","Sargasan, Gandhinagar",63.0,4516.0,1395.0,"Located in maruti amrakunj, sargasan, gandhinagar, this 5-10 year old 2 bhk flat offers 1395 sq.Ft. On the 2nd floor of a low-Rise building. Immediate availability includes a 2-Bedroom, 2-Bathroom layout, unfurnished. Close to multiple temples and a dental clinic, its a practical choice for residential sale.",https://www.99acres.com/2-bhk-bedroom-apartment-flat-for-sale-in-maruti-amrakunj-sargasan-gandhinagar-1395-sqft-spid-H89957536,2.0,2.0,1.0,2.0,,unfurnished,Sargasan,,5-10 years,1,False,True,False,apartment,0.0,0.0,4.1588830833596715,2.0,4516.0
"3 BHK Flatin Urjanagar 1, Randesan, Gandhinagar","Urjanagar 1, Randesan, Gandhinagar",95.0,5149.0,1845.0,"Shrifal heights in kudasan, gandhinagar, stands out as a premier residential community due to its blend of modern amenities, thoughtful design, and active community engagement. Strategic location: Situated near key landmarks like swaminarayan dham, the society offers easy access to reputed schools, healthcare facilities, and retail outlets, enhancing convenience for residents Comprehensive amen...",https://www.99acres.com/3-bhk-bedroom-apartment-flat-for-sale-in-balaji-infrastructure-shrifal-heights-urjanagar-1-gandhinagar-1845-sqft-r1-spid-U83735396,3.0,3.0,1.0,,,,Randesan,,Unknown,1,False,False,True,apartment,0.0,5.0,4.564348191467836,3.0,5149.0
"2 BHK Flatin Sargasan, Gandhinagar","Sargasan, Gandhinagar",75.0,5411.0,1386.0,,https://www.99acres.com/2-bhk-bedroom-apartment-flat-for-sale-in-sargasan-gandhinagar-1386-sq-ft-r3-spid-P77677747,2.0,2.0,1.0,,,,Sargasan,,Unknown,1,False,True,False,apartment,,,4.330733340286331,2.0,5411.0
"2 BHK Flatin Gift City, Gandhinagar","Gift City, Gandhinagar",125.0,17265.0,724.0,"Situated on the 11th floor of a 24-Story high-Rise in sangath ipl smart life, this 1-5 year old 2 bhk flat offers 724 sq.Ft. Of vaastu-Compliant living. Ready for immediate possession, it includes 2 bedrooms, 2 bathrooms, and access to a gym, clubhouse, pool, and power backup. Conveniently close to schools, hospital, mall, and highway connectivity.",https://www.99acres.com/2-bhk-bedroom-apartment-flat-for-sale-in-sangath-ipl-smart-life-gift-city-gandhinagar-724-sqft-spid-N89932076,2.0,2.0,1.0,11.0,24.0,,Gift City,,1-5 years,1,False,True,False,apartment,12.0,7.0,4.836281906951478,2.0,17265.0
"3 BHK Flatin Sargasan, Gandhinagar","Sargasan, Gandhinagar",80.0,4831.0,1656.0,"Available immediately, this 3 bhk flat spans 1656 sq.Ft. On the 4th floor of a 5-Floor low-Rise building at psy pramukh lotus, sargasan, gandhinagar. Over 10 years old, it offers 3 bedrooms, 3 bathrooms, lift access, and on-Call maintenance. Close to temples and medical facilities, it suits those valuing convenience and community.",https://www.99acres.com/3-bhk-bedroom-apartment-flat-for-sale-in-psy-pramukh-lotus-sargasan-gandhinagar-1656-sqft-spid-Y89929436,3.0,3.0,1.0,4.0,5.0,unfurnished,Sargasan,,10-20 years,1,False,False,True,apartment,2.0,2.0,4.394449154672439,3.0,4831.0
"2 BHK Flatin Vavol, Gandhinagar","Vavol, Gandhinagar",50.0,4366.0,1305.0,"This house is on uvarshad road, its location is best, there is good space inside the flat, & its a fully furnished house.",https://www.99acres.com/2-bhk-bedroom-apartment-flat-for-sale-in-vavol-gandhinagar-1305-sqft-r1-spid-N83373650,2.0,2.0,1.0,,,furnished,Vavol,,Unknown,1,True,False,False,apartment,0.0,0.0,3.9318256327243257,2.0,3831.0
"2 BHK Flatin Gift City, Gandhinagar","Gift City, Gandhinagar",175.0,19886.0,880.0,"This 2 bhk flat, under construction, spans 880 sq.Ft. On the 25th floor of a high-Rise at shivalik skyview, gift city, gandhinagar. Featuring 2 bedrooms, 2 bathrooms, and modern amenities like a clubhouse, gym, lift, and swimming pool, it offers convenient access to shree rang mall, nh48, top schools, and hospitals. Available february 2028.",https://www.99acres.com/2-bhk-bedroom-apartment-flat-for-sale-in-shivalik-skyview-gift-city-gandhinagar-880-sqft-spid-F89887812,2.0,2.0,1.0,25.0,34.0,,Gift City,,New,0,False,True,False,apartment,8.0,7.0,5.170483995038151,2.0,19886.0
"2 BHK Flatin Chiloda, Gandhinagar","Chiloda, Gandhinagar",37.0,4743.0,780.0,"Afv residency, dahegaon road, mota chiloda, gandhinagar, gujarat",https://www.99acres.com/2-bhk-bedroom-apartment-flat-for-sale-in-prayagraj-afv-residency-chiloda-gandhinagar-780-sqft-spid-F89884710,2.0,2.0,2.0,,,,Chiloda,,Unknown,1,False,True,False,apartment,0.0,0.0,3.6375861597263857,2.0,4744.0
"3 BHK Flatin Sargasan, Gandhinagar","Sargasan, Gandhinagar",72.0,9154.0,786.0,,https://www.99acres.com/3-bhk-bedroom-apartment-flat-for-sale-in-shreeji-sahajanand-shayona-sargasan-gandhinagar-787-sqft-spid-K89866680,3.0,3.0,1.0,,,,Sargasan,,Unknown,1,False,True,False,apartment,,,4.290459441148391,3.0,9160.0
"2 BHK Flatin Sargasan, Gandhinagar","Sargasan, Gandhinagar",45.0,6455.0,697.0,"The floor plan additionally contains 2 bedroom(s), 2 bathrooms and 3 balconies. All in all, the flat is spread over a built up area of 65 sq.M. The residential building has 4 floors in total and the flat for sale is located on the 3rd floor. As the project is already ready to move, so you can easily move into this 10+ years old property.",https://www.99acres.com/2-bhk-bedroom-apartment-flat-for-sale-in-b-and-m-divya-sanskar-city-sargasan-gandhinagar-697-sqft-spid-W89865682,2.0,2.0,3.0,3.0,4.0,,Sargasan,,10-20 years,1,True,False,False,apartment,0.0,0.0,3.828641396489095,2.0,6456.0
"3 BHK Flatin Sargasan, Gandhinagar","Sargasan, Gandhinagar",72.0,8353.0,861.0,,https://www.99acres.com/3-bhk-bedroom-apartment-flat-for-sale-in-shreeji-sahajanand-shayona-sargasan-gandhinagar-862-sqft-spid-H89865128,3.0,3.0,1.0,,,,Sargasan,,Unknown,1,True,False,False,apartment,,,4.290459441148391,3.0,8362.0
"3 BHK Flatin Uvarsad, Gandhinagar","Uvarsad, Gandhinagar",81.5,8232.0,1602.0,"Available immediately, this 3 bhk flat spans 1602 sq.Ft. On the 11th floor of a 14-Story high-Rise at psy pramukh trinity, uvarsad, gandhinagar. Built 2 years ago, it includes 3 bedrooms, 2 bathrooms, and comes furnished. Residents enjoy amenities like a gym, clubhouse, power backup, lift, and rainwater harvesting, near schools and hospitals.",https://www.99acres.com/3-bhk-bedroom-apartment-flat-for-sale-in-psy-pramukh-trinity-uvarsad-gandhinagar-1602-sqft-spid-K89854502,3.0,2.0,3.0,11.0,14.0,furnished,Uvarsad,,Unknown,1,False,False,True,apartment,9.0,2.0,4.412798293340635,3.0,5087.0
"3 BHK Flatin Gift City, Gandhinagar","Gift City, Gandhinagar",242.0,20508.0,1180.0,"3 bhk unit available for sale in gift city, gandhinagar. Serious buyers, please contact.",https://www.99acres.com/3-bhk-bedroom-apartment-flat-for-sale-in-vida-by-nila-spaces-gift-city-gandhinagar-1180-sqft-spid-Q89830476,3.0,3.0,2.0,,,,Gift City,,Unknown,0,False,True,False,apartment,0.0,0.0,5.493061443340548,3.0,20508.0
"3 BHK Builder Floorin Sargasan, Gandhinagar","Sargasan, Gandhinagar",140.0,5833.333333333333,2400.0,2400 sqft open terrace garden and road both side facing,https://www.99acres.com/3-bhk-bedroom-independent-builder-floor-for-sale-in-sargasan-gandhinagar-205-sqft-spid-Y89824530,3.0,3.0,1.0,,,,Sargasan,Other,New,1,False,False,False,builder floor,2.0,0.0,4.948759890378168,3.0,5833.0
"2 BHK Flatin Sargasan, Gandhinagar","Sargasan, Gandhinagar",75.0,9587.0,782.0,"This is garden facing fully filled with sun light and vantiltion and immediately available property. This 2 bhk flat spans 782.25 sq.Ft. On the 11th floor of a 14-Story high-Rise at swagat kingsland, sargasan, gandhinagar. The 0-1 year old residence offers 2 bedrooms and 2 bathrooms, semi-Furnished for convenience. You can enjoy amenities like clubhouse, gym, cafe, badminton court, box cricketa...",https://www.99acres.com/2-bhk-bedroom-apartment-flat-for-sale-in-swagat-kingsland-sargasan-gandhinagar-782-sqft-spid-O89801788,2.0,2.0,1.0,11.0,14.0,semi-furnished,Sargasan,Other,New,1,False,True,False,apartment,12.0,0.0,4.330733340286331,2.0,9591.0
"2 BHK Flatin Kudasan, Gandhinagar","Kudasan, Gandhinagar",56.0,4321.0,1296.0,"A well-Maintained 144 sq. Yard 2bhk flat for sale. This garden-Facing home offers a peaceful environment with plenty of natural light and ventilation. Key features: Spacious 2 bedrooms, hall & kitchen (2bhk) Garden-Facing view Fully furnished includes furniture, wardrobes, modular kitchen, and essential fittings Ready-To-Move-In condition Rising sunlight Address: Divyajivan heights C 801 Nr. Sw...",https://www.99acres.com/2-bhk-bedroom-apartment-flat-for-sale-in-divyajivan-heights-kudasan-gandhinagar-1296-sqft-spid-O89773502,2.0,2.0,1.0,,,furnished,Kudasan,Other,New,1,False,True,False,apartment,0.0,0.0,4.04305126783455,2.0,4321.0
"2 BHK Flatin Sargasan, Gandhinagar","Sargasan, Gandhinagar",48.5,4276.0,1134.0,"Check out this 2 bhk apartment for sale in sahajanand homes 2, a popular residential project that houses in-Demand flats in sargasan, gandhinagar. This residential flat is north-East-Facing direction. The floor plan additionally contains 2 bedroom(s), 2 bathrooms and 1 balcony. All in all, the flat is spread over a carpet area of 1134 sq.Ft. This flat lies on the 2nd level of a 7 storey buildin...",https://www.99acres.com/2-bhk-bedroom-apartment-flat-for-sale-in-sargasan-gandhinagar-1134-sqft-r1-spid-X87292264,2.0,2.0,1.0,2.0,7.0,unfurnished,Sargasan,North-East,New,1,False,True,False,apartment,0.0,0.0,3.901972669574645,2.0,4277.0
"3 BHK Flatin Raysan, Gandhinagar","Raysan, Gandhinagar",79.0,8967.0,881.0,"Located in bhavya devanshi prime, raysan, gandhinagar, this 3 bhk flat offers 881 sq.Ft. Of well-Planned living space on the 4th floor of a 10-Story mid-Rise building. With 3 bedrooms, 2 bathrooms, and immediate availability, this 1-5 year old residential apartment is semi-Furnished and close to key healthcare facilities and infocity office complex.",https://www.99acres.com/3-bhk-bedroom-apartment-flat-for-sale-in-bhavya-devanshi-prime-raysan-gandhinagar-881-sqft-spid-C89744254,3.0,2.0,1.0,4.0,10.0,semi-furnished,Raysan,,1-5 years,1,False,True,False,apartment,0.0,0.0,4.382026634673881,3.0,8967.0
"2 BHK Builder Floorin Kudasan, Gandhinagar","Kudasan, Gandhinagar",70.0,6536.0,1080.0,"My property is at prime location of gandhinagar. Property is on service road of gamdhinagar-Ahmedabad highway, near rakshashakti circle & infocity (Gifty city road). 1 km from dholakuva & randesan metro station. Fully furmished flat at 2nd floor with lift. Price is negotiable.",https://www.99acres.com/2-bhk-bedroom-independent-builder-floor-for-sale-in-kudasan-gandhinagar-1080-sqft-spid-N89740186,2.0,2.0,1.0,2.0,,furnished,Kudasan,,New,1,False,False,False,builder floor,0.0,6.0,4.2626798770413155,2.0,6481.0
"3 BHK Flatin Gift City, Gandhinagar","Gift City, Gandhinagar",300.0,11231.0,2671.0,34-Storey luxury tower (~120m height) offering panoramic skyline views Located in indias first smart financial hub gift city Designed for premium urban lifestyle with global standards One of the rare drone-Inspired building designs in india Gives a futuristic identitynot a typical box-Type building Strong visual differentiation vs. Other projects in gift city,https://www.99acres.com/3-bhk-bedroom-apartment-flat-for-sale-in-shivalik-skyview-gift-city-gandhinagar-2671-sqft-spid-P89720444,3.0,3.0,2.0,9.0,34.0,,Gift City,,Unknown,0,False,False,True,apartment,5.0,0.0,5.707110264748875,3.0,11232.0
"3 BHK Flatin Raysan, Gandhinagar","Raysan, Gandhinagar",78.0,4228.0,1845.0,It's a wonderful property at a prime location at gandhinagar. Nearby under construction river front and behind famous pdeu university. Great scope for rent and price appreciation.,https://www.99acres.com/3-bhk-bedroom-apartment-flat-for-sale-in-madhav-skyline-raysan-gandhinagar-1845-sq-ft-spid-S89669762,3.0,3.0,1.0,,,,Raysan,,Unknown,1,False,False,True,apartment,4.0,10.0,4.3694478524670215,3.0,4228.0
"2 BHK Flatin Sargasan, Gandhinagar","Sargasan, Gandhinagar",65.75,5492.0,1197.0,Total house interior design provided. Modular kitchen. Kitchen exhaust chimney fitted. Auro water filter provided. Centralised lpg gas . Pipe gas line Interior wall cup boards and wooden alamaras provided..Etc...,https://www.99acres.com/2-bhk-bedroom-apartment-flat-for-sale-in-swagat-afford-sargasan-gandhinagar-1197-sq-ft-spid-M89667402,2.0,2.0,1.0,,,,Sargasan,,Unknown,1,False,True,False,apartment,0.0,0.0,4.200954297280359,2.0,5493.0
"Studio Apartments / 1 RK Flatsin Chhatral, Gandhinagar","Chhatral, Gandhinagar",15.0,4285.0,350.0,"Hy we sall our residenceal property its 1 hk, with combine washroom also have space off was area and parking also 2 flowers only and only 4 house on 1 floor price ia negotiable",https://www.99acres.com/studio-apartment-flat-for-sale-in-chhatral-gandhinagar-350-sqft-spid-Z89633010,1.0,1.0,1.0,,,,Kalol,,Unknown,1,False,True,False,apartment,0.0,0.0,2.772588722239781,1.0,4286.0
"2 BHK Flatin Raysan, Gandhinagar","Raysan, Gandhinagar",65.0,7850.0,1476.0,"Situated on the 4th floor of a 13-Story high-Rise in sai texas 2, raysan, gandhinagar, this 2 bhk flat offers 1476 sq.Ft. Of comfortable living with 2 bedrooms and 2 bathrooms. Available immediately, the 1-5 year old apartment is semi-Furnished and includes access to a lift and nearby fitness center. Close to key hospitals and infocity office complex.",https://www.99acres.com/2-bhk-bedroom-apartment-flat-for-sale-in-raysan-gandhinagar-1476-sqft-spid-R89587590,2.0,2.0,1.0,4.0,13.0,semi-furnished,Raysan,,1-5 years,1,False,False,True,apartment,3.0,1.0,4.189654742026425,2.0,4404.0
"3 BHK Flatin Gift City, Gandhinagar","Gift City, Gandhinagar",259.0,21949.0,1180.0,It is located in corner where you can have both sunrise and afternoon sunlight.,https://www.99acres.com/3-bhk-bedroom-apartment-flat-for-sale-in-vida-by-nila-spaces-gift-city-gandhinagar-1180-sqft-spid-I89586094,3.0,3.0,2.0,,,,Gift City,,Unknown,0,False,True,False,apartment,2.0,0.0,5.560681631015528,3.0,21949.0
"2 BHK Flatin Randheja, Gandhinagar","Randheja, Gandhinagar",46.0,2871.0,1602.0,New under-Construction project in randheja,https://www.99acres.com/2-bhk-bedroom-apartment-flat-for-sale-in-shreeji-shreenand-ananta-randheja-gandhinagar-1602-sqft-spid-V89585788,2.0,2.0,2.0,,,,Randheja,,Unknown,0,False,False,True,apartment,0.0,0.0,3.8501476017100584,2.0,2871.0
"3 BHK Flatin Kudasan, Gandhinagar","Kudasan, Gandhinagar",165.0,12505.0,1319.0,"It is 3bhk, sharnam skyview flat , 265sqyard, premium fully furnished new, all branded electronic new items are installed. Amenities are available, gym, yoga room, children play area, community hall etc.. Best location near pdpu road, near gift city, near metro station.",https://www.99acres.com/3-bhk-bedroom-apartment-flat-for-sale-in-chandarana-sharnam-skyview-kudasan-gandhinagar-1319-sqft-spid-G89576170,3.0,3.0,1.0,,,furnished,Kudasan,,New,1,False,True,False,apartment,10.0,8.0,5.111987788356544,3.0,12509.0
"2 BHK Flatin Karai, Gandhinagar","Karai, Gandhinagar",44.17,2647.0,1668.4044999999999,"Available from may 2028, this under-Construction 2 bhk flat at the rhythm elevate in karai, gandhinagar offers 155 sq.Ft. Of modern living space on the 5th floor of a 12-Story high-Rise. Featuring 2 bedrooms, 2 bathrooms, lift access, and a swimming pool, its close to koba circle metro, schools, nh 48, and esic hospital. Fully unfurnished for customization.",https://www.99acres.com/2-bhk-bedroom-apartment-flat-for-sale-in-the-rhythm-elevate-karai-gandhinagar-155-sqft-spid-V89573968,2.0,2.0,1.0,5.0,12.0,unfurnished,Karai,,New,0,False,True,False,apartment,4.0,4.0,3.8104331496665127,2.0,2647.0
"3 BHK Flatin Kudasan, Gandhinagar","Kudasan, Gandhinagar",95.0,5304.0,1791.0,"Located in ayunam greens, gandhinagar, this newly constructed 3 bhk apartment offers 1791 sq.Ft. Of modern living space on the top floor (13/13) of a high-Rise building. With 3 bedrooms, 3 bathrooms, and immediate availability, it features furnishing-Ready interiors, a fitness center, clubhouse, and lift accessall close to key amenities and excellent connectivity.",https://www.99acres.com/3-bhk-bedroom-apartment-flat-for-sale-in-ayunam-greens-kudasan-gandhinagar-1791-sqft-spid-B89528142,3.0,3.0,1.0,13.0,13.0,furnished,Kudasan,,New,1,False,False,True,apartment,5.0,0.0,4.564348191467836,3.0,5304.0
"3 BHK Flatin Kudasan, Gandhinagar","Kudasan, Gandhinagar",84.0,3647.0,2303.4746,Information 3 - Bhk flat Flat no :- B-302 214.50 var How much sqyd - 1700 Super built up Floor no - 3 Total floor - 8 Without furniture How much old society - 6month No one has moved in yet Key for visit - Available any time *thank you for connecting*,https://www.99acres.com/3-bhk-bedroom-apartment-flat-for-sale-in-shubh-saral-heights-kudasan-gandhinagar-215-sqft-r2-spid-O74597485,3.0,3.0,1.0,3.0,8.0,unfurnished,Kudasan,,Unknown,1,False,True,False,apartment,0.0,0.0,4.442651256490317,3.0,3647.0
"2 BHK Flatin Sector 22, Gandhinagar","Sector 22, Gandhinagar",450.0,12668.608623606347,3552.087,,https://www.99acres.com/2-bhk-bedroom-apartment-flat-for-sale-in-sector-22-gandhinagar-330-sqft-spid-G89433032,2.0,2.0,1.0,,,,Sector 22,,Unknown,1,False,True,False,apartment,,,6.111467339502679,2.0,12669.0
"2 BHK Flatin Sargasan, Gandhinagar",OrigHeights,105.0,7527.0,1404.0,"The flat is east-Facing. Containing 2 bedroom(s), 2 bathrooms and more than 3 balconies, this flat is spread over a built up area of 156 sq.Yards. This flat is situated on the top floor of this 13 floors tall residential building. This 1-5 years old property is available for immediate possession as the project is ready to move. The well built others flooring enhances the aesthetic appeal of thi...",https://www.99acres.com/2-bhk-bedroom-apartment-flat-for-sale-in-origin-heights-sargasan-gandhinagar-1404-sqft-spid-O89400129,2.0,2.0,3.0,,13.0,unfurnished,Sargasan,East,1-5 years,1,True,False,False,apartment,0.0,0.0,4.663439094112067,2.0,7479.0
"2 BHK Flatin Sardar Patel Ring Road, Gandhinagar","Sardar Patel Ring Road, Gandhinagar",46.0,3285.0,1400.0,Corner property and very well maintained. Very good and peacefull community.,https://www.99acres.com/2-bhk-bedroom-apartment-flat-for-sale-in-sardar-patel-ring-road-gandhinagar-1400-sqft-spid-C89390705,2.0,2.0,2.0,,,,SP Ring Road,,Unknown,1,False,True,False,apartment,2.0,0.0,3.8501476017100584,2.0,3286.0
"2 BHK Flatin Randesan, Gandhinagar","Randesan, Gandhinagar",65.0,4847.0,1359.0,"Situated on the 5th floor of a 7-Story mid-Rise, this 2 bhk flat in shubh aarambh, randesan, gandhinagar, spans 1359 sq.Ft. Ready for immediate sale, the 1-5 year old apartment offers 2 bedrooms and 2 bathrooms, furnished with vaastu compliance. Residents enjoy amenities like a gym, clubhouse, power backup, and lift, close to temples and hospitals.",https://www.99acres.com/2-bhk-bedroom-apartment-flat-for-sale-in-shubh-aarambh-randesan-gandhinagar-1359-sqft-spid-B89325921,2.0,2.0,1.0,5.0,7.0,furnished,Randesan,,1-5 years,1,False,False,True,apartment,10.0,2.0,4.189654742026425,2.0,4783.0
"3 BHK Flatin Sargasan, Gandhinagar","Sargasan, Gandhinagar",72.0,9154.0,786.0,"Located in shreeji sahajanand shayona, sargasan, this 786.52 sq.Ft. 3 bhk flat offers immediate availability in a mid-Rise building on the 7th floor of 9. Just 0-1 year old, it includes 2 bathrooms and comes unfurnished. Benefits include a lift and proximity to key spots like nh147, sahjanand school, and shoppers plaza.",https://www.99acres.com/3-bhk-bedroom-apartment-flat-for-sale-in-shreeji-sahajanand-shayona-sargasan-gandhinagar-787-sqft-spid-B89318531,3.0,2.0,1.0,7.0,9.0,unfurnished,Sargasan,,New,1,False,True,False,apartment,1.0,0.0,4.290459441148391,3.0,9160.0
"3 BHK Flatin Sargasan, Gandhinagar","Sargasan, Gandhinagar",115.0,5861.0,1962.0,"Located in callisto, sargasan, gandhinagar, this 0-1 year old 3 bhk flat offers 1962 sq.Ft. Of well-Planned space with 3 bathrooms on the 6th floor of a 13-Story high-Rise. Available immediately, the unfurnished apartment is close to multiple religious sites, including shree mahakali mataji and swaminarayan temples, ideal for residential sale.",https://www.99acres.com/3-bhk-bedroom-apartment-flat-for-sale-in-sargasan-gandhinagar-1962-sqft-spid-A89289543,3.0,3.0,1.0,6.0,13.0,unfurnished,Sargasan,,New,1,False,True,False,apartment,0.0,0.0,4.7535901911063645,3.0,5861.0
"3 BHK Flatin Sargasan, Gandhinagar","Sargasan, Gandhinagar",135.0,5454.0,2475.0,"The flat is facing the north-East direction. The flat is over 275 sq.Yards super built up area and comes with 3 bedroom(s), 3 bathrooms and 1 balcony. The residential building has 14 floors in total and the flat for sale is located on the 10th floor. As the project is already ready to move, so you can easily move into this 0-1 year old property. The beautifully designed vitrified flooring enhan...",https://www.99acres.com/3-bhk-bedroom-apartment-flat-for-sale-in-sargasan-gandhinagar-2475-sqft-spid-B89284853,3.0,3.0,1.0,10.0,14.0,unfurnished,Sargasan,North-East,New,1,False,False,True,apartment,0.0,0.0,4.912654885736052,3.0,5455.0
"2 BHK Flatin Gift City, Gandhinagar","Gift City, Gandhinagar",165.0,18943.0,871.0,"Gift city is a luxury locality to buy an apartment, as compared to other areas in the surrounding areas.",https://www.99acres.com/2-bhk-bedroom-apartment-flat-for-sale-in-vida-by-nila-spaces-gift-city-gandhinagar-871-sqft-r1-spid-Q83210500,2.0,2.0,1.0,,,,Gift City,,Unknown,0,False,True,False,apartment,0.0,0.0,5.111987788356544,2.0,18944.0
"2 BHK Flatin Sargasan, Gandhinagar","Sargasan, Gandhinagar",50.0,4115.0,1215.0,"Available immediately, this 2 bhk flat spans 1215 sq.Ft. On the 2nd floor of a low-Rise, 10+ year old building in saundarya 444, sargasan, gandhinagar. The residence offers 2 bedrooms and 2 bathrooms, semi furnished, ideal for buyers seeking a well-Located home near temples and healthcare facilities.",https://www.99acres.com/2-bhk-bedroom-apartment-flat-for-sale-in-saundarya-444-sargasan-gandhinagar-1215-sqft-spid-T89249917,2.0,2.0,1.0,2.0,10.0,semi-furnished,Sargasan,,10-20 years,1,False,True,False,apartment,0.0,2.0,3.9318256327243257,2.0,4115.0
"3 BHK Flatin Koba, Gandhinagar","Koba, Gandhinagar",95.0,4910.0,1935.0,"This 3 bhk flat on the 1st floor of a mid-Rise building in somnath devasya gold, koba, gandhinagar offers 1935 sq.Ft. Of unfurnished space, ready for immediate sale. Newly constructed with ceramic flooring, lift access, parking, and close proximity to metro, hospitals, and office complexes, its ideal for comfortable urban living.",https://www.99acres.com/3-bhk-bedroom-apartment-flat-for-sale-in-somnath-devasya-gold-koba-gandhinagar-1935-sqft-spid-N89245853,3.0,3.0,1.0,1.0,,unfurnished,Koba,,New,1,False,False,True,apartment,2.0,4.0,4.564348191467836,3.0,4910.0
"2 BHK Flatin Sargasan, Gandhinagar","Sargasan, Gandhinagar",50.0,4026.0,1242.0,"Our property has very good space in balcony ,hall,well constructed ,well neighbors,newly painted walls and doors",https://www.99acres.com/2-bhk-bedroom-apartment-flat-for-sale-in-sargasan-gandhinagar-1242-sqft-r2-spid-P56344320,2.0,2.0,1.0,,,,Sargasan,,Unknown,1,False,True,False,apartment,0.0,0.0,3.9318256327243257,2.0,4026.0
"2 BHK Flatin Randesan, Gandhinagar","Randesan, Gandhinagar",67.0,4930.0,1359.0,"Containing 2 bedroom(s), 2 bathrooms and 1 balcony, this flat is spread over a carpet area of 151 sq.Yards. The residential building has 3 floors in total and the flat for sale is located on the top floor. An added advantage of this 1-5 years old flat is that it is available for immediate possession as the project is already ready to move.",https://www.99acres.com/2-bhk-bedroom-apartment-flat-for-sale-in-randesan-gandhinagar-1359-sqft-spid-Z89217237,2.0,2.0,1.0,,3.0,,Randesan,,1-5 years,1,False,True,False,apartment,0.0,0.0,4.219507705176107,2.0,4930.0
"3 BHK Flatin Gift City, Gandhinagar","Gift City, Gandhinagar",170.0,10666.0,1875.0,"This 3 bhk flat in shilp north sky, gift city, gandhinagar offers 1875 sq.Ft. On the 2nd floor of a 25-Story high-Rise. Under construction and available from jan 2027, it features 3 bedrooms, 3 bathrooms, vaastu compliance, parking, clubhouse, pool, power backup, and lift access. Proximity to schools, hospital, mall, and nh 48 enhances its appeal.",https://www.99acres.com/3-bhk-bedroom-apartment-flat-for-sale-in-shilp-north-sky-gift-city-gandhinagar-1875-sqft-spid-H89165717,3.0,3.0,2.0,2.0,25.0,,Gift City,,New,0,False,False,True,apartment,12.0,7.0,5.14166355650266,3.0,9067.0
"2 BHK Flatin Vavol, Gandhinagar","Vavol, Gandhinagar",47.0,3840.0,1224.0,"This 2 bhk apartment on the 2nd floor of a 6-Floor mid-Rise building in jayde arjun 226, vavol, gandhinagar offers 2 bedrooms and 2 bathrooms across 1224 sq.Ft. The 1-5 year old residential flat is immediately available and comes semi-Furnished with power back-Up, lift access, rainwater harvesting, and proximity to a clubhouse. Located near multiple hospitals for added convenience.",https://www.99acres.com/2-bhk-bedroom-apartment-flat-for-sale-in-jayde-arjun-226-vavol-gandhinagar-1224-sqft-spid-J89057998,2.0,2.0,1.0,2.0,6.0,semi-furnished,Vavol,,1-5 years,1,False,True,False,apartment,7.0,1.0,3.871201010907891,2.0,3840.0
"2 BHK Flatin Sargasan, Gandhinagar","Sargasan, Gandhinagar",51.0,3855.0,1323.0,"This property faces the north direction. Constructed on a super built up area of 147 sq.Yards, the flat comprises 2 bedroom(s), 2 bathrooms and 1 balcony. The property is located on the 2nd floor of a 5 floors tall building. Being a ready to move project, you can expect immediate possession of this 5-10 years old property. The beautifully designed vitrified flooring enhances the beauty of the f...",https://www.99acres.com/2-bhk-bedroom-apartment-flat-for-sale-in-sargasan-gandhinagar-1323-sqft-spid-M89082858,2.0,2.0,1.0,2.0,5.0,unfurnished,Sargasan,North,5-10 years,1,False,False,True,apartment,0.0,0.0,3.9512437185814275,2.0,3855.0
"2 BHK Flatin Sargasan, Gandhinagar","Sargasan, Gandhinagar",50.0,3779.0,1323.0,"The flat is facing the north direction. The flat occupies a super built up area of 147 sq.Yards that consists of 2 bedrooms, 2 bathrooms and 1 balcony. The residential building has 5 floors in total and the flat for sale is located on the top floor. An added advantage of this 5-10 years old flat is that it is available for immediate possession as the project is already ready to move. The floor ...",https://www.99acres.com/2-bhk-bedroom-apartment-flat-for-sale-in-sargasan-gandhinagar-1323-sqft-spid-Q89062876,2.0,2.0,1.0,,5.0,unfurnished,Sargasan,North,5-10 years,1,False,False,True,apartment,0.0,0.0,3.9318256327243257,2.0,3779.0
"2 BHK Flatin Sargasan, Gandhinagar","Sargasan, Gandhinagar",53.0,4427.0,1197.0,"Swimming pool facing, furnished apartment 22k rent is coming from the students who are living there. Fully vastu compliant, very good appreciation for long term. Near by tcs and other software company offices live. 1 car parking. Very peaceful and nice locality.",https://www.99acres.com/2-bhk-bedroom-apartment-flat-for-sale-in-swagat-afford-sargasan-gandhinagar-1197-sqft-spid-B88918210,0.0,2.0,1.0,,,furnished,Sargasan,Other,New,1,True,False,False,apartment,7.0,4.0,3.9889840465642745,2.0,4428.0
"3 BHK Flatin Sargasan, Gandhinagar","Sargasan, Gandhinagar",90.0,4651.0,1935.0,"Offering 1935 sq.Ft. Of living space, this 3 bhk flat on the 2nd floor of a 5-Story low-Rise building in maruti amrakunj, sargasan, gandhinagar, is available for immediate sale. Featuring 3 bedrooms and 3 bathrooms, this 10+ year old residential property comes unfurnished and benefits from proximity to several temples and dr. Mansis dental clinic.",https://www.99acres.com/3-bhk-bedroom-apartment-flat-for-sale-in-maruti-amrakunj-sargasan-gandhinagar-1935-sq-ft-spid-H89044704,3.0,3.0,1.0,2.0,5.0,unfurnished,Sargasan,,10-20 years,1,False,False,True,apartment,0.0,2.0,4.51085950651685,3.0,4651.0
"2 BHK Flatin Kalol, Gandhinagar","Kalol, Gandhinagar",30.0,3030.0,990.0,"The flat occupies a carpet area of 990 sq.Ft. That consists of 2 bedrooms, 2 bathrooms and 2 balconies. The residential building has 4 floors in total and the flat for sale is located on the 1st floor. This is a ready to move project and the property is 10+ years old. The floor of this flat is beautifully designed using marble flooring, giving the flat an alluring look. The society complex is i...",https://www.99acres.com/2-bhk-bedroom-apartment-flat-for-sale-in-kalol-gandhinagar-990-sqft-spid-L89039294,2.0,2.0,2.0,1.0,4.0,semi-furnished,Kalol,,10-20 years,1,False,True,False,apartment,0.0,0.0,3.4339872044851463,2.0,3030.0
"3 BHK Flatin Sargasan, Gandhinagar","Sargasan, Gandhinagar",110.0,5113.0,2151.0,"The flat is over 2151 sq.Ft. Carpet area and comes with 3 bedroom(s), 3 bathrooms and more than 3 balconies. The property is located on the 4th floor of a 14 floors tall building. This 0-1 year old property is available for immediate possession as the project is ready to move.
Price is not negotiable",https://www.99acres.com/3-bhk-bedroom-apartment-flat-for-sale-in-sargasan-gandhinagar-2151-sqft-spid-E89036802,3.0,3.0,3.0,4.0,14.0,,Sargasan,,New,1,False,False,False,apartment,0.0,0.0,4.709530201312334,3.0,5114.0
"2 BHK Flatin Gift City, Gandhinagar","Gift City, Gandhinagar",110.0,11000.0,1000.0,"Located in gift city , one of the tallest buildings of gift city World class infrastructure, swimming pool gym and garden withnovehiclezone,, allocate car parking area, ready to move in Beautiful view,",https://www.99acres.com/2-bhk-bedroom-apartment-flat-for-sale-in-sobha-dream-heights-gift-city-gandhinagar-1000-sqft-r1-spid-R82883692,2.0,2.0,1.0,,,,Gift City,,Unknown,1,False,True,False,apartment,0.0,0.0,4.709530201312334,2.0,11000.0
"2 BHK Flatin Sargasan, Gandhinagar","Sargasan, Gandhinagar",85.0,10866.0,782.0,"Located in swagat kingsland, sargasan, this 2 bhk flat offers 782.25 sq.Ft. Of modern living space on the 3rd floor of a high-Rise. Just a year old, the fully furnished apartment is ready for immediate sale. Enjoy conveniences like a fitness center, clubhouse, and proximity to schools, hospital, and shopping at swagat holiday mall.",https://www.99acres.com/2-bhk-bedroom-apartment-flat-for-sale-in-swagat-kingsland-sargasan-gandhinagar-782-sqft-spid-S88967214,2.0,2.0,1.0,3.0,,furnished,Sargasan,,New,1,False,True,False,apartment,4.0,2.0,4.454347296253507,2.0,10870.0
"3 BHK Flatin Koba, Gandhinagar","Koba, Gandhinagar",114.0,8085.0,1410.0,"Address: 1003/703, koba, raysan Key features: Location: At pdpu road, near gift city, gandhinagar Configuration: 3 bedrooms, 1 kitchen, 1 living/dining hall, 1 balcony, 3 bathroom Possession: Ready in march 2025 Other: Separate servant entry system, security or access control system Ultra modern 50+ amenities: No vehicle zone Kids' play area Landscaped garden Gymnasium Clubhouse Reserved parkin...",https://www.99acres.com/3-bhk-bedroom-apartment-flat-for-sale-in-dev-aashish-the-gate-koba-gandhinagar-1410-sqft-spid-X88840918,3.0,3.0,1.0,,,unfurnished,Koba,,New,1,False,True,False,apartment,14.0,0.0,4.74493212836325,3.0,8085.0
"3 BHK Flatin Randesan, Gandhinagar","Randesan, Gandhinagar",115.0,4768.0,2412.0,"Best for family. New construction. All latest amenities. Garden facing. East direction. Spacious rooms. Price negotiable. In raysan posh premium area of gandhinagar. Texas garden home. Recent possession. 2 years old property. 2nd floor , garden facing. East facing. Super spacious, sq yard - 268. Semi furnished. Two garden, multipurpose hall, gym, yoga room, theatre, club house, kids zone, spaci...",https://www.99acres.com/3-bhk-bedroom-apartment-flat-for-sale-in-texas-garden-home-randesan-gandhinagar-2412-sqft-spid-H88877486,2.0,2.0,1.0,2.0,,semi-furnished,Randesan,East,Unknown,1,False,True,False,apartment,21.0,0.0,4.7535901911063645,3.0,4768.0
"2 BHK Flatin Kudasan, Gandhinagar","Kudasan, Gandhinagar",80.0,4848.0,1650.0,"Located in pratham radhe empire, kudasan, gandhinagar, this 2 bhk furnished flat offers 1650 sq.Ft. On the 4th floor of a 7-Story mid-Rise. Ready for immediate occupancy, the 5-10 year old residence features 2 bedrooms, 2 baths, a modular kitchen, central ac, and parking. Nearby temples and clinics add to its convenient setting.",https://www.99acres.com/2-bhk-bedroom-apartment-flat-for-sale-in-pratham-radhe-empire-kudasan-gandhinagar-1650-sqft-spid-R88871826,2.0,2.0,1.0,4.0,7.0,furnished,Kudasan,,5-10 years,1,False,True,False,apartment,4.0,2.0,4.394449154672439,2.0,4848.0
"2 BHK Flatin Gift City, Gandhinagar","Gift City, Gandhinagar",166.0,11000.0,1511.0,"Own a future-Ready residence inside indias first financial smart city gift city An exclusive opportunity to own a premium residence in shilp north sky, one of the most strategically located residential developments within gift city, gandhinagar. This spacious 1,511 sq. Ft. Apartment on the 5th floor offers the perfect balance of elevation, accessibility, and livable luxury ideal for both end-Us...",https://www.99acres.com/2-bhk-bedroom-apartment-flat-for-sale-in-shilp-north-sky-gift-city-gandhinagar-1511-sqft-spid-T88867484,3.0,2.0,1.0,5.0,,,Gift City,,New,0,False,True,False,apartment,0.0,0.0,5.117993812416755,2.0,10986.0
"3 BHK Flatin Randesan, Gandhinagar","Randesan, Gandhinagar",100.0,11860.0,843.0,"Spacious and well-Maintained 3 bhk flat available for sale. The property has always been used for personal residence and has never been rented out, ensuring excellent upkeep and condition. The flat is in very good condition with clean interiors, proper ventilation, and a comfortable living space. Ideal for families looking for a ready-To-Move-In home.",https://www.99acres.com/3-bhk-bedroom-apartment-flat-for-sale-in-satyamev-riviera-randesan-gandhinagar-843-sqft-spid-M88862652,3.0,3.0,1.0,,,unfurnished,Randesan,,New,1,False,True,False,apartment,0.0,0.0,4.61512051684126,3.0,11862.0
"3 BHK Flatin Sargasan, Gandhinagar","Sargasan, Gandhinagar",110.0,9298.0,1183.0,"Located in swagat kingsland, sargasan, this newly constructed 3 bhk flat on the top (13th) floor offers 1183 sq.Ft. Of modern living space. Available immediately, it features three bedrooms, three bathrooms, and access to a fitness center and clubhouse. Close to schools, hospital, and shopping, it combines convenience with comfort in gandhinagar.",https://www.99acres.com/3-bhk-bedroom-apartment-flat-for-sale-in-swagat-kingsland-sargasan-gandhinagar-1183-sqft-spid-G88855456,3.0,3.0,1.0,13.0,13.0,,Sargasan,,New,1,False,True,False,apartment,4.0,4.0,4.709530201312334,3.0,9298.0
"2 BHK Flatin Sargasan, Gandhinagar","Sargasan, Gandhinagar",45.0,3846.0,1170.0,"The flat is facing the west direction. The floor plan additionally contains 2 bedroom(s), 2 bathrooms and 1 balcony. All in all, the flat is spread over a super built up area of 130 sq.Yards. This flat is situated on the 2nd floor of this 5 floors tall residential building. Being a ready to move project, you can expect immediate possession of this 10+ years old property. The well built vitrifie...",https://www.99acres.com/2-bhk-bedroom-apartment-flat-for-sale-in-sargasan-gandhinagar-1170-sqft-spid-V88818236,2.0,2.0,1.0,2.0,5.0,unfurnished,Sargasan,West,10-20 years,1,False,False,True,apartment,0.0,0.0,3.828641396489095,2.0,3846.0
"3 BHK Flatin Valad, Gandhinagar","Valad, Gandhinagar",68.0,7909.0,859.0,"This beautiful 3 bhk flat in valad, gandhinagar is situated in shyam status, one of the popular residential society in gandhinagar. This property faces the east direction. The floor plan additionally contains 3 bedroom(s), 3 bathrooms and 1 balcony. All in all, the flat is spread over a carpet area of 80 sq.M. This flat lies on the top level of a 9 storey building. An added advantage of this 1-...",https://www.99acres.com/3-bhk-bedroom-apartment-flat-for-sale-in-shyam-status-valad-gandhinagar-860-sq-ft-r2-spid-Z79632671,3.0,3.0,1.0,,9.0,,Valad,East,Unknown,1,False,True,False,apartment,0.0,0.0,4.23410650459726,3.0,7916.0
"3 BHK Flatin Koba, Gandhinagar","Koba, Gandhinagar",76.0,4286.0,1773.0,"We are the proud owners of this 3 bhk apartment available in shubh associates shubh pioneer, koba, gandhinagar. This it is a and the unit is located on 2nd floor and has a super built-Up area of 197 sq.Yards. It has 3 bathroom(s) and 3 balcony(s). The ownership is freehold type.",https://www.99acres.com/3-bhk-bedroom-apartment-flat-for-sale-in-shubh-associates-shubh-pioneer-koba-gandhinagar-1773-sqft-spid-T88835180,3.0,3.0,3.0,2.0,,,Koba,,New,1,False,False,True,apartment,0.0,0.0,4.343805421853684,3.0,4287.0
"3 BHK Flatin Pethapur, Gandhinagar","Pethapur, Gandhinagar",58.0,3747.0,1548.0,,https://www.99acres.com/3-bhk-bedroom-apartment-flat-for-sale-in-satyamev-royal-5-pethapur-gandhinagar-1548-sqft-spid-Q88829920,3.0,3.0,2.0,,,,Pethapur,,Unknown,0,False,False,True,apartment,,,4.07753744390572,3.0,3747.0
"2 BHK Flatin Sargasan, Gandhinagar","Sargasan, Gandhinagar",55.0,6715.0,819.0,"Residential apartment for sell.Located on 5th floor out of the 5 located in sargasan.It is a semifurnished property and all the home furniture is also available with it. The property has 2 bedrooms with 2 bathrooms .Available at an expected price of rs 5500000.The property comes with a good construction quality which ages 10 years old property,common car parking available",https://www.99acres.com/2-bhk-bedroom-apartment-flat-for-sale-in-prathna-greens-sargasan-gandhinagar-819-sq-ft-r3-spid-T76108661,2.0,2.0,1.0,5.0,5.0,semi-furnished,Sargasan,,10-20 years,1,False,True,False,apartment,0.0,0.0,4.02535169073515,2.0,6716.0
"2 BHK Flatin Sargasan, Gandhinagar","Sargasan, Gandhinagar",55.0,3943.0,1395.0,"Constructed on a super built up area of 155 sq.Yd the flat comprises 2 bedroom(s), 2 bathrooms and 1 balcony. The property is located on the top floor of a 5 floors tall building. As the project is already ready to move, so you can easily move into this 5-10 years old property.",https://www.99acres.com/2-bhk-bedroom-apartment-flat-for-sale-in-sargasan-gandhinagar-1395-sqft-spid-S88800444,2.0,2.0,1.0,,5.0,,Sargasan,,5-10 years,1,False,False,True,apartment,0.0,0.0,4.02535169073515,2.0,3943.0
"3 BHK Flatin Kudasan, Gandhinagar","Kudasan, Gandhinagar",140.0,5657.0,2475.0,,https://www.99acres.com/3-bhk-bedroom-apartment-flat-for-sale-in-revanta-fortune-3-kudasan-gandhinagar-2475-sqft-spid-Y88776416,3.0,3.0,1.0,,,,Kudasan,,Unknown,1,False,True,False,apartment,,,4.948759890378168,3.0,5657.0
"4 BHK Flatin Raysan, Gandhinagar","Raysan, Gandhinagar",215.0,8947.0,4383.0,"Available immediately, this 4 bhk flat in saamarth h7, raysan, gandhinagar spans 4383 sq.Ft. Situated on the 2nd floor of a 12-Story high-Rise, the nearly new apartment features 4 bedrooms and 4 bathrooms. Fully furnished, it includes a lift and a fitness center, close to key amenities like sarthak mall and swaminarayan dham international school.",https://www.99acres.com/4-bhk-bedroom-apartment-flat-for-sale-in-saamarth-h7-raysan-gandhinagar-4383-sqft-spid-O88743224,4.0,4.0,2.0,2.0,12.0,furnished,Raysan,,New,1,False,False,True,apartment,3.0,3.0,5.375278407684165,4.0,4905.0
"2 BHK Flatin Sargasan, Gandhinagar","Sargasan, Gandhinagar",58.0,4185.0,1386.0,"Situated in gift city, gandhinagar, divya sanskar city is a well planned society that offers a pleasant living experience to its residents. This 2 bhk flat in gandhinagar is your opportunity to be a part of this community. The flat is over 154 sq.Yards built up area and comes with 2 bedroom(s), 2 bathrooms . The flat has a total of 5 floors and this property is situated on 1st floor. Being a re...",https://www.99acres.com/2-bhk-bedroom-apartment-flat-for-sale-in-b-and-m-divya-sanskar-city-sargasan-gandhinagar-1386-sqft-r1-spid-F83296230,2.0,2.0,1.0,1.0,5.0,,Sargasan,,New,1,True,False,False,apartment,0.0,0.0,4.07753744390572,2.0,4185.0
"2 BHK Flatin Raysan, Gandhinagar","Raysan, Gandhinagar",52.0,8724.0,635.0,"Located in siddhivinayak suryam status, gandhinagar, this 5-10 year old 2 bhk flat spans 635 sq.Ft. Offering 2 bedrooms and 2 bathrooms on the 2nd floor of a 4-Story low-Rise, the property is immediately available. Partly furnished and close to the lift, its near multiple hospitals including health focus physiotherapy clinic.",https://www.99acres.com/2-bhk-bedroom-apartment-flat-for-sale-in-siddhivinayak-suryam-status-raysan-gandhinagar-635-sqft-spid-S88681518,2.0,2.0,1.0,2.0,4.0,semi-furnished,Raysan,,5-10 years,1,True,False,False,apartment,0.0,0.0,3.970291913552122,2.0,8189.0
"2 BHK Flatin Kalol, Gandhinagar","Kalol, Gandhinagar",45.0,3846.0,1170.0,"It is just 1.5 kms from sg highway, opposite to adalaj petrol pump. Fast growing community. Fast growing location, superb investment, one among the four 135 sq yd flats in the entire adalaj.",https://www.99acres.com/2-bhk-bedroom-apartment-flat-for-sale-in-parshwanath-royal-residency-kalol-gandhinagar-1170-sq-ft-r5-spid-N52787868,0.0,2.0,3.0,,,,Kalol,,Unknown,1,False,False,True,apartment,0.0,3.0,3.828641396489095,2.0,3846.0
"2 BHK Flatin Gift City, Gandhinagar","Gift City, Gandhinagar",114.0,8603.0,1325.0,"Available from march 2027, this 2 bhk unfurnished flat in shilp north sky, gift city, gandhinagar spans 1325 sq.Ft. Situated on the 7th floor of a 25-Story high-Rise and under construction, it offers vaastu compliance, power backup, parking, lift access, and amenities including a clubhouse and swimming pool. Key nearby facilities include shree rang mall and jamnabai narsee school.",https://www.99acres.com/2-bhk-bedroom-apartment-flat-for-sale-in-shilp-north-sky-gift-city-gandhinagar-1325-sqft-spid-L88724734,2.0,2.0,1.0,7.0,25.0,unfurnished,Gift City,,New,0,False,False,True,apartment,12.0,3.0,4.74493212836325,2.0,8604.0
"2 BHK Flatin Sargasan, Gandhinagar","Sargasan, Gandhinagar",65.0,5086.0,1278.0,"Located on the 2nd floor of a low-Rise building in bansal shiva blessing 1, sargasan, gandhinagar, this 10+ year old 3 bhk flat offers 1278 sq.Ft. Of well-Laid space with 3 bedrooms and 2 bathrooms. Fully furnished and available immediately, its close to several temples, ideal for residential living.",https://www.99acres.com/2-bhk-bedroom-apartment-flat-for-sale-in-bansal-shiva-blessing-1-sargasan-gandhinagar-1278-sqft-spid-R88700226,3.0,2.0,1.0,2.0,,furnished,Sargasan,,10-20 years,1,False,True,False,apartment,0.0,0.0,4.189654742026425,2.0,5086.0
"4 BHK Flatin Kudasan, Gandhinagar","Kudasan, Gandhinagar",210.0,10824.0,3240.0,"This property faces the south-West direction. The flat is over 3240 sq.Ft. Super built up area and comes with 4 bedroom(s), 4 bathrooms and more than 3 balconies. The residential building has 13 floors in total and the flat for sale is located on the 10th floor. An added advantage of this 1-5 years old flat is that it is available for immediate possession as the project is already ready to move...",https://www.99acres.com/4-bhk-bedroom-apartment-flat-for-sale-in-kudasan-gandhinagar-3240-sqft-spid-Z88612660,4.0,4.0,3.0,10.0,13.0,unfurnished,Kudasan,South-West,1-5 years,1,False,False,True,apartment,0.0,0.0,5.351858133476067,4.0,6481.0
"1 BHK Flatin Gift City, Gandhinagar","Gift City, Gandhinagar",95.0,17958.0,529.0,"The flat is over 529 sq.Ft. Carpet area and comes with 1 bedroom(s), 1 bathroom and 2 balconies. The flat has a total of 33 floors and this property is situated on 7th floor. As the property is currently under construction , you can expect to get the possession within 6 months. The vitrified flooring of this flat is beautifully designed and helps to give it a pleasing look. The flat will offer ...",https://www.99acres.com/1-bhk-bedroom-apartment-flat-for-sale-in-vida-by-nila-spaces-gift-city-gandhinagar-529-sqft-spid-O88689166,1.0,1.0,2.0,7.0,33.0,,Gift City,,New,0,False,False,False,apartment,0.0,0.0,4.564348191467836,1.0,17958.0
"2 BHK Flatin Pethapur, Gandhinagar","Pethapur, Gandhinagar",40.0,3221.0,1242.0,"Situated in siddharthwari height pethapur, this immediate-Sale 2 bhk flat on the top floor (3 of 3) offers 1242 sq.Ft. Of living space. The 1-5 year-Old apartment features 2 bedrooms, 2 bathrooms, and comes unfurnished. Enjoy proximity to multiple hospitals and the ambe mata mandir, combining convenience with comfort.Rs.40 base price",https://www.99acres.com/2-bhk-bedroom-apartment-flat-for-sale-in-pethapur-gandhinagar-1242-sqft-spid-I88686768,2.0,2.0,1.0,,3.0,unfurnished,Pethapur,,1-5 years,1,False,True,False,apartment,0.0,1.0,3.713572066704308,2.0,3221.0
"3 BHK Flatin Koba, Gandhinagar","Koba, Gandhinagar",110.0,6666.0,2300.0,"Located in sharnam platinum, gandhinagar, this newly constructed 3 bhk flat offers 2300 sq.Ft. Of semi-Furnished living space on the 13th floor of a 14-Story high-Rise. North-East facing and vaastu compliant, it features a modular kitchen, visitor parking, and overlooks the main road. Immediate availability, close to metro and schools.",https://www.99acres.com/3-bhk-bedroom-apartment-flat-for-sale-in-koba-gandhinagar-2300-sqft-spid-O88670236,3.0,3.0,1.0,13.0,14.0,semi-furnished,Koba,North-East,New,1,True,False,False,apartment,4.0,4.0,4.709530201312334,3.0,4783.0
"3 BHK Flatin Kolavada, Gandhinagar","Kolavada, Gandhinagar",37.74,3890.0,970.0,"ideal for families & investment If you are looking for a peaceful, spacious, and well-Located 3 bhk apartment in gandhinagar, this property in sitaram spring valley enclave, kolavada is an excellent opportunity for both end-Users and investors. This 3 bhk ap...",https://www.99acres.com/3-bhk-bedroom-apartment-flat-for-sale-in-sitaram-spring-valley-enclave-kolavada-gandhinagar-970-sqft-spid-V88633888,3.0,3.0,2.0,,,,Kolavada,,New,1,False,True,False,apartment,0.0,0.0,3.65687265797885,3.0,3891.0
"3 BHK Flatin Sargasan, Gandhinagar","Sargasan, Gandhinagar",75.0,3876.0,1935.0,"Maruti amrakunj is one of the most popular destination for buying apartments/ flats in sargasan, gandhinagar. You too can be a part of this society by purchasing this 3 bhk flat here. The flat is facing the east direction. The flat is over 215 sq.Yards super built up area and comes with 3 bedroom(s), 3 bathrooms and 1 balcony. The property is located on the top floor of a 5 floors tall building...",https://www.99acres.com/3-bhk-bedroom-apartment-flat-for-sale-in-maruti-amrakunj-sargasan-gandhinagar-1935-sq-ft-spid-K87220206,3.0,3.0,1.0,,5.0,unfurnished,Sargasan,East,New,1,False,False,True,apartment,0.0,0.0,4.330733340286331,3.0,3876.0
"2 BHK Flatin Kudasan, Gandhinagar","Kudasan, Gandhinagar",52.0,4444.0,1215.0,"2bhk flat spacious one for sale Type : Premium having 2bhk and 3bhk flats Entry: East facing 3 sided open property ( Two side open plot) Car parking: Basement allotted with extra space Amenities: Community hall, yoga room and garden, children play area Flat is full furnished with modular kitchen, sofa, wardrob, double bed, children bed, dinning table, safety grill, gas geycer connection, curtai...",https://www.99acres.com/2-bhk-bedroom-apartment-flat-for-sale-in-shree-krishna-sunshine-heights-2-kudasan-gandhinagar-1215-sqft-spid-U87950892,2.0,2.0,1.0,,,furnished,Kudasan,East,New,1,False,False,True,apartment,12.0,0.0,3.970291913552122,2.0,4280.0
"2 BHK Flatin Borishana, Gandhinagar","Borishana, Gandhinagar",43.0,3185.0,1350.0,"We are the proud owners of this 2 bhk apartment available in radhe arcade residency, kudasan, gandhinagar. This it is a and the unit is located on 4th floor and has a super built-Up area of 150 sq.Yards. It has 2 bathroom(s). The ownership is freehold type.",https://www.99acres.com/2-bhk-bedroom-apartment-flat-for-sale-in-borishana-gandhinagar-1350-sqft-r2-spid-S77947973,2.0,2.0,1.0,4.0,,,Kalol,,New,1,False,False,True,apartment,0.0,0.0,3.784189633918261,2.0,3185.0
"3 BHK Flatin Kudasan, Gandhinagar","Kudasan, Gandhinagar",145.0,4489.0,3230.0,"We are the proud owners of this 3 bhk apartment available in shivalay parisar, kudasan, gandhinagar. This it is a and the unit is located on 6th floor and has a super built-Up area of 134 sq.Ft. . It has 4 bathroom(s) and more than 3 balcony(s). The ownership is freehold type.",https://www.99acres.com/3-bhk-bedroom-apartment-flat-for-sale-in-shivalay-parisar-kudasan-gandhinagar-3230-sqft-spid-C88372154,3.0,4.0,3.0,6.0,,,Kudasan,,New,1,False,False,True,apartment,0.0,0.0,4.983606621708336,3.0,4489.0
"2 BHK Flatin Urjanagar 1, Randesan, Gandhinagar","Urjanagar 1, Randesan, Gandhinagar",50.0,5555.0,900.0,"It's a well maintained flat. It's totally furnished having a bed, wardrobe, 2 ac , water purifier, gas stove, gas geyser, freeze. So it's ready to move home.",https://www.99acres.com/2-bhk-bedroom-apartment-flat-for-sale-in-shukan-eye-urjanagar-1-gandhinagar-900-sqft-spid-A88336306,2.0,2.0,1.0,,,furnished,Randesan,,Unknown,1,False,True,False,apartment,0.0,0.0,3.9318256327243257,2.0,5556.0
"2 BHK Flatin Sargasan, Gandhinagar","Sargasan, Gandhinagar",63.72,4000.0,1593.0,"2bhk flat for sale in psy pramukh praise, sargasan, gandhinagar",https://www.99acres.com/2-bhk-bedroom-apartment-flat-for-sale-in-psy-pramukh-praise-sargasan-gandhinagar-1593-sqft-spid-A88290826,2.0,2.0,1.0,,,,Sargasan,,Unknown,0,False,False,True,apartment,0.0,0.0,4.170070272750237,2.0,4000.0
"1 BHK Flatin Kalol, Gandhinagar","Kalol, Gandhinagar",22.0,6011.0,365.0,Residential apartment for sell.The property comes with a good construction quality which ages 5-10 years old propertylocated in kalol.It is a unfurnished property.The property has 1 bedroom with 1 bathroom .Available at an expected price of rs 2200000.Located on ground floor out of the 5. Portico and common car parking available.,https://www.99acres.com/1-bhk-bedroom-apartment-flat-for-sale-in-tata-new-heaven-compact-kalol-gandhinagar-366-sqft-r2-spid-X74789039,1.0,1.0,1.0,0.0,5.0,unfurnished,Kalol,,5-10 years,1,False,True,False,apartment,0.0,0.0,3.1354942159291497,1.0,6027.0
"3 BHK Flatin Randesan, Gandhinagar","Randesan, Gandhinagar",137.0,4803.0,2844.0,"Located in the popular residential address of randesan, gandhinagar, arth saharsh viera is one of the most preferred destination for apartments in gandhinagar. This 3 bhk flat is your ticket to be a part of this community. The flat occupies a carpet area of 316 sq.Yards that consists of 3 bedrooms, 3 bathrooms and 3 balconies. This flat is situated on the 2nd floor of this 12 floors tall reside...",https://www.99acres.com/3-bhk-bedroom-apartment-flat-for-sale-in-arth-saharsh-viera-randesan-gandhinagar-2844-sq-ft-spid-Q87879208,3.0,3.0,3.0,2.0,12.0,,Randesan,,New,1,False,True,False,apartment,0.0,0.0,4.927253685157205,3.0,4817.0
"2 BHK Flatin Kolavada, Gandhinagar","Kolavada, Gandhinagar",50.0,3076.0,1625.3489,"Speceas hall & 2 bedrooms fully furnished, fully greell saftey, completely house for radey",https://www.99acres.com/2-bhk-bedroom-apartment-flat-for-sale-in-shree-harikrushna-residency-kolavada-gandhinagar-151-sqft-spid-F87848856,2.0,2.0,1.0,,,furnished,Kolavada,,Unknown,1,True,False,False,apartment,0.0,0.0,3.9318256327243257,2.0,3076.0
"2 BHK Flatin Vavol, Gandhinagar","Vavol, Gandhinagar",53.0,4601.0,1152.0,,https://www.99acres.com/2-bhk-bedroom-apartment-flat-for-sale-in-vavol-gandhinagar-1152-sqft-spid-J87830144,2.0,2.0,1.0,,,,Vavol,,Unknown,1,False,True,False,apartment,,,3.9889840465642745,2.0,4601.0
"2 BHK Flatin Sargasan, Gandhinagar","Sargasan, Gandhinagar",60.0,4357.0,1377.0,"Looking for a 2 bhk property for sale in gandhinagar? Buy this 2 bhk flat in devnandan summit that is situated in sargasan, gandhinagar. Constructed on a super built up area of 1377 sq.Ft., the flat comprises 2 bedroom(s), 2 bathrooms and 2 balconies. The residential building has 5 floors in total and the flat for sale is located on the 4th floor. This 10+ years old property is available for im...",https://www.99acres.com/2-bhk-bedroom-apartment-flat-for-sale-in-devnandan-summit-sargasan-gandhinagar-1377-sqft-spid-Q87760138,2.0,2.0,2.0,4.0,5.0,,Sargasan,,10-20 years,1,False,False,True,apartment,0.0,0.0,4.110873864173311,2.0,4357.0
"3 BHK Builder Floorin Pethapur, Gandhinagar","Pethapur, Gandhinagar",35.0,5161.284994802587,678.1256999999999,"2bhk flate, ready to move Arbuda residency, near ramdevpir temple, Pethapur, gandhinagar",https://www.99acres.com/3-bhk-bedroom-independent-builder-floor-for-sale-in-pethapur-gandhinagar-63-sqft-spid-L87717098,2.0,2.0,1.0,,,,Pethapur,,New,1,False,True,False,apartment,0.0,0.0,3.58351893845611,3.0,5161.0
"3 BHK Flatin Sargasan, Gandhinagar","Sargasan, Gandhinagar",93.0,4408.0,2109.0,1. Very close to tech parks like infocity (5 min distance) and gift city (10 min distance) 2. Property in c block which is open from both sides for maximum air ventilation 3. Amenities facing balcony view from 12th floor 4. Double car parking allocated 5. 2 min from s.G. Highway via palm road 6. Behing swagat holiday mall 7. 2 min distance from dmart 8. 100ft road at entrance of society 9. Semi...,https://www.99acres.com/3-bhk-bedroom-apartment-flat-for-sale-in-atishay-shivalay-3-sargasan-gandhinagar-2110-sqft-spid-C87581246,0.0,3.0,2.0,12.0,14.0,semi-furnished,Sargasan,Other,New,1,False,True,False,apartment,2.0,16.0,4.543294782270004,3.0,4410.0
"2 BHK Flatin Raysan, Gandhinagar","Raysan, Gandhinagar",95.0,6899.0,1377.0,"Residential apartment This is your chance to a 2 bhk penthouse apartment / flat for sale in shubh 36 raysan gandhinagar . Where luxury comes with affordability. Basic details: You will love this bright and spacious 2 bedroom apartment with 2 bathrooms, modular kitchen, spacious hall and 2 balconies.The balcony offers a great view and is a place to enjoy at any time. This house provides ample na...",https://www.99acres.com/2-bhk-bedroom-apartment-flat-for-sale-in-shubh-36-raysan-gandhinagar-1377-sq-ft-spid-V83217124,2.0,2.0,2.0,,,,Raysan,,New,1,False,True,False,apartment,0.0,0.0,4.564348191467836,2.0,6899.0
"4 BHK Flatin Gift City, Gandhinagar","Gift City, Gandhinagar",325.0,10483.0,3100.0,,https://www.99acres.com/4-bhk-bedroom-apartment-flat-for-sale-in-savvy-marina-gift-city-gandhinagar-3100-sqft-r1-spid-W81014055,4.0,4.0,2.0,,,,Gift City,,Unknown,0,False,False,True,apartment,,,5.786897381366708,4.0,10484.0
"3 BHK Flatin Randesan, Gandhinagar","Randesan, Gandhinagar",80.0,3950.0,2025.0,3bhk semi furnished flat in good condition with personal terrace right and allocated parking and other amenities like garden security club house,https://www.99acres.com/3-bhk-bedroom-apartment-flat-for-sale-in-sheetal-vedika-habitat-randesan-gandhinagar-2025-sqft-spid-P87391234,3.0,3.0,1.0,,,semi-furnished,Randesan,,New,1,False,False,True,apartment,5.0,0.0,4.394449154672439,3.0,3951.0
"3 BHK Flatin Randesan, Gandhinagar","Randesan, Gandhinagar",100.0,4193.0,2385.0,"3 bhk apartment on the 10th floor in the premium aynam sarita project offering rare open views, superior connectivity, and long-Term privacy. Location advantages - 100 m walking distance from randesan metro station (On the metro line) - Project with dual road frontage on 18 m & 40 m wide roads - West-Facing apartment overlooking the 40 m road, ensuring excellent light and ventilation Apartment ...",https://www.99acres.com/3-bhk-bedroom-apartment-flat-for-sale-in-ayunam-sarita-randesan-gandhinagar-2385-sqft-spid-C87376296,3.0,3.0,1.0,10.0,,unfurnished,Randesan,West,New,0,False,False,True,apartment,2.0,3.0,4.61512051684126,3.0,4193.0
"2 BHK Flatin Sargasan, Gandhinagar","Sargasan, Gandhinagar",65.0,5159.0,1260.0,,https://www.99acres.com/2-bhk-bedroom-apartment-flat-for-sale-in-saundarya-444-sargasan-gandhinagar-1260-sqft-spid-G87347000,2.0,2.0,1.0,,,,Sargasan,,Unknown,1,False,True,False,apartment,,,4.189654742026425,2.0,5159.0
"3 BHK Flatin adalaj, Gandhinagar","adalaj, Gandhinagar",100.0,8818.0,1134.0,"The flat receives ample natural sunlight and excellent air ventilation, as all windows are oriented toward the south-East direction.",https://www.99acres.com/3-bhk-bedroom-apartment-flat-for-sale-in-gandhinagar-1134-sqft-spid-R87335048,3.0,3.0,2.0,,,,Adalaj,South-East,Unknown,1,False,True,False,apartment,0.0,0.0,4.61512051684126,3.0,8818.0
"3 BHK Flatin Randesan, Gandhinagar","Randesan, Gandhinagar",145.0,5461.0,2655.0,,https://www.99acres.com/3-bhk-bedroom-apartment-flat-for-sale-in-polaris-calice-randesan-gandhinagar-2655-sqft-spid-J87318828,3.0,3.0,1.0,,,,Randesan,,Unknown,0,False,False,True,apartment,,,4.983606621708336,3.0,5461.0
"3 BHK Flatin Pethapur, Gandhinagar","Pethapur, Gandhinagar",75.0,4188.0,1791.0,,https://www.99acres.com/3-bhk-bedroom-apartment-flat-for-sale-in-avadh-aamrakunj-royal-pethapur-gandhinagar-1791-sqft-spid-O87256812,3.0,3.0,2.0,,,,Pethapur,,Unknown,1,False,True,False,apartment,,,4.330733340286331,3.0,4188.0
"2 BHK Flatin Vavol, Gandhinagar","Vavol, Gandhinagar",50.0,4000.0,1250.0,"Located in neeva neelkanth heights, vavol, gandhinagar, this furnished 2 bhk flat spans 1250 sq.Ft on the 2nd floor of a low-Rise, 5-10 year old building. Featuring 2 bedrooms and bathrooms, the corner apartment overlooks a park and offers 24/7 water, gated society security, visitor parking, and on-Call maintenance. Immediate availability.",https://www.99acres.com/2-bhk-bedroom-apartment-flat-for-sale-in-neeva-neelkanth-heights-vavol-gandhinagar-1250-sqft-spid-Y87127996,2.0,2.0,1.0,2.0,5.0,furnished,Vavol,Other,5-10 years,1,False,True,False,apartment,6.0,0.0,3.9318256327243257,2.0,4000.0
"3 BHK Flatin Sargasan, Gandhinagar","Sargasan, Gandhinagar",80.0,4233.0,1890.0,Residential apartment for sell.The property has 3 bedrooms with 3 bathrooms .It is a semifurnished property.Located in sargasan.Available at an expected price of rs 8000000.Located on 4th floor out of the 6 the property comes with a good construction quality which ages 1-5 years old property,https://www.99acres.com/3-bhk-bedroom-apartment-flat-for-sale-in-shreeji-sahjanand-sarjan-sargasan-gandhinagar-1890-sqft-r3-spid-O76711659,3.0,3.0,1.0,4.0,6.0,semi-furnished,Sargasan,,1-5 years,1,False,True,False,apartment,0.0,0.0,4.394449154672439,3.0,4233.0
"1 BHK Flatin SG Highway, Gandhinagar","SG Highway, Gandhinagar",35.0,5185.0,675.0,"Located at near thaltej gurudwara walking distance, sg highway",https://www.99acres.com/1-bhk-bedroom-apartment-flat-for-sale-in-sg-highway-gandhinagar-675-sq-ft-spid-Z86987976,1.0,1.0,1.0,,,,SG Highway,,Unknown,1,False,True,False,apartment,0.0,3.0,3.58351893845611,1.0,5185.0
"2 BHK Flatin Sargasan, Gandhinagar","Sargasan, Gandhinagar",60.0,5286.0,1135.0,"We are the proud owners of this 2 bhk apartment available in madhuram greens, sargasan, gandhinagar. This it is a and the unit is located on 3rd floor and has a super built-Up area of 1135 sq.Ft. . It has 2 bathroom(s) and 2 balcony(s). The ownership is freehold type.",https://www.99acres.com/2-bhk-bedroom-apartment-flat-for-sale-in-madhuram-greens-sargasan-gandhinagar-1135-sqft-spid-W86895074,2.0,2.0,2.0,3.0,,,Sargasan,,New,1,False,False,True,apartment,0.0,0.0,4.110873864173311,2.0,5286.0
"2 BHK Flatin Pethapur, Gandhinagar","Pethapur, Gandhinagar",53.0,4118.0,1287.0,"We are the proud owners of this 2 bhk apartment available in satyamev royal 5, pethapur, gandhinagar. This it is a and the unit is located on 10th floor and has a super built-Up area of 1450 sq.Ft. . It has 2 bathroom(s) and 1 balcony(s). The ownership is freehold type.",https://www.99acres.com/2-bhk-bedroom-apartment-flat-for-sale-in-satyamev-royal-5-pethapur-gandhinagar-1287-sqft-spid-E86876034,2.0,2.0,1.0,10.0,,,Pethapur,,New,0,False,False,True,apartment,0.0,0.0,3.9889840465642745,2.0,4118.0
"2 BHK Flatin Kudasan, Gandhinagar","Kudasan, Gandhinagar",65.0,5159.0,1260.0,"Fully furnished 2 bhk flat for sale swagat rainforest 2, kudasan, gandhinagar Hello, I am selling my beautifully maintained, fully furnished 2 bhk flat in swagat rainforest 2, opp. Swaminarayan dham, kudasan. This is one of the most premium units in the scheme with excellent layout and rare features. Flat size * 1257 sq. Ft. * 140 sq. Yard * 116.71 sq. Meter Key highlights of the flat * fully f...",https://www.99acres.com/2-bhk-bedroom-apartment-flat-for-sale-in-kudasan-gandhinagar-1260-sqft-spid-X86755242,2.0,2.0,1.0,,,furnished,Kudasan,,New,1,False,True,False,apartment,0.0,0.0,4.189654742026425,2.0,5159.0
"5 BHK Flatin Randesan, Gandhinagar","Randesan, Gandhinagar",180.0,4237.0,4248.0,Near pdpu collage. Dhodakuva. Gandhinagar Also near metro station,https://www.99acres.com/5-bhk-bedroom-apartment-flat-for-sale-in-royal-riviera-2-randesan-gandhinagar-4248-sqft-spid-O86671034,5.0,3.0,2.0,,,,Randesan,,Unknown,1,False,True,False,apartment,0.0,3.0,5.198497031265826,5.0,4237.0
"1 BHK Flatin Gift City, Gandhinagar","Gift City, Gandhinagar",110.0,20794.0,529.0,"Step in the modern city with excellent facilities and value for money it's one time opportunity to be in very few of them in gift city gandhinagar,",https://www.99acres.com/1-bhk-bedroom-apartment-flat-for-sale-in-vida-by-nila-spaces-gift-city-gandhinagar-529-sqft-spid-A86667154,1.0,1.0,1.0,,,,Gift City,,Unknown,0,False,True,False,apartment,0.0,0.0,4.709530201312334,1.0,20794.0
"3 BHK Flatin Sargasan, Gandhinagar","Sargasan, Gandhinagar",115.0,4646.0,2475.0,"Price - 1,15,00,000 Price including (Gst, geb, legal, guda etc all charges) Price excluding (Stamp duty and maintanance deposit)",https://www.99acres.com/3-bhk-bedroom-apartment-flat-for-sale-in-polaris-casarica-sargasan-gandhinagar-2475-sqft-spid-X86549348,3.0,3.0,1.0,,,,Sargasan,,Unknown,0,True,False,False,apartment,0.0,0.0,4.7535901911063645,3.0,4646.0
"2 BHK Flatin Sargasan, Gandhinagar","Sargasan, Gandhinagar",52.0,6115.0,850.0,"We are the proud owners of this 2 bhk apartment available in b and m divya sanskar city, sargasan, gandhinagar. This it is a and the unit is located on 3rd floor and has a super built-Up area of 850 sq.Ft. . It has 2 bathroom(s) and 2 balcony(s). The ownership is freehold type.",https://www.99acres.com/2-bhk-bedroom-apartment-flat-for-sale-in-b-and-m-divya-sanskar-city-sargasan-gandhinagar-850-sqft-spid-L86425790,2.0,2.0,2.0,3.0,,,Sargasan,,New,1,False,False,True,apartment,0.0,0.0,3.970291913552122,2.0,6118.0
"2 BHK Builder Floorin Gift City, Gandhinagar","Gift City, Gandhinagar",62.3,10180.0,612.0,"This 2 bhk builder floor located in gift city, one of the prime locations in gandhinagar, is available for sale. Equipped with 2 bedrooms, 2 bathrooms and 1 balcony. This property is unfurnished. This builder floor provides you built up area of 142 sq.Yards. This beautiful property resides at 5th floor of 13 floors building. It is 0-1 year old ready to move property. The type of ownership of th...",https://www.99acres.com/2-bhk-bedroom-independent-builder-floor-for-sale-in-gift-city-gandhinagar-1278-sqft-spid-N86240080,2.0,2.0,1.0,5.0,13.0,unfurnished,Gift City,,New,1,False,True,False,builder floor,0.0,0.0,4.147885329150131,2.0,10180.0
"3 BHK Flatin Pethapur, Gandhinagar","Pethapur, Gandhinagar",46.0,2192.0,2098.9605,,https://www.99acres.com/3-bhk-bedroom-apartment-flat-for-sale-in-rudra-radhika-residency-pethapur-gandhinagar-195-sqft-spid-R86192870,3.0,3.0,2.0,,,,Pethapur,,Unknown,1,False,True,False,apartment,,,3.8501476017100584,3.0,2192.0
"3 BHK Flatin Kalol, Gandhinagar","Kalol, Gandhinagar",72.0,3484.0,2066.6688,"Tata new heaven compact is one of gandhinagar's most sought after destination for apartments and this 3 bhk flat in kalol is your opportunity to be a part of this community. The flat is north-East-Facing. The flat occupies a carpet area of 192 sq.Ft. That consists of 3 bedrooms, 3 bathrooms and 1 balcony. This flat lies on the 1st level of a 13 storey building. An added advantage of this 1-5 ye...",https://www.99acres.com/3-bhk-bedroom-apartment-flat-for-sale-in-tata-new-heaven-compact-kalol-gandhinagar-192-sqft-spid-K85979734,3.0,3.0,1.0,1.0,13.0,unfurnished,Kalol,North-East,1-5 years,1,False,True,False,apartment,0.0,0.0,4.290459441148391,3.0,3484.0
"2 BHK Flatin Sargasan, Gandhinagar","Sargasan, Gandhinagar",60.0,4819.0,1245.0,"Located in aavkar emerald, sargasan, this 2 bhk apartment on the 13th floor of a 14-Story high-Rise offers 1245 sq.Ft. Of well-Designed space. The 1-5 year old flat features 2 bedrooms and 2 bathrooms, is fully furnished, and available for immediate sale. Enjoy proximity to sg highway, daiict, and aashka hospital, with community amenities like a club and power back-Up.",https://www.99acres.com/2-bhk-bedroom-apartment-flat-for-sale-in-aavkar-emerald-sargasan-gandhinagar-1245-sqft-spid-O85920432,2.0,2.0,1.0,13.0,14.0,furnished,Sargasan,,1-5 years,1,False,False,True,apartment,2.0,3.0,4.110873864173311,2.0,4819.0
"3 BHK Flatin Sargasan, Gandhinagar","Sargasan, Gandhinagar",137.0,5923.0,2313.0,"This 3 bhk flat is located in avani prashth, which houses some of the most spacious flats in sargasan, gandhinagar. This residential flat is north-East-Facing direction. The flat occupies a carpet area of 257 sq.Yards that consists of 3 bedrooms, 3 bathrooms and 1 balcony. The residential building has 11 floors in total and the flat for sale is located on the 10th floor. Being a ready to move p...",https://www.99acres.com/3-bhk-bedroom-apartment-flat-for-sale-in-sargasan-gandhinagar-2313-sqft-spid-B85911586,3.0,3.0,1.0,10.0,11.0,unfurnished,Sargasan,North-East,New,1,False,True,False,apartment,0.0,0.0,4.927253685157205,3.0,5923.0
"3 BHK Flatin Kudasan, Gandhinagar","Kudasan, Gandhinagar",120.0,5042.0,2376.0,Best in class property available at kudasan location in gandhinagar,https://www.99acres.com/3-bhk-bedroom-apartment-flat-for-sale-in-kudasan-gandhinagar-2376-sqft-r1-spid-F69699670,3.0,3.0,1.0,,,,Kudasan,,Unknown,1,True,False,False,apartment,0.0,0.0,4.795790545596741,3.0,5051.0
"2 BHK Flatin Urjanagar 1, Randesan, Gandhinagar","Urjanagar 1, Randesan, Gandhinagar",58.0,4603.0,1260.0,"Kanam residency 2 is one of the most popular destination for buying apartments/ flats in urjanagar 1, gandhinagar. You too can be a part of this society by purchasing this 2 bhk flat here. Containing 2 bedroom(s), 2 bathrooms and 3 balconies, this flat is spread over a carpet area of 1260 sq.Ft. The flat has a total of 5 floors and this property is situated on 3rd floor. Being a ready to move p...",https://www.99acres.com/2-bhk-bedroom-apartment-flat-for-sale-in-kanam-residency-2-urjanagar-1-gandhinagar-1260-sqft-spid-Q85835370,2.0,2.0,3.0,3.0,5.0,,Randesan,,New,1,False,True,False,apartment,0.0,0.0,4.07753744390572,2.0,4603.0
"3 BHK Flatin Vavol, Gandhinagar","Vavol, Gandhinagar",72.0,6050.0,1190.0,Call on 94280 50309 for 3 bhk ready to move flat available for sell in vavol gandhinagar,https://www.99acres.com/3-bhk-bedroom-apartment-flat-for-sale-in-ananta-arizona-sky-vavol-gandhinagar-1190-sqft-spid-D85399856,3.0,3.0,2.0,,,,Vavol,,New,1,False,True,False,apartment,0.0,0.0,4.290459441148391,3.0,6050.0
"2 BHK Flatin Pethapur, Gandhinagar","Pethapur, Gandhinagar",51.0,3829.0,1332.0,One of the best scheme to stay as it is having following advantage,https://www.99acres.com/2-bhk-bedroom-apartment-flat-for-sale-in-akshar-tirth-pethapur-gandhinagar-1332-sqft-spid-Y85186760,2.0,2.0,1.0,,,,Pethapur,,Unknown,1,False,False,True,apartment,0.0,0.0,3.9512437185814275,2.0,3829.0
"4 BHK Flatin Sargasan, Gandhinagar","Sargasan, Gandhinagar",205.0,7052.0,2907.0,"Semi furnished apartment with 4 washrooms and great amenities. One of the only apartments in gandhinagar to have amenities like mini golf course, squash court and cafe i.E. Swagat agacia.",https://www.99acres.com/4-bhk-bedroom-apartment-flat-for-sale-in-sargasan-gandhinagar-2907-sqft-r2-spid-I68149778,4.0,4.0,2.0,,,semi-furnished,Sargasan,,New,1,True,False,False,apartment,26.0,0.0,5.327876168789581,4.0,7052.0
"3 BHK Flatin Randesan, Gandhinagar","Randesan, Gandhinagar",175.0,7840.0,2232.0,"3 bhk, premium fully furnished flat in siddhraj zoey , having all amenities in society i.E. Swimming pool, gym, yoga room, tt room, packle ball, badminton, children play area cricket, walking track on top floor etc.. Newly constructed. Extra premium society. 2 parking , proper security in the society.",https://www.99acres.com/3-bhk-bedroom-apartment-flat-for-sale-in-siddhraj-zoey-randesan-gandhinagar-2232-sqft-spid-S84761652,3.0,3.0,1.0,,,furnished,Randesan,,New,1,False,True,False,apartment,22.0,0.0,5.170483995038151,3.0,7841.0
"2 BHK Flatin Gift City, Gandhinagar","Gift City, Gandhinagar",115.0,9770.0,1177.0,"Property for sale in gujarat international finance tec city, gift city. This 2 bhk flat is located in gift city's most promising location. This property is posted by owner and there is no brokerage involved. This flat's price is rs 1.15 cr. The built-Up area is 700 square_feet. The property has 2 bedrooms and 2 bathroom.",https://www.99acres.com/2-bhk-bedroom-apartment-flat-for-sale-in-gift-city-gandhinagar-1177-sqft-spid-Y84289500,2.0,2.0,1.0,,,,Gift City,,New,0,False,True,False,apartment,0.0,0.0,4.7535901911063645,2.0,9771.0
"4 BHK Flatin Sargasan, Gandhinagar","Sargasan, Gandhinagar",365.0,9259.0,3942.0,"Situated in sargasan, gandhinagar, siddhraj z plus is a well planned society that offers a pleasant living experience to its residents. This 4 bhk flat in gandhinagar is your opportunity to be a part of this community. The flat is over 3942 sq.Ft. Super built up area and comes with 4 bedroom(s), 6 bathrooms and 1 balcony. This flat is situated on the 4th floor of this 7 floors tall residential ...",https://www.99acres.com/4-bhk-bedroom-apartment-flat-for-sale-in-siddhraj-z-plus-sargasan-gandhinagar-3942-sqft-spid-I84205158,4.0,6.0,1.0,4.0,7.0,,Sargasan,,New,1,False,False,True,apartment,0.0,0.0,5.902633333401366,4.0,9259.0
"2 BHK Flatin Panchvati, Kalol, Gandhinagar","Panchvati, Kalol, Gandhinagar",34.99,3110.0,1125.0,"Discover your heaven in kalol(Gandhinagar)! Spacious flat for sale Size: 2 bhk flat (125 vaar). Price for sale: Rs 34,99,000. Key features -Two well-Appointed bedrooms -Modern kitchen with sleek finishes -Bright and airy living spaces -Ample storage options -Bedroom with balcony Why you'll adore it: 1) perfect proximity: A stone's throw from sbi bank, temple, market, school, and rickshaw stand....",https://www.99acres.com/2-bhk-bedroom-apartment-flat-for-sale-in-park-view-panchvati-gandhinagar-1125-sqft-spid-E83377068,2.0,2.0,1.0,,,,Kalol,,New,1,False,False,True,apartment,0.0,4.0,3.5832411220909393,2.0,3110.0
"3 BHK Flatin Gift City, Gandhinagar","Gift City, Gandhinagar",247.00000000000003,12167.0,2030.0,,https://www.99acres.com/3-bhk-bedroom-apartment-flat-for-sale-in-savvy-marina-gift-city-gandhinagar-2030-sqft-spid-Z83282770,3.0,3.0,2.0,,,,Gift City,,Unknown,0,False,False,True,apartment,,,5.5134287461649825,3.0,12167.0
"3 BHK Flatin Kudasan, Gandhinagar","Kudasan, Gandhinagar",161.0,11926.0,2250.0,"Fully furnished home , with ac (3 rooms) , personal solar system.",https://www.99acres.com/3-bhk-bedroom-apartment-flat-for-sale-in-mahalaxmi-royal-palace-kudasan-gandhinagar-2250-sqft-spid-X83257088,3.0,3.0,1.0,,,furnished,Kudasan,,Unknown,1,False,False,True,apartment,0.0,0.0,5.087596335232384,3.0,7156.0
"2 BHK Flatin Gift City, Gandhinagar","Gift City, Gandhinagar",142.0,16147.0,1599.0,,https://www.99acres.com/2-bhk-bedroom-apartment-flat-for-sale-in-shivalik-skyview-gift-city-gandhinagar-1600-sqft-spid-A83247380,2.0,2.0,1.0,,,,Gift City,,Unknown,0,False,False,True,apartment,,,4.962844630259907,2.0,8881.0
"2 BHK Flatin Gift City, Gandhinagar","Gift City, Gandhinagar",155.0,24603.0,630.0,"More specific information and detailed understanding with the salient features of my flat in sobha dream heights situated in most modern gift city premises of international standards. It's india's 1st international financial services centre(Ifsc) built with all international level facilities & amenities. Almost all top level financial & it companies are working here like hsbc, bank of america, ...",https://www.99acres.com/2-bhk-bedroom-apartment-flat-for-sale-in-sobha-dream-heights-gift-city-gandhinagar-1109-sq-ft-spid-O83241948,2.0,2.0,1.0,,,,Gift City,,Unknown,1,False,True,False,apartment,0.0,0.0,5.049856007249537,2.0,24603.0
"2 BHK Flatin Vavol, Gandhinagar","Vavol, Gandhinagar",90.0,2809.0,3204.0,"Open from three sides, pent house, walking distance from gandhinagar railway station. Located within 3 kms from medical college hospital, city bus stand. Ac in drawing and bed rooms, furnished drawing room, fully furnished kitchen, drawing and one bedroom. Open space ,own terrace, area for gardening",https://www.99acres.com/2-bhk-bedroom-apartment-flat-for-sale-in-vaidehi-2-residency-vavol-gandhinagar-3204-sqft-spid-P83010640,1.0,1.0,1.0,,,furnished,Vavol,,New,1,True,False,False,penthouse,2.0,2.0,4.51085950651685,2.0,2809.0
"2 BHK Flatin Gift City, Gandhinagar","Gift City, Gandhinagar",130.0,16731.0,786.0,"Sangath ipl smart life is one of gandhinagar's most sought after destination for apartments and this 2 bhk flat in gift city is your opportunity to be a part of this community. This property faces the north direction. The flat is over 786 sq.Ft. Built up area and comes with 2 bedroom(s), 2 bathrooms and 1 balcony. This flat lies on the 12th level of a 24 storey building. Being a ready to move p...",https://www.99acres.com/2-bhk-bedroom-apartment-flat-for-sale-in-sangath-ipl-smart-life-gift-city-gandhinagar-786-sqft-r2-spid-C77521885,2.0,2.0,1.0,12.0,21.0,unfurnished,Gift City,North,New,1,True,False,False,apartment,0.0,0.0,4.875197323201151,2.0,16539.0
"2 BHK Flatin Koba, Gandhinagar","Koba, Gandhinagar",48.0,4000.0,1200.0,"We are the proud owners of this 2 bhk apartment available in psy pramukh elegance, koba, gandhinagar. This it is a and the unit is located on 5th floor and has a super built-Up area of 1200 sq.Ft. . It has 2 bathroom(s) and 2 balcony(s). The ownership is freehold type.",https://www.99acres.com/2-bhk-bedroom-apartment-flat-for-sale-in-psy-pramukh-elegance-koba-gandhinagar-1200-sq-ft-spid-S82899678,2.0,2.0,2.0,5.0,,,Koba,,New,1,False,False,True,apartment,0.0,0.0,3.8918202981106265,2.0,4000.0
"3 BHK Flatin Randheja, Gandhinagar","Randheja, Gandhinagar",70.0,4444.0,1575.0,"Fully furnished and attached fitting item this price ex... 3 a/c, chimney, gas connection with gas geyser.... Any more",https://www.99acres.com/3-bhk-bedroom-apartment-flat-for-sale-in-polaris-elina-randheja-gandhinagar-1575-sqft-spid-K82568944,3.0,3.0,3.0,,,furnished,Randheja,,Unknown,1,False,True,False,apartment,0.0,0.0,4.2626798770413155,3.0,4444.0
"2 BHK Flatin Sargasan, Gandhinagar","Sargasan, Gandhinagar",56.0,4382.0,1278.0,,https://www.99acres.com/2-bhk-bedroom-apartment-flat-for-sale-in-sargasan-gandhinagar-1278-sqft-spid-O81926214,2.0,2.0,1.0,,,,Sargasan,,Unknown,1,False,True,False,apartment,,,4.04305126783455,2.0,4382.0
"4 BHK Flatin Sargasan, Gandhinagar","Sargasan, Gandhinagar",140.0,4394.0,3186.0,"New construction, garden faceing view , within 3 month possession Other charges dasatavej ,guda ,geb,maintaince ,deposite , other charges extra",https://www.99acres.com/4-bhk-bedroom-apartment-flat-for-sale-in-atmos-by-solaire-sargasan-gandhinagar-3186-sqft-spid-B81905450,4.0,4.0,2.0,,,,Sargasan,Other,Unknown,0,True,False,False,apartment,3.0,0.0,4.948759890378168,4.0,4394.0
"2 BHK Flatin Koba, Gandhinagar","Koba, Gandhinagar",55.0,4583.0,1200.0,,https://www.99acres.com/2-bhk-bedroom-apartment-flat-for-sale-in-psy-pramukh-elegance-koba-gandhinagar-1200-sqft-r1-spid-A78785439,2.0,2.0,1.0,,,,Koba,,Unknown,1,False,True,False,apartment,,,4.02535169073515,2.0,4583.0
"1 BHK Flatin Sargasan, Gandhinagar","Sargasan, Gandhinagar",36.0,5194.0,693.0,"Cctv camera at every floor and terrace Swagat holiday mall nearby 1 km Kis, ved, achiver school near S.G. Highway 1 km Hospital and dmart near by Good rental income",https://www.99acres.com/1-bhk-bedroom-apartment-flat-for-sale-in-shree-rang-nano-city-1-and-2-sargasan-gandhinagar-693-sqft-spid-O81666738,1.0,1.0,1.0,,,,Sargasan,,New,1,False,False,True,apartment,2.0,7.0,3.6109179126442243,1.0,5195.0
"2 BHK Flatin Gift City, Gandhinagar","Gift City, Gandhinagar",150.0,11450.0,1310.0,,https://www.99acres.com/2-bhk-bedroom-apartment-flat-for-sale-in-sangath-ipl-smart-life-gift-city-gandhinagar-1310-sqft-spid-I80610273,2.0,2.0,1.0,,,,Gift City,,Unknown,1,False,False,True,apartment,,,5.017279836814924,2.0,11450.0
"2 BHK Flatin Randesan, Gandhinagar","Randesan, Gandhinagar",69.0,5180.0,1332.0,,https://www.99acres.com/2-bhk-bedroom-apartment-flat-for-sale-in-pravesh-by-kaavyaratna-randesan-gandhinagar-1332-sqft-spid-J90517172,2.0,2.0,1.0,,,,Randesan,,Unknown,0,False,True,False,apartment,,,4.248495242049359,2.0,5180.0
"4 BHK Flatin Sargasan, Gandhinagar","Sargasan, Gandhinagar",140.0,4394.0,3186.0,"Prime location , near hospital, school , highway, mall , hospital",https://www.99acres.com/4-bhk-bedroom-apartment-flat-for-sale-in-atmos-by-solaire-sargasan-gandhinagar-3186-sqft-spid-U90380780,4.0,4.0,2.0,,,,Sargasan,,Unknown,1,False,True,False,apartment,0.0,7.0,4.948759890378168,4.0,4394.0
"3 BHK Flatin Kudasan, Gandhinagar","Kudasan, Gandhinagar",140.0,5245.0,2669.0,,https://www.99acres.com/3-bhk-bedroom-apartment-flat-for-sale-in-kudasan-gandhinagar-2669-sqft-spid-D90359798,3.0,3.0,1.0,,,,Kudasan,,Unknown,1,False,True,False,apartment,,,4.948759890378168,3.0,5245.0
"3 BHK Flatin Sargasan, Gandhinagar","Sargasan, Gandhinagar",80.0,9500.0,842.0,"The flat is north-West-Facing. The floor plan additionally contains 3 bedroom(s), 3 bathrooms and 1 balcony. All in all, the flat is spread over a carpet area of 78 sq.M. The flat has a total of 13 floors and this property is situated on 1st floor. This 1-5 years old property is available for immediate possession as the project is ready to move. The beautifully designed marble flooring enhances...",https://www.99acres.com/3-bhk-bedroom-apartment-flat-for-sale-in-samved-dreams-sargasan-gandhinagar-842-sqft-spid-E91274176,3.0,3.0,1.0,1.0,13.0,unfurnished,Sargasan,North-West,1-5 years,1,False,True,False,apartment,0.0,0.0,4.394449154672439,3.0,9501.0
"3 BHK Flatin Kudasan, Gandhinagar","Kudasan, Gandhinagar",86.0,4550.0,1890.0,,https://www.99acres.com/3-bhk-bedroom-apartment-flat-for-sale-in-ekarth-one-kudasan-gandhinagar-1890-sqft-spid-A90517550,3.0,3.0,1.0,,,,Kudasan,,Unknown,1,False,True,False,apartment,,,4.465908118654584,3.0,4550.0
"3 BHK Flatin Sargasan, Gandhinagar","Sargasan, Gandhinagar",110.0,5135.0,2142.0,,https://www.99acres.com/3-bhk-bedroom-apartment-flat-for-sale-in-hari-aalay-sargasan-gandhinagar-2142-sqft-spid-H90518746,3.0,3.0,1.0,,,,Sargasan,,Unknown,1,False,True,False,apartment,,,4.709530201312334,3.0,5135.0
"3 BHK Flatin Sargasan, Gandhinagar","Sargasan, Gandhinagar",101.0,4141.0,2439.0,Newly property constructed in sargasan Near gurudwara s g highway,https://www.99acres.com/3-bhk-bedroom-apartment-flat-for-sale-in-sargasan-gandhinagar-2439-sqft-r1-spid-Z85506362,3.0,3.0,1.0,,,,Sargasan,,Unknown,0,False,False,True,apartment,0.0,3.0,4.624972813284271,3.0,4141.0
"1 BHK Flatin Kalol, Gandhinagar","Kalol, Gandhinagar",20.0,3076.0,650.0,"1)d mart sirf do minute ki dooripar -Ghar ka rasan ab bina kisi tention ke 2) reputed school - Acche education ke liye top english/ hindi medium school sirf 5 minute ka rasta 3) multi-Speciality hospital ab 10 minute me , medical suvidha ab apke apno ki sehaat ke liye 4) bus stop / highway ,near me trasport connectivity ab asan , 5) lift ,cctv camara and back up partial full hai To aj hi visit ...",https://www.99acres.com/1-bhk-bedroom-apartment-flat-for-sale-in-samarpan-residency-kalol-gandhinagar-650-sqft-spid-D89946506,1.0,1.0,1.0,,,,Kalol,,Unknown,1,False,True,False,apartment,0.0,5.0,3.044522437723423,1.0,3077.0
"3 BHK Flatin Sargasan, Gandhinagar","Sargasan, Gandhinagar",120.0,4796.0,2502.0,"Constructed on a super built up area of 2502 sq.Ft., the flat comprises 3 bedroom(s), 3 bathrooms and 1 balcony. This flat lies on the top level of a 10 storey building. An added advantage of this 0-1 year old flat is that it is available for immediate possession as the project is already ready to move. Many of the modern amenities being offered, like swimming pool, fitness centre / gym, club h...",https://www.99acres.com/3-bhk-bedroom-apartment-flat-for-sale-in-vv-akshat-paradise-sargasan-gandhinagar-2502-sq-ft-spid-U90765264,3.0,3.0,1.0,,10.0,,Sargasan,,New,1,False,False,True,apartment,7.0,0.0,4.795790545596741,3.0,4796.0
"3 BHK Flatin Koba, Gandhinagar","Koba, Gandhinagar",97.0,9417.0,1030.0,"The floor plan additionally contains 3 bedroom(s), 3 bathrooms and 1 balcony. All in all, the flat is spread over a carpet area of 1030 sq.Ft. This flat is situated on the 6th floor of this 13 floors tall residential building. The flat is currently under construction stage and you can expect to get the possession of the property by october 2027. Nature surrounding apartment, amenities like a gy...",https://www.99acres.com/3-bhk-bedroom-apartment-flat-for-sale-in-koba-gandhinagar-1030-sqft-r1-spid-F88885050,3.0,3.0,1.0,6.0,13.0,,Koba,,New,0,False,True,False,apartment,3.0,0.0,4.584967478670572,3.0,9417.0
"2 BHK Flatin Kudasan, Gandhinagar","Kudasan, Gandhinagar",70.0,4575.0,1530.0,"The floor plan additionally contains 2 bedroom(s), 2 bathrooms and 1 balcony. All in all, the flat is spread over a built up area of 1360 sq.Ft. The flat has a total of 8 floors and this property is situated on 5th floor. This 5-10 years old property is available for immediate possession as the project is ready to move. Well maintained society, very neat & clean, peaceful and family-Friendly at...",https://www.99acres.com/2-bhk-bedroom-apartment-flat-for-sale-in-kudasan-gandhinagar-1530-sqft-spid-F90126264,2.0,2.0,1.0,5.0,8.0,,Kudasan,,5-10 years,1,True,False,False,apartment,0.0,0.0,4.2626798770413155,2.0,4575.0
"3 BHK Flatin Sargasan, Gandhinagar","Sargasan, Gandhinagar",71.0,8969.0,791.0,"This is a west-Facing property. Constructed on a carpet area of 74 sq.M., the flat comprises 3 bedroom(s), 2 bathrooms and 3 balconies. The residential building has 11 floors in total and the flat for sale is located on the 7th floor. This is a ready to move project and the property is 0-1 year old. The floor of this flat is beautifully designed using ceramic flooring, giving the flat an alluri...",https://www.99acres.com/3-bhk-bedroom-apartment-flat-for-sale-in-shreeji-sahajanand-shayona-sargasan-gandhinagar-792-sqft-spid-G90540880,3.0,2.0,3.0,7.0,11.0,unfurnished,Sargasan,West,New,1,False,True,False,apartment,0.0,0.0,4.276666119016055,3.0,8976.0
"3 BHK Flatin Kudasan, Gandhinagar","Kudasan, Gandhinagar",90.0,3801.0,2368.058,,https://www.99acres.com/3-bhk-bedroom-apartment-flat-for-sale-in-sneh-kunj-elegance-kudasan-gandhinagar-220-sq-ft-spid-I90789158,3.0,3.0,1.0,,,,Kudasan,,Unknown,1,False,True,False,apartment,,,4.51085950651685,3.0,3801.0
"5 BHK Flatin Koba, Gandhinagar","Koba, Gandhinagar",207.0,4873.0,4248.0,"Safal bliss where elegance finds its address Welcome to safal bliss, an iconic residential experience in kobagandhinagar, thoughtfully designed for those who seek refined living without compromise. More than just a home, safal bliss is a statement of elegance, comfort, and modern sophistication set within a vibrant yet serene community. Every detail at safal bliss reflects a harmonious blend of...",https://www.99acres.com/5-bhk-bedroom-apartment-flat-for-sale-in-koba-gandhinagar-4248-sqft-spid-E90749216,5.0,4.0,3.0,,,,Koba,,Unknown,1,False,False,True,apartment,0.0,0.0,5.337538079701318,5.0,4873.0
"3 BHK Flatin Raysan, Gandhinagar","Raysan, Gandhinagar",83.0,4520.0,1836.0,"The list suggests a project focused on luxury, privacy, and convenience. Here is why those specific points are likely being highlighted: ""podium garden with no vehicle movement"": This is a major safety and lifestyle perk. It creates a quiet, car-Free green space for residents, kids, and elderly family members to walk or relax without worrying about traffic or noise. ""90 ft gap between blocks"" &...",https://www.99acres.com/3-bhk-bedroom-apartment-flat-for-sale-in-meraki-86-raysan-gandhinagar-1836-sqft-spid-N90764616,3.0,3.0,1.0,,,,Raysan,,Unknown,0,False,False,True,apartment,0.0,0.0,4.430816798843313,3.0,4521.0
"4 BHK Flatin Randesan, Gandhinagar","Randesan, Gandhinagar",141.0,4747.0,2970.0,"Newly construct property ,ready to move property near adarsh and metro station, near swaminarayan dham , near smvs hospital etc",https://www.99acres.com/4-bhk-bedroom-apartment-flat-for-sale-in-randesan-gandhinagar-2970-sq-ft-r1-spid-X84915488,4.0,4.0,2.0,,,,Randesan,,Unknown,1,True,False,False,apartment,0.0,0.0,4.955827057601261,4.0,4747.0
"3 BHK Flatin Kudasan, Gandhinagar","Kudasan, Gandhinagar",85.0,4197.0,2025.0,"Check out this 3 bhk apartment for sale in casa rio, a popular residential project that houses in-Demand flats in kudasan, gandhinagar. The flat is east-Facing. The flat is over 225 sq.Yards super built up area and comes with 3 bedroom(s), 3 bathrooms and 1 balcony. The property is located on the 2nd floor of a 5 floors tall building. This is a ready to move project and the property is 5-10 yea...",https://www.99acres.com/3-bhk-bedroom-apartment-flat-for-sale-in-casa-rio-kudasan-gandhinagar-2025-sqft-spid-R87475570,3.0,3.0,1.0,2.0,5.0,unfurnished,Kudasan,East,5-10 years,1,False,False,True,apartment,0.0,0.0,4.454347296253507,3.0,4198.0
"3 BHK Flatin Raysan, Gandhinagar","Raysan, Gandhinagar",78.8,4271.0,1845.0,"This 3 bhk apartment is available for sale in madhav skyline, one of the most prominent projects for flats in raysan, gandhinagar. This residential flat is east-Facing direction. The floor plan additionally contains 3 bedroom(s), 3 bathrooms and 1 balcony. All in all, the flat is spread over a super built up area of 205 sq.Yards. This flat lies on the 6th level of a 13 storey building. The flat...",https://www.99acres.com/3-bhk-bedroom-apartment-flat-for-sale-in-madhav-skyline-raysan-gandhinagar-1845-sqft-spid-B87406366,3.0,3.0,1.0,6.0,13.0,unfurnished,Raysan,East,New,0,False,False,True,apartment,0.0,0.0,4.379523504455763,3.0,4271.0
"3 BHK Flatin Gift City, Gandhinagar","Gift City, Gandhinagar",169.0,9000.0,1875.0,"Constructed on a super built up area of 1875 sq.Ft., the flat comprises 3 bedroom(s), 3 bathrooms and 1 balcony. The flat has a total of 25 floors and this property is situated on 2nd floor. The flat is currently under construction stage and you can expect to get the possession of the property by march 2028. For queries, contact a real estate agent such as tulja estate pvt. Ltd. In ahmedabad.",https://www.99acres.com/3-bhk-bedroom-apartment-flat-for-sale-in-gift-city-gandhinagar-1875-sqft-spid-I90608492,3.0,3.0,1.0,2.0,25.0,,Gift City,,New,0,False,False,True,apartment,0.0,0.0,5.135798437050262,3.0,9013.0
"2 BHK Flatin Raysan, Gandhinagar","Raysan, Gandhinagar",71.5,4318.0,1656.0,"Situated in raysan, gandhinagar, madhav skyline is a well planned society that offers a pleasant living experience to its residents. This 2 bhk flat in gandhinagar is your opportunity to be a part of this community. The flat is facing the east direction. The floor plan additionally contains 2 bedroom(s), 2 bathrooms and 1 balcony. All in all, the flat is spread over a super built up area of 184...",https://www.99acres.com/2-bhk-bedroom-apartment-flat-for-sale-in-madhav-skyline-raysan-gandhinagar-1656-sqft-spid-N87406204,2.0,2.0,1.0,,,,Raysan,East,New,0,False,False,True,apartment,0.0,0.0,4.283586561860629,2.0,4318.0
"3 BHK Flatin Sargasan, Gandhinagar","Sargasan, Gandhinagar",96.0,5203.0,1845.0,"This residential flat is east-Facing direction. The floor plan additionally contains 3 bedroom(s), 3 bathrooms and 1 balcony. All in all, the flat is spread over a super built up area of 205 sq.Yards. The property is located on the 4th floor of a 5 floors tall building. Being a ready to move project, you can expect immediate possession of this 5-10 years old property. The well built vitrified f...",https://www.99acres.com/3-bhk-bedroom-apartment-flat-for-sale-in-siddhraj-zold-sargasan-gandhinagar-1845-sqft-spid-Z88651360,3.0,3.0,1.0,4.0,5.0,unfurnished,Sargasan,East,5-10 years,1,False,False,True,apartment,0.0,0.0,4.574710978503383,3.0,5203.0
"3 BHK Flatin Randesan, Gandhinagar","Randesan, Gandhinagar",113.0,4685.0,2412.0,"This 3 bhk apartment is available for sale in the balcony by kaavyaratna, one of the most prominent projects for flats in randesan, gandhinagar. This is a east-Facing property. Containing 3 bedroom(s), 4 bathrooms and 3 balconies, this flat is spread over a super built up area of 268 sq.Yards. This flat is situated on the 6th floor of this 18 floors tall residential building. The flat is curren...",https://www.99acres.com/3-bhk-bedroom-apartment-flat-for-sale-in-the-balcony-by-kaavyaratna-randesan-gandhinagar-2412-sqft-r2-spid-F87444194,3.0,4.0,3.0,6.0,18.0,unfurnished,Randesan,East,New,0,False,False,True,apartment,0.0,0.0,4.736198448394496,3.0,4685.0
"4 BHK Flatin Sargasan, Gandhinagar","Sargasan, Gandhinagar",175.0,4369.0,4005.0,"Located in the popular residential address of sargasan, gandhinagar, the avante is one of the most preferred destination for apartments in gandhinagar. This 4 bhk flat is your ticket to be a part of this community. The flat is facing the east direction. The flat occupies a super built up area of 4005 sq.Ft. That consists of 4 bedrooms, 4 bathrooms and more than 3 balconies. The residential buil...",https://www.99acres.com/4-bhk-bedroom-apartment-flat-for-sale-in-sargasan-gandhinagar-4005-sqft-r2-spid-A87556058,4.0,4.0,3.0,,,,Sargasan,East,New,0,False,False,True,apartment,0.0,0.0,5.170483995038151,4.0,4370.0
"3 BHK Flatin Sargasan, Gandhinagar","Sargasan, Gandhinagar",93.0,3885.0,2394.0,"Situated in sargasan, gandhinagar, roseville regius is a well planned society that offers a pleasant living experience to its residents. This 3 bhk flat in gandhinagar is your opportunity to be a part of this community. The flat is east-Facing. Constructed on a super built up area of 266 sq.Yards, the flat comprises 3 bedroom(s), 4 bathrooms and 2 balconies. This flat lies on the 6th level of a...",https://www.99acres.com/3-bhk-bedroom-apartment-flat-for-sale-in-sargasan-gandhinagar-2394-sqft-r2-spid-F87444218,3.0,4.0,2.0,6.0,,unfurnished,Sargasan,East,New,0,False,False,True,apartment,0.0,0.0,4.543294782270004,3.0,3885.0
"3 BHK Flatin Randesan, Gandhinagar","Randesan, Gandhinagar",107.0,5284.0,2025.0,"This property faces the east direction. Constructed on a super built up area of 225 sq.Yards, the flat comprises 3 bedroom(s), 3 bathrooms and 1 balcony. The residential building has 13 floors in total and the flat for sale is located on the 11th floor. This 0-1 year old property is available for immediate possession as the project is ready to move. The beautifully designed vitrified flooring e...",https://www.99acres.com/3-bhk-bedroom-apartment-flat-for-sale-in-randesan-gandhinagar-2025-sqft-spid-L89785714,3.0,3.0,1.0,11.0,13.0,unfurnished,Randesan,East,New,1,False,False,True,apartment,0.0,0.0,4.68213122712422,3.0,5284.0
"3 BHK Flatin Koba, Gandhinagar","Koba, Gandhinagar",99.0,4701.0,2106.0,"This is a east-Facing property. The flat occupies a super built up area of 234 sq.Yards that consists of 3 bedrooms, 3 bathrooms and 1 balcony. The property is located on the 10th floor of a 13 floors tall building. This residential property is still under construction and will be available for possession by december 2028. The well built vitrified flooring enhances the aesthetic appeal of this ...",https://www.99acres.com/3-bhk-bedroom-apartment-flat-for-sale-in-koba-gandhinagar-2106-sqft-spid-Y89758138,3.0,3.0,1.0,10.0,13.0,,Koba,East,New,0,False,False,True,apartment,-1.0,0.0,4.605170185988092,3.0,4701.0
"3 BHK Flatin Sargasan, Gandhinagar","Sargasan, Gandhinagar",95.0,3838.0,2475.0,,https://www.99acres.com/3-bhk-bedroom-apartment-flat-for-sale-in-polaris-casarica-sargasan-gandhinagar-2475-sqft-spid-N91117032,3.0,3.0,1.0,,,,Sargasan,,Unknown,1,False,False,True,apartment,,,4.564348191467836,3.0,3838.0
"4 BHK Flatin Koba, Gandhinagar","Koba, Gandhinagar",375.0,5556.0,6750.0,"Looking for a 4 bhk property for sale in gandhinagar? Buy this 4 bhk flat in ekarth sarvam that is situated in koba, gandhinagar. This residential flat is north-West-Facing direction. The flat is over 6750 sq.Ft. Super built up area and comes with 4 bedroom(s), 4 bathrooms and 1 balcony. The property is located on the 10th floor of a 18 floors tall building. Moreover, the flat is currently unde...",https://www.99acres.com/4-bhk-bedroom-apartment-flat-for-sale-in-ekarth-sarvam-koba-gandhinagar-6750-sqft-r5-spid-L82744274,4.0,4.0,1.0,10.0,18.0,unfurnished,Koba,North-West,New,0,False,False,True,apartment,0.0,0.0,5.929589143389895,4.0,5556.0
"4 BHK Flatin Khoraj, Gandhinagar","Khoraj, Gandhinagar",230.0,6310.0,3645.0,"This is a west-Facing property. Containing 4 bedroom(s), 4 bathrooms and 1 balcony, this flat is spread over a super built up area of 405 sq.Yards. The property is located on the 3rd floor of a 20 floors tall building. The flat is currently under construction stage and you can expect to get the possession of the property by december 2027. The vitrified flooring of this flat is beautifully desig...",https://www.99acres.com/4-bhk-bedroom-apartment-flat-for-sale-in-khoraj-gandhinagar-3645-sqft-r1-spid-B88951100,4.0,4.0,1.0,3.0,20.0,,Khoraj,West,New,0,False,False,True,apartment,2.0,0.0,5.442417710521793,4.0,6310.0
"3 BHK Flatin Koba, Gandhinagar","Koba, Gandhinagar",132.0,4731.0,2790.0,"Sun spacelink is one of the most popular destination for buying apartments/ flats in koba, gandhinagar. You too can be a part of this society by purchasing this 3 bhk flat here. The flat is facing the west direction. The flat occupies a super built up area of 310 sq.Yards that consists of 3 bedrooms, 3 bathrooms and 1 balcony. This flat lies on the 3rd level of a 12 storey building. This reside...",https://www.99acres.com/3-bhk-bedroom-apartment-flat-for-sale-in-sun-spacelink-koba-gandhinagar-2790-sqft-r2-spid-E86913060,3.0,3.0,1.0,3.0,12.0,unfurnished,Koba,West,New,0,False,False,True,apartment,0.0,0.0,4.890349128221754,3.0,4731.0
"3 BHK Flatin Raysan, Gandhinagar","Raysan, Gandhinagar",131.0,5431.0,2412.0,"This 3 bhk flat is located in vinayak courtyard, which houses some of the most spacious flats in raysan, gandhinagar. The flat is facing the west direction. The flat occupies a super built up area of 268 sq.Yards that consists of 3 bedrooms, 3 bathrooms and 1 balcony. The property is located on the 2nd floor of a 8 floors tall building. Being a ready to move project, you can expect immediate po...",https://www.99acres.com/3-bhk-bedroom-apartment-flat-for-sale-in-vinayak-courtyard-raysan-gandhinagar-2412-sqft-r2-spid-S86912510,3.0,3.0,1.0,2.0,8.0,unfurnished,Raysan,West,New,1,False,False,True,apartment,0.0,0.0,4.882801922586371,3.0,5431.0
"6 BHK Flatin Khoraj, Gandhinagar","Khoraj, Gandhinagar",425.0,6996.0,6075.0,"This is a west-Facing property. The floor plan additionally contains 6 bedroom(s), 6 bathrooms and 1 balcony. All in all, the flat is spread over a super built up area of 675 sq.Yards. This flat is situated on the 12th floor of this 20 floors tall residential building. Moreover, the flat is currently under construction and possession is expected by december 2027. The vitrified flooring of this ...",https://www.99acres.com/6-bhk-bedroom-apartment-flat-for-sale-in-khoraj-gandhinagar-6075-sqft-spid-M88951694,6.0,6.0,1.0,12.0,20.0,,Khoraj,West,New,0,False,False,True,apartment,-1.0,0.0,6.054439346269371,6.0,6996.0
"6 BHK Flatin Khoraj, Gandhinagar","Khoraj, Gandhinagar",450.0,7143.0,6300.0,"This property faces the west direction. Constructed on a super built up area of 700 sq.Yards, the flat comprises 6 bedroom(s), 6 bathrooms and 1 balcony. This flat is situated on the 7th floor of this 20 floors tall residential building. Moreover, the flat is currently under construction and possession is expected by december 2027. The well built vitrified flooring enhances the aesthetic appeal...",https://www.99acres.com/6-bhk-bedroom-apartment-flat-for-sale-in-khoraj-gandhinagar-6300-sqft-spid-M88951534,6.0,6.0,1.0,7.0,20.0,,Khoraj,West,New,0,False,False,True,apartment,2.0,0.0,6.111467339502679,6.0,7143.0
"4 BHK Flatin Khoraj, Gandhinagar","Khoraj, Gandhinagar",250.0,6567.0,3807.0,"The flat is facing the west direction. The flat is over 423 sq.Yards super built up area and comes with 4 bedroom(s), 4 bathrooms and 1 balcony. The property is located on the 12th floor of a 20 floors tall building. The flat is currently under construction stage and you can expect to get the possession of the property by december 2027. The beautifully designed vitrified flooring enhances the b...",https://www.99acres.com/4-bhk-bedroom-apartment-flat-for-sale-in-khoraj-gandhinagar-3807-sqft-spid-E88951288,4.0,4.0,1.0,12.0,20.0,,Khoraj,West,New,0,False,False,True,apartment,0.0,0.0,5.5254529391317835,4.0,6567.0
"4 BHK Flatin Khoraj, Gandhinagar","Khoraj, Gandhinagar",240.0,6488.0,3699.0,"The flat is west-Facing. The floor plan additionally contains 4 bedroom(s), 4 bathrooms and 1 balcony. All in all, the flat is spread over a super built up area of 411 sq.Yards. The flat has a total of 20 floors and this property is situated on 13th floor. Moreover, the flat is currently under construction and possession is expected by december 2027. The beautifully designed vitrified flooring ...",https://www.99acres.com/4-bhk-bedroom-apartment-flat-for-sale-in-khoraj-gandhinagar-3699-sqft-spid-V88951182,4.0,4.0,1.0,13.0,20.0,,Khoraj,West,New,0,False,False,True,apartment,-1.0,0.0,5.484796933490655,4.0,6488.0
"4 BHK Flatin Khoraj, Gandhinagar","Khoraj, Gandhinagar",220.00000000000003,6220.0,3537.0,"The flat is west-Facing. The flat is over 393 sq.Yards super built up area and comes with 4 bedroom(s), 4 bathrooms and 1 balcony. This flat is situated on the 9th floor of this 20 floors tall residential building. As the property is currently under construction , you can expect to get the possession by march 2027. The flat comes well built with vitrified flooring options. All the modern amenit...",https://www.99acres.com/4-bhk-bedroom-apartment-flat-for-sale-in-khoraj-gandhinagar-3537-sqft-spid-F88951012,4.0,4.0,1.0,9.0,20.0,unfurnished,Khoraj,West,New,0,False,False,True,apartment,16.0,0.0,5.398162701517753,4.0,6220.0
"3 BHK Flatin Sargasan, Gandhinagar","Sargasan, Gandhinagar",115.0,9341.0,1231.0,"This residential flat is north-East-Facing direction. The flat occupies a carpet area of 1231 sq.Ft. That consists of 3 bedrooms, 3 bathrooms and 2 balconies. This flat is situated on the 4th floor of this 9 floors tall residential building. Being a ready to move project, you can expect immediate possession of this 1-5 years old property. The beautifully designed vitrified flooring enhances the...",https://www.99acres.com/3-bhk-bedroom-apartment-flat-for-sale-in-sargasan-gandhinagar-1231-sqft-spid-K88651000,3.0,3.0,2.0,4.0,9.0,unfurnished,Sargasan,North-East,1-5 years,1,False,True,False,apartment,0.0,0.0,4.7535901911063645,3.0,9342.0
"3 BHK Flatin Randesan, Gandhinagar","Randesan, Gandhinagar",121.0,5356.0,2259.0,"Constructed on a super built up area of 2259 sq.Ft., the flat comprises 3 bedroom(s), 3 bathrooms and 1 balcony. This flat is situated on the 5th floor of this 13 floors tall residential building. Being a ready to move project, you can expect immediate possession of this 0-1 year old property. All the modern amenities such as swimming pool, fitness centre / gym, park and lift(s) will make life ...",https://www.99acres.com/3-bhk-bedroom-apartment-flat-for-sale-in-pramukh-omkar-rivanta-randesan-gandhinagar-2259-sqft-spid-A89160101,3.0,3.0,1.0,5.0,13.0,,Randesan,,New,1,False,False,True,apartment,8.0,0.0,4.804021044733257,3.0,5356.0
"3 BHK Flatin Khoraj, Gandhinagar","Khoraj, Gandhinagar",78.0,4228.0,1845.0,"This residential flat is east-Facing direction. The flat occupies a super built up area of 205 sq.Yards that consists of 3 bedrooms, 3 bathrooms and 1 balcony. The flat has a total of 14 floors and this property is situated on 2nd floor. An added advantage of this 0-1 year old flat is that it is available for immediate possession as the project is already ready to move. The floor of this flat i...",https://www.99acres.com/3-bhk-bedroom-apartment-flat-for-sale-in-khoraj-gandhinagar-1845-sqft-spid-I88695552,3.0,3.0,1.0,2.0,14.0,unfurnished,Khoraj,East,New,1,False,False,True,apartment,0.0,0.0,4.3694478524670215,3.0,4228.0
"2 BHK Flatin Kudasan, Gandhinagar","Kudasan, Gandhinagar",55.0,6715.0,819.0,"Available prime location in kudasan 2bhk for sale, just walking available hospital, school , malls , and more .Property with balcony view in road side.",https://www.99acres.com/2-bhk-bedroom-apartment-flat-for-sale-in-kudasan-gandhinagar-819-sqft-spid-G90954878,2.0,2.0,1.0,,,,Kudasan,Other,New,1,False,True,False,apartment,0.0,4.0,4.02535169073515,2.0,6716.0
"2 BHK Flatin Kudasan, Gandhinagar","Kudasan, Gandhinagar",55.0,5213.951168218939,1054.8622,Available flat for sell in prime location kudasan near poddar international school. Road facing property and purely residencial society.,https://www.99acres.com/2-bhk-bedroom-apartment-flat-for-sale-in-siddhidhata-astha-kudasan-gandhinagar-98-sqft-spid-Y90788720,2.0,2.0,1.0,,,unfurnished,Kudasan,Other,Unknown,1,False,True,False,apartment,0.0,1.0,4.02535169073515,2.0,5214.0
"2 BHK Flatin Randesan, Gandhinagar","Randesan, Gandhinagar",60.0,3876.0,1548.0,"This property faces the east direction. The flat is over 172 sq.Yards super built up area and comes with 2 bedroom(s), 2 bathrooms and 1 balcony. The property is located on the 5th floor of a 7 floors tall building. Being a ready to move project, you can expect immediate possession of this 0-1 year old property. The flat comes well built with vitrified flooring options. This flat is located nea...",https://www.99acres.com/2-bhk-bedroom-apartment-flat-for-sale-in-randesan-gandhinagar-1548-sqft-spid-G90680932,2.0,2.0,1.0,5.0,7.0,semi-furnished,Randesan,East,New,1,False,False,True,apartment,0.0,0.0,4.110873864173311,2.0,3876.0
"1 BHK Flatin Vavol, Gandhinagar","Vavol, Gandhinagar",35.0,3535.0,990.0,"Madhavan appartment is one of the most popular destination for buying apartments/ flats in vavol, gandhinagar. You too can be a part of this society by purchasing this 1 bhk flat here. This residential flat is east-Facing direction. The flat occupies a super built up area of 110 sq.Yards that consists of 1 bedroom, 1 bathroom and 1 balcony. The residential building has 4 floors in total and the...",https://www.99acres.com/1-bhk-bedroom-apartment-flat-for-sale-in-vavol-gandhinagar-990-sqft-spid-G87410716,1.0,1.0,1.0,,4.0,,Vavol,East,New,1,False,False,True,apartment,0.0,0.0,3.58351893845611,1.0,3535.0
"4 BHK Flatin Uvarsad, Gandhinagar","Uvarsad, Gandhinagar",190.0,5658.0,3358.0,"The flat is facing the north-East direction. The flat is over 373 sq.Yards super built up area and comes with 4 bedroom(s), 4 bathrooms and 3 balconies. The flat has a total of 7 floors and this property is situated on top floor. This 1-5 years old property is available for immediate possession as the project is ready to move. The flat comes well built with vitrified flooring options. Megh malh...",https://www.99acres.com/4-bhk-bedroom-apartment-flat-for-sale-in-megh-malhar-uvarsad-gandhinagar-3358-sqft-spid-Y89887486,4.0,4.0,3.0,,7.0,semi-furnished,Uvarsad,North-East,1-5 years,1,False,False,True,apartment,0.0,0.0,5.25227342804663,4.0,5658.0
"2 BHK Flatin Vavol, Gandhinagar","Vavol, Gandhinagar",55.0,4889.0,1125.0,"The flat is facing the east direction. The flat is over 125 sq.Yards super built up area and comes with 2 bedroom(s), 2 bathrooms and 1 balcony. The property is located on the 1st floor of a 4 floors tall building. Being a ready to move project, you can expect immediate possession of this 10+ years old property. The flat comes well built with vitrified flooring options. All the modern amenities...",https://www.99acres.com/2-bhk-bedroom-apartment-flat-for-sale-in-vavol-gandhinagar-1125-sqft-spid-L89709580,2.0,2.0,1.0,1.0,4.0,semi-furnished,Vavol,East,10-20 years,1,False,False,True,apartment,16.0,0.0,4.02535169073515,2.0,4889.0
"4 BHK Flatin Randesan, Gandhinagar","Randesan, Gandhinagar",130.0,4377.0,2970.0,"This is a east-Facing property. The flat is over 330 sq.Yards super built up area and comes with 4 bedroom(s), 4 bathrooms and 1 balcony. The flat has a total of 13 floors and this property is situated on 6th floor. Being a ready to move project, you can expect immediate possession of this 0-1 year old property. The well built vitrified flooring enhances the aesthetic appeal of this flat. All t...",https://www.99acres.com/4-bhk-bedroom-apartment-flat-for-sale-in-keshav-elitus-randesan-gandhinagar-2970-sqft-spid-D89566786,4.0,4.0,1.0,6.0,13.0,unfurnished,Randesan,East,New,1,False,False,True,apartment,0.0,0.0,4.875197323201151,4.0,4377.0
"3 BHK Flatin Koba, Gandhinagar","Koba, Gandhinagar",142.0,4710.0,3015.0,"This beautiful 3 bhk flat in koba, gandhinagar is situated in sun spacelink, one of the popular residential society in gandhinagar. The flat is west-Facing. The flat occupies a super built up area of 335 sq.Yards that consists of 3 bedrooms, 3 bathrooms and 1 balcony. The property is located on the 3rd floor of a 12 floors tall building. Moreover, the flat is currently under construction and po...",https://www.99acres.com/3-bhk-bedroom-apartment-flat-for-sale-in-sun-spacelink-koba-gandhinagar-3015-sqft-r2-spid-Q86913142,3.0,3.0,1.0,3.0,12.0,,Koba,West,New,0,False,False,True,apartment,0.0,0.0,4.962844630259907,3.0,4710.0
"3 BHK Flatin Raysan, Gandhinagar","Raysan, Gandhinagar",145.0,5754.0,2520.0,"This lovely 3 bhk apartment/flat in raysan is available for sale in one of gandhinagar's most popular projects, vinayak courtyard. This property faces the west direction. Constructed on a super built up area of 280 sq.Yards, the flat comprises 3 bedroom(s), 3 bathrooms and 1 balcony. This flat is situated on the 2nd floor of this 8 floors tall residential building. As the project is already rea...",https://www.99acres.com/3-bhk-bedroom-apartment-flat-for-sale-in-vinayak-courtyard-raysan-gandhinagar-2520-sqft-r2-spid-B86912564,3.0,3.0,1.0,2.0,8.0,unfurnished,Raysan,West,New,1,False,False,True,apartment,0.0,0.0,4.983606621708336,3.0,5754.0
"2 BHK Flatin Gift City, Gandhinagar","Gift City, Gandhinagar",110.0,7971.0,1380.0,"The flat is facing the east direction. Containing 2 bedroom(s), 2 bathrooms and 1 balcony, this flat is spread over a super built up area of 1380 sq.Ft. This flat lies on the 18th level of a 25 storey building. This residential flat is currently under construction and you can expect the possession of the same by june 2027. The flat comes well built with marble flooring options. The society is w...",https://www.99acres.com/2-bhk-bedroom-apartment-flat-for-sale-in-shilp-north-sky-gift-city-gandhinagar-1380-sqft-spid-Q89784964,2.0,2.0,1.0,18.0,25.0,unfurnished,Gift City,East,New,0,False,False,True,apartment,-1.0,0.0,4.709530201312334,2.0,7971.0
"3 BHK Flatin Kudasan, Gandhinagar","Kudasan, Gandhinagar",85.0,4607.0,1845.0,"This residential flat is east-Facing direction. Constructed on a super built up area of 1845 sq.Ft., the flat comprises 3 bedroom(s), 3 bathrooms and 2 balconies. The residential building has 10 floors in total and the flat for sale is located on the 4th floor. This residential property is still under construction and will be available for possession by april 2026. Many of the modern amenities ...",https://www.99acres.com/3-bhk-bedroom-apartment-flat-for-sale-in-kudasan-gandhinagar-1845-sqft-r1-spid-T84734810,3.0,3.0,2.0,4.0,10.0,unfurnished,Kudasan,East,New,0,False,False,True,apartment,-1.0,0.0,4.454347296253507,3.0,4607.0
"3 BHK Flatin Kudasan, Gandhinagar","Kudasan, Gandhinagar",250.0,8915.0,2804.0,"Uma mahalaxmi 4 is one of the most popular destination for buying apartments/ flats in kudasan, gandhinagar. You too can be a part of this society by purchasing this 3 bhk flat here. This residential flat is east-Facing direction. Constructed on a carpet area of 2804 sq.Ft., the flat comprises 3 bedroom(s), 3 bathrooms and 2 balconies. The property is located on the ground floor of a 2 floors t...",https://www.99acres.com/3-bhk-bedroom-apartment-flat-for-sale-in-uma-mahalaxmi-4-kudasan-gandhinagar-2804-sqft-r1-spid-T88126314,3.0,3.0,2.0,0.0,2.0,unfurnished,Kudasan,East,New,1,False,True,False,apartment,0.0,0.0,5.5254529391317835,3.0,8916.0
"2 BHK Flatin Gift City, Gandhinagar","Gift City, Gandhinagar",130.0,10000.0,1302.0,"Sobha dream heights in gift city is in gandhinagar. The project offers affordable apartments. You get the assurance of sobhas ""backward integration"" model, ensuring top-Notch construction quality District cooling systems help you save significantly on monthly electricity bills You enjoy 24/7 water and power supply managed by the citys central grid The strategic location attracts high-Profile co...",https://www.99acres.com/2-bhk-bedroom-apartment-flat-for-sale-in-sobha-avalon-gift-city-gandhinagar-1302-sqft-spid-B91167826,2.0,2.0,1.0,,,,Gift City,,Unknown,1,True,False,False,apartment,0.0,0.0,4.875197323201151,2.0,9985.0
"3 BHK Flatin Vavol, Gandhinagar","Vavol, Gandhinagar",75.0,4480.0,1674.0,"This residential flat is east-Facing direction. The floor plan additionally contains 3 bedroom(s), 3 bathrooms and 1 balcony. All in all, the flat is spread over a super built up area of 186 sq.Yards. The residential building has 8 floors in total and the flat for sale is located on the 5th floor. Being a ready to move project, you can expect immediate possession of this 1-5 years old property....",https://www.99acres.com/3-bhk-bedroom-apartment-flat-for-sale-in-neelkanth-jay-visat-mangalya-vavol-gandhinagar-1674-sqft-spid-N89903430,3.0,3.0,1.0,5.0,8.0,unfurnished,Vavol,East,1-5 years,1,False,False,True,apartment,0.0,0.0,4.330733340286331,3.0,4480.0
"2 BHK Flatin Koba, Gandhinagar","Koba, Gandhinagar",60.0,4598.0,1305.0,"The flat is facing the east direction. Constructed on a super built up area of 145 sq.Yards, the flat comprises 2 bedroom(s), 2 bathrooms and 1 balcony. The property is located on the 7th floor of a 8 floors tall building. This 10+ years old property is available for immediate possession as the project is ready to move. The flat comes well built with vitrified flooring options. All the modern a...",https://www.99acres.com/2-bhk-bedroom-apartment-flat-for-sale-in-swagat-rainforest-2-koba-gandhinagar-1305-sqft-spid-D89899748,2.0,2.0,1.0,7.0,8.0,semi-furnished,Koba,East,10-20 years,1,False,False,True,apartment,0.0,0.0,4.110873864173311,2.0,4598.0
"2 BHK Flatin Koba, Gandhinagar","Koba, Gandhinagar",67.0,4512.0,1485.0,"This beautiful 2 bhk flat in koba, gandhinagar is situated in silicone hills, one of the popular residential society in gandhinagar. This property faces the east direction. The floor plan additionally contains 2 bedroom(s), 2 bathrooms and 1 balcony. All in all, the flat is spread over a super built up area of 165 sq.Yards. This flat is situated on the 4th floor of this 13 floors tall residenti...",https://www.99acres.com/2-bhk-bedroom-apartment-flat-for-sale-in-silicone-hills-koba-gandhinagar-1485-sqft-r1-spid-D88127184,2.0,2.0,1.0,4.0,13.0,unfurnished,Koba,East,New,1,False,False,True,apartment,0.0,0.0,4.219507705176107,2.0,4512.0
"3 BHK Flatin Kudasan, Gandhinagar","Kudasan, Gandhinagar",120.0,4111.0,2925.0,This project located at kudasan Preamium living with 4bhk sky villa All flats are 3bhk & 4bhk penthouse. 3bhk size 325 sqyd with standard living. Fully market and devloped area. 4 side open project lifetime.,https://www.99acres.com/3-bhk-bedroom-apartment-flat-for-sale-in-kudasan-gandhinagar-2925-sqft-spid-N89951698,4.0,3.0,3.0,,,,Kudasan,,New,0,False,False,True,penthouse,0.0,0.0,4.795790545596741,3.0,4103.0
"4 BHK Flatin Sargasan, Gandhinagar","Sargasan, Gandhinagar",165.0,4471.0,3690.0,"This residential flat is east-Facing direction. Containing 4 bedroom(s), 4 bathrooms and 2 balconies, this flat is spread over a carpet area of 3690 sq.Ft. This flat lies on the 6th level of a 10 storey building. As the project is already ready to move, so you can easily move into this 0-1 year old property. The vitrified flooring of this flat is beautifully designed and helps to give it a plea...",https://www.99acres.com/4-bhk-bedroom-apartment-flat-for-sale-in-shlokam-sharnam-sargasan-gandhinagar-3690-sqft-spid-M88895968,4.0,4.0,2.0,6.0,10.0,unfurnished,Sargasan,East,New,1,False,False,True,apartment,0.0,0.0,5.111987788356544,4.0,4472.0
"3 BHK Flatin Sargasan, Gandhinagar","Sargasan, Gandhinagar",115.0,4646.0,2475.0,"This is a north-East-Facing property. The flat occupies a super built up area of 2475 sq.Ft. That consists of 3 bedrooms, 3 bathrooms and 2 balconies. This flat lies on the 9th level of a 13 storey building. This 0-1 year old property is available for immediate possession as the project is ready to move. The beautifully designed ceramic flooring enhances the beauty of the flat. This flat is loc...",https://www.99acres.com/3-bhk-bedroom-apartment-flat-for-sale-in-polaris-casarica-sargasan-gandhinagar-2475-sqft-spid-T90585590,3.0,3.0,2.0,9.0,13.0,unfurnished,Sargasan,North-East,New,1,False,False,True,apartment,0.0,0.0,4.7535901911063645,3.0,4646.0
"3 BHK Flatin Sargasan, Gandhinagar","Sargasan, Gandhinagar",65.0,3761.0,1728.0,"A spacious 3 bhk road-Facing flat with a super built-Up area of 1728 sq.Ft. Is available for sale. The apartment includes 3 bedrooms, 3 bathrooms, and 2 balconies, offering comfortable and well-Ventilated living space. Located on the 1st floor of a 6-Storey residential building, this 510 years old ready-To-Move property is available for immediate possession. The society is equipped with modern ...",https://www.99acres.com/3-bhk-bedroom-apartment-flat-for-sale-in-devnandan-summit-sargasan-gandhinagar-1728-sqft-spid-G89199485,3.0,3.0,2.0,1.0,6.0,unfurnished,Sargasan,Other,10-20 years,1,False,False,True,apartment,0.0,0.0,4.189654742026425,3.0,3762.0
"4 BHK Flatin Koba, Gandhinagar","Koba, Gandhinagar",260.0,5430.0,4788.0,"This beautiful 4 bhk flat in koba, gandhinagar is situated in abhishek shreedhar shrine, one of the popular residential society in gandhinagar. The flat is facing the east direction. The floor plan additionally contains 4 bedroom(s), 4 bathrooms and 1 balcony. All in all, the flat is spread over a super built up area of 532 sq.Yards. This flat lies on the 3rd level of a 12 storey building. As t...",https://www.99acres.com/4-bhk-bedroom-apartment-flat-for-sale-in-abhishek-shreedhar-shrine-koba-gandhinagar-4788-sqft-r2-spid-F84286882,4.0,4.0,1.0,3.0,12.0,unfurnished,Koba,East,New,0,False,False,True,apartment,0.0,0.0,5.564520407322694,4.0,5430.0
"3 BHK Flatin Koba, Gandhinagar","Koba, Gandhinagar",150.0,4990.0,3006.0,"Check out this 3 bhk apartment for sale in abhishek shreedhar shrine, a popular residential project that houses in-Demand flats in koba, gandhinagar. The flat is east-Facing. The flat occupies a super built up area of 334 sq.Yards that consists of 3 bedrooms, 3 bathrooms and 1 balcony. The flat has a total of 12 floors and this property is situated on 1st floor. As the property is currently und...",https://www.99acres.com/3-bhk-bedroom-apartment-flat-for-sale-in-abhishek-shreedhar-shrine-koba-gandhinagar-3006-sqft-r2-spid-K84286736,3.0,3.0,1.0,1.0,12.0,unfurnished,Koba,East,New,0,False,False,True,apartment,0.0,0.0,5.017279836814924,3.0,4990.0
"3 BHK Flatin Koba, Gandhinagar","Koba, Gandhinagar",140.0,4801.0,2916.0,"Looking for a 3 bhk property for sale in gandhinagar? Buy this 3 bhk flat in abhishek shreedhar shrine that is situated in koba, gandhinagar. This residential flat is west-Facing direction. The floor plan additionally contains 3 bedroom(s), 3 bathrooms and 1 balcony. All in all, the flat is spread over a super built up area of 324 sq.Yards. This flat is situated on the 3rd floor of this 12 floo...",https://www.99acres.com/3-bhk-bedroom-apartment-flat-for-sale-in-abhishek-shreedhar-shrine-koba-gandhinagar-2916-sqft-r2-spid-R84286620,3.0,3.0,1.0,3.0,12.0,unfurnished,Koba,West,New,0,False,False,True,apartment,0.0,0.0,4.948759890378168,3.0,4801.0
"3 BHK Flatin Koba, Gandhinagar","Koba, Gandhinagar",160.0,5153.0,3105.0,"Situated in koba, gandhinagar, abhishek shreedhar shrine is a well planned society that offers a pleasant living experience to its residents. This 3 bhk flat in gandhinagar is your opportunity to be a part of this community. This residential flat is east-Facing direction. The floor plan additionally contains 3 bedroom(s), 3 bathrooms and 1 balcony. All in all, the flat is spread over a super bu...",https://www.99acres.com/3-bhk-bedroom-apartment-flat-for-sale-in-abhishek-shreedhar-shrine-koba-gandhinagar-3105-sqft-r2-spid-A84286460,3.0,3.0,1.0,,,,Koba,East,New,0,False,False,True,apartment,0.0,0.0,5.081404364984463,3.0,5153.0
"4 BHK Flatin Raysan, Gandhinagar","Raysan, Gandhinagar",235.0,5428.0,4329.0,"Located in the popular residential address of raysan, gandhinagar, saamarth h7 is one of the most preferred destination for apartments in gandhinagar. This 4 bhk flat is your ticket to be a part of this community. The flat is facing the east direction. The flat occupies a super built up area of 481 sq.Yards that consists of 4 bedrooms, 4 bathrooms and 1 balcony. The flat has a total of 12 floor...",https://www.99acres.com/4-bhk-bedroom-apartment-flat-for-sale-in-saamarth-h7-raysan-gandhinagar-4329-sqft-r2-spid-U84285444,4.0,4.0,1.0,,12.0,unfurnished,Raysan,East,New,1,False,False,True,apartment,0.0,0.0,5.4638318050256105,4.0,5429.0
"4 BHK Flatin Koba, Gandhinagar","Koba, Gandhinagar",425.0,5556.0,7650.0,"Ekarth sarvam is one of the most popular destination for buying apartments/ flats in koba, gandhinagar. You too can be a part of this society by purchasing this 4 bhk flat here. This property faces the north-West direction. Containing 4 bedroom(s), 4 bathrooms and 1 balcony, this flat is spread over a super built up area of 7650 sq.Ft. The flat has a total of 18 floors and this property is situ...",https://www.99acres.com/4-bhk-bedroom-apartment-flat-for-sale-in-ekarth-sarvam-koba-gandhinagar-7650-sqft-r2-spid-E82744814,4.0,4.0,1.0,,18.0,,Koba,North-West,New,0,False,False,True,apartment,0.0,0.0,6.054439346269371,4.0,5556.0
"3 BHK Flatin Sardar Patel Ring Road, Gandhinagar","Sardar Patel Ring Road, Gandhinagar",76.0,5846.0,1300.0,"The flat is facing the north-East direction. The flat is over 1300 sq.Ft. Super built up area and comes with 3 bedroom(s), 3 bathrooms and 1 balcony. The residential building has 11 floors in total and the flat for sale is located on the 4th floor. Being a ready to move project, you can expect immediate possession of this 1-5 years old property. The vitrified flooring of this flat is beautifull...",https://www.99acres.com/3-bhk-bedroom-apartment-flat-for-sale-in-rm-emerald-44-sardar-patel-ring-road-gandhinagar-1300-sqft-spid-F90030238,3.0,3.0,1.0,4.0,11.0,unfurnished,SP Ring Road,North-East,1-5 years,1,False,False,True,apartment,0.0,0.0,4.343805421853684,3.0,5846.0
"3 BHK Flatin Randesan, Gandhinagar","Randesan, Gandhinagar",84.0,4667.0,1800.0,"The dev siddhi felicia flat is over 200 sq.Yards super built up area and comes with 3 bedroom(s), 3 bathrooms and 1 balcony. The residential building has 13 floors in total and the flat for sale is located on the 5th floor. Moreover, the flat is currently under construction and possession is expected by september 2026.",https://www.99acres.com/3-bhk-bedroom-apartment-flat-for-sale-in-randesan-gandhinagar-1800-sqft-r1-spid-O89729934,3.0,3.0,1.0,5.0,13.0,,Randesan,,New,0,False,False,True,apartment,0.0,0.0,4.442651256490317,3.0,4667.0
"3 BHK Flatin Kudasan, Gandhinagar",Swagat RaForest 2,125.0,7673.0,1629.0,"The swagat rain forest 2 flat occupies a super built up area of 181 sq.Yards that consists of 3 bedrooms, 4 bathrooms and 3 balconies. This flat lies on the top level of a 8 storey building. As the project is already ready to move, so you can easily move into this 15 years old property.",https://www.99acres.com/3-bhk-bedroom-apartment-flat-for-sale-in-kudasan-gandhinagar-1629-sqft-spid-L91308716,3.0,4.0,3.0,,8.0,,Kudasan,,Unknown,1,False,False,True,apartment,0.0,0.0,4.836281906951478,3.0,7673.0
"2 BHK Flatin Sargasan, Gandhinagar","Sargasan, Gandhinagar",74.0,6424.0,1152.0,"The satyamev famosa flat occupies a super built up area of 128 sq.Yards that consists of 2 bedrooms and 2 bathrooms. The residential building has 5 floors in total and the flat for sale is located on the top floor. As the project is already ready to move, so you can easily move into this 12 years old property.",https://www.99acres.com/2-bhk-bedroom-apartment-flat-for-sale-in-satyamev-famosa-sargasan-gandhinagar-1152-sqft-r1-spid-V89133217,2.0,2.0,1.0,,5.0,,Sargasan,,Unknown,1,False,False,True,apartment,0.0,0.0,4.31748811353631,2.0,6424.0
"2 BHK Flatin Randesan, Gandhinagar","Randesan, Gandhinagar",75.0,5020.0,1494.0,"The sanskruti apartment is over 166 sq.Yards super built up area and comes with 2 bedrooms, 2 bathrooms and 1 balcony. This flat lies on the 2nd level of a 13 storey building. An added advantage of this 2 years old flat is that it is available for immediate possession as the project is already ready to move.",https://www.99acres.com/2-bhk-bedroom-apartment-flat-for-sale-in-randesan-gandhinagar-1494-sqft-spid-B91221014,2.0,2.0,1.0,2.0,13.0,,Randesan,,New,1,False,False,True,apartment,0.0,0.0,4.330733340286331,2.0,5020.0
"3 BHK Flatin Sargasan, Gandhinagar","Sargasan, Gandhinagar",73.0,4246.0,1719.0,"This is a north-East-Facing property. Containing 3 bedroom(s), 3 bathrooms and 1 balcony, this flat is spread over a super built up area of 1719 sq.Ft. The residential building has 5 floors in total and the flat for sale is located on the 3rd floor. This 5-10 years old property is available for immediate possession as the project is ready to move. The beautifully designed vitrified flooring enh...",https://www.99acres.com/3-bhk-bedroom-apartment-flat-for-sale-in-psy-pramukh-lotus-sargasan-gandhinagar-1719-sqft-spid-M91057282,3.0,3.0,1.0,3.0,5.0,unfurnished,Sargasan,North-East,5-10 years,1,False,False,True,apartment,0.0,0.0,4.30406509320417,3.0,4247.0
"4 BHK Flatin Randesan, Gandhinagar","Randesan, Gandhinagar",225.0,5747.0,3915.0,"The bougainvillle by kavyaratna flat occupies a super built up area of 435 sq.Yards that consists of 4 bedrooms, 4 bathrooms and 2 balconies. This flat lies on the top level of a 6 storey building. This 0-6 month old property is available for immediate possession as the project is ready to move.",https://www.99acres.com/4-bhk-bedroom-apartment-flat-for-sale-in-randesan-gandhinagar-3915-sqft-r1-spid-A89454262,4.0,4.0,2.0,,6.0,,Randesan,,Unknown,1,False,False,True,apartment,0.0,0.0,5.420534999272286,4.0,5747.0
"2 BHK Flatin Sargasan, Gandhinagar","Sargasan, Gandhinagar",60.0,4762.0,1260.0,"The saundarya 444 floor plan additionally contains 2 bedrooms, 2 bathrooms and 2 balconies. All in all, the flat is spread over a super built up area of 140 sq.Yards. The property is located on the 3rd floor of a 5 floors tall building. This 12 years old property is available for immediate possession as the project is ready to move.",https://www.99acres.com/2-bhk-bedroom-apartment-flat-for-sale-in-saundarya-444-sargasan-gandhinagar-1260-sqft-r1-spid-F89300479,2.0,2.0,2.0,3.0,5.0,,Sargasan,,Unknown,1,False,False,True,apartment,0.0,0.0,4.110873864173311,2.0,4762.0
"4 BHK Flatin Kudasan, Gandhinagar","Kudasan, Gandhinagar",212.0,4837.0,4383.0,"Check out this 4 bhk apartment for sale in the grasslands by samved & nakshatra group, a popular residential project that houses in-Demand flats in kudasan, gandhinagar. The flat is east-Facing. The floor plan additionally contains 4 bedroom(s), 4 bathrooms and 2 balconies. All in all, the flat is spread over a carpet area of 487 sq.Yards. This flat lies on the 6th level of a 12 storey building...",https://www.99acres.com/4-bhk-bedroom-apartment-flat-for-sale-in-kudasan-gandhinagar-4383-sqft-r3-spid-M87370834,4.0,4.0,2.0,6.0,12.0,unfurnished,Kudasan,East,New,1,False,False,True,apartment,0.0,0.0,5.3612921657094255,4.0,4837.0
"3 BHK Flatin Kudasan, Gandhinagar","Kudasan, Gandhinagar",160.0,5925.0,2700.0,"Located in the popular residential address of kudasan, gandhinagar, shivalay parisar is one of the most preferred destination for apartments in gandhinagar. This 3 bhk flat is your ticket to be a part of this community. The flat is over 2700 sq.Ft. Carpet area and comes with 3 bedroom(s), 3 bathrooms and 1 balcony. This flat lies on the top level of a 7 storey building. Being a ready to move pr...",https://www.99acres.com/3-bhk-bedroom-apartment-flat-for-sale-in-shivalay-parisar-kudasan-gandhinagar-2700-sqft-r2-spid-T77550957,3.0,3.0,1.0,,7.0,,Kudasan,,New,1,False,False,False,apartment,0.0,0.0,5.081404364984463,3.0,5926.0
"3 BHK Flatin Kudasan, Gandhinagar","Kudasan, Gandhinagar",116.0,4444.0,2610.0,Road side view 3 bhk appartment on gandhinagar - A'bad highway,https://www.99acres.com/3-bhk-bedroom-apartment-flat-for-sale-in-shree-sarvatra-aryan-imperial-kudasan-gandhinagar-2610-sqft-r1-spid-M89375341,3.0,3.0,1.0,,,,Kudasan,Other,Unknown,1,False,False,True,apartment,0.0,0.0,4.762173934797756,3.0,4444.0
"3 BHK Flatin Randesan, Gandhinagar","Randesan, Gandhinagar",125.0,5910.0,2115.0,"The flat is facing the north-East direction. Constructed on a super built up area of 2115 sq.Ft., the flat comprises 3 bedroom(s), 3 bathrooms and 1 balcony. This flat lies on the 4th level of a 13 storey building. This is a ready to move project and the property is 1-5 years old. The beautifully designed vitrified flooring enhances the beauty of the flat. This residential property is situated ...",https://www.99acres.com/3-bhk-bedroom-apartment-flat-for-sale-in-balmukund-reflect-randesan-gandhinagar-2115-sqft-spid-S90949254,3.0,3.0,1.0,4.0,13.0,unfurnished,Randesan,North-East,1-5 years,1,False,False,True,apartment,0.0,0.0,4.836281906951478,3.0,5910.0
"2 BHK Flatin Raysan, Gandhinagar","Raysan, Gandhinagar",85.0,6995.0,1215.0,"The flat is east-Facing. The floor plan additionally contains 2 bedroom(s), 2 bathrooms and 1 balcony. All in all, the flat is spread over a super built up area of 1215 sq.Ft. The property is located on the ground floor of a 4 floors tall building. An added advantage of this 1-5 years old flat is that it is available for immediate possession as the project is already ready to move. The floor of...",https://www.99acres.com/2-bhk-bedroom-apartment-flat-for-sale-in-siddhivinayak-suryam-status-raysan-gandhinagar-1215-sqft-spid-I90948620,2.0,2.0,1.0,0.0,4.0,unfurnished,Raysan,East,1-5 years,1,False,False,True,apartment,2.0,0.0,4.454347296253507,2.0,6996.0
"3 BHK Flatin Raysan, Gandhinagar","Raysan, Gandhinagar",67.0,4135.0,1620.0,"This residential flat is east-Facing direction. Containing 3 bedroom(s), 3 bathrooms and 1 balcony, this flat is spread over a super built up area of 1620 sq.Ft. The residential building has 8 floors in total and the flat for sale is located on the 3rd floor. This 5-10 years old property is available for immediate possession as the project is ready to move. The vitrified flooring of this flat i...",https://www.99acres.com/3-bhk-bedroom-apartment-flat-for-sale-in-raysan-gandhinagar-1620-sqft-spid-X90941778,3.0,3.0,1.0,3.0,8.0,unfurnished,Raysan,East,5-10 years,1,False,False,True,apartment,0.0,0.0,4.219507705176107,3.0,4136.0
"2 BHK Flatin Kudasan, Gandhinagar","Kudasan, Gandhinagar",53.0,8067.0,1089.0,"The flat is facing the east direction. The flat occupies a built up area of 121 sq.Yards that consists of 2 bedrooms, 2 bathrooms and 1 balcony. This flat is situated on the 3rd floor of this 5 floors tall residential building. This 10+ years old property is available for immediate possession as the project is ready to move. The well built vitrified flooring enhances the aesthetic appeal of thi...",https://www.99acres.com/2-bhk-bedroom-apartment-flat-for-sale-in-akshat-heaven-kudasan-gandhinagar-1089-sqft-r1-spid-X89443122,2.0,2.0,1.0,3.0,5.0,unfurnished,Kudasan,East,10-20 years,1,True,False,False,apartment,0.0,0.0,3.9889840465642745,2.0,4867.0
"2 BHK Flatin Raysan, Gandhinagar","Raysan, Gandhinagar",65.0,6018.0,1080.0,"The flat is facing the north-East direction. Constructed on a super built up area of 120 sq.Yards, the flat comprises 2 bedroom(s), 2 bathrooms and 1 balcony. The flat has a total of 4 floors and this property is situated on ground floor. As the project is already ready to move, so you can easily move into this 10+ years old property. The floor of this flat is beautifully designed using vitrifi...",https://www.99acres.com/2-bhk-bedroom-apartment-flat-for-sale-in-ashtvinayak-apartment-raysan-gandhinagar-1080-sqft-spid-R90934258,2.0,2.0,1.0,0.0,4.0,unfurnished,Raysan,North-East,10-20 years,1,False,False,True,apartment,0.0,0.0,4.189654742026425,2.0,6019.0
"3 BHK Flatin Raysan, Gandhinagar","Raysan, Gandhinagar",78.0,4227.0,1845.0,"The flat is facing the east direction. Containing 3 bedroom(s), 3 bathrooms and 1 balcony, this flat is spread over a super built up area of 1845 sq.Ft. The property is located on the 2nd floor of a 9 floors tall building. As the project is already ready to move, so you can easily move into this 1-5 years old property. The beautifully designed vitrified flooring enhances the beauty of the flat....",https://www.99acres.com/3-bhk-bedroom-apartment-flat-for-sale-in-madhav-skyline-raysan-gandhinagar-1845-sqft-spid-K90932680,3.0,3.0,1.0,2.0,9.0,unfurnished,Raysan,East,1-5 years,1,False,False,True,apartment,0.0,0.0,4.3694478524670215,3.0,4228.0
"2 BHK Flatin Raysan, Gandhinagar","Raysan, Gandhinagar",65.0,4431.0,1467.0,"The texas 2 flat occupies a super built up area of 163 sq.Yards that consists of 2 bedrooms, 2 bathrooms and 1 balcony. The flat has a total of 10 floors and this property is situated on 4th floor. Being a ready to move project, you can expect immediate possession of this 3 years old property. Na/noc available.",https://www.99acres.com/2-bhk-bedroom-apartment-flat-for-sale-in-raysan-gandhinagar-1467-sqft-spid-K90921136,2.0,2.0,1.0,4.0,10.0,,Raysan,,Unknown,1,False,False,True,apartment,0.0,0.0,4.189654742026425,2.0,4431.0
"3 BHK Flatin Sargasan, Gandhinagar","Sargasan, Gandhinagar",115.0,4646.0,2475.0,"The flat is east-Facing. Constructed on a super built up area of 2475 sq.Ft., the flat comprises 3 bedroom(s), 3 bathrooms and 1 balcony. The property is located on the 6th floor of a 13 floors tall building. This is a ready to move project and the property is 0-1 year old. The vitrified flooring of this flat is beautifully designed and helps to give it a pleasing look. This flat is located nea...",https://www.99acres.com/3-bhk-bedroom-apartment-flat-for-sale-in-polaris-casarica-sargasan-gandhinagar-2475-sqft-spid-H90919982,3.0,3.0,1.0,6.0,13.0,unfurnished,Sargasan,East,New,1,False,False,True,apartment,0.0,0.0,4.7535901911063645,3.0,4646.0
"3 BHK Flatin Kudasan, Gandhinagar","Kudasan, Gandhinagar",97.0,4528.0,2142.0,"This property faces the east direction. The floor plan additionally contains 3 bedroom(s), 3 bathrooms and 1 balcony. All in all, the flat is spread over a super built up area of 2142 sq.Ft. This flat is situated on the 6th floor of this 11 floors tall residential building. An added advantage of this 1-5 years old flat is that it is available for immediate possession as the project is already r...",https://www.99acres.com/3-bhk-bedroom-apartment-flat-for-sale-in-sk-sarthak-shreenand-kudasan-gandhinagar-2142-sqft-spid-B90919402,3.0,3.0,1.0,6.0,11.0,unfurnished,Kudasan,East,1-5 years,1,False,False,True,apartment,2.0,0.0,4.584967478670572,3.0,4528.0
"3 BHK Flatin Kudasan, Gandhinagar","Kudasan, Gandhinagar",95.0,4435.0,2142.0,"The flat is facing the east direction. The floor plan additionally contains 3 bedroom(s), 3 bathrooms and 1 balcony. All in all, the flat is spread over a super built up area of 2142 sq.Ft. The property is located on the 3rd floor of a 7 floors tall building. This is a ready to move project and the property is 5-10 years old. The vitrified flooring of this flat is beautifully designed and helps...",https://www.99acres.com/3-bhk-bedroom-apartment-flat-for-sale-in-s-k-sarthak-shreeji-kudasan-gandhinagar-2142-sqft-spid-P90912996,3.0,3.0,1.0,3.0,7.0,unfurnished,Kudasan,East,5-10 years,1,False,False,True,apartment,0.0,0.0,4.564348191467836,3.0,4435.0
"3 BHK Flatin Koba, Gandhinagar","Koba, Gandhinagar",121.0,4853.0,2493.0,"This property faces the east direction. The floor plan additionally contains 3 bedroom(s), 3 bathrooms and 1 balcony. All in all, the flat is spread over a super built up area of 2493 sq.Ft. The property is located on the 4th floor of a 13 floors tall building. An added advantage of this 1-5 years old flat is that it is available for immediate possession as the project is already ready to move....",https://www.99acres.com/3-bhk-bedroom-apartment-flat-for-sale-in-koba-gandhinagar-2493-sqft-spid-R90912192,3.0,3.0,1.0,4.0,13.0,unfurnished,Koba,East,1-5 years,1,False,False,True,apartment,0.0,0.0,4.804021044733257,3.0,4854.0
"2 BHK Flatin Raysan, Gandhinagar","Raysan, Gandhinagar",68.0,4579.0,1485.0,"This residential flat is east-Facing direction. The flat occupies a super built up area of 1485 sq.Ft. That consists of 2 bedrooms, 2 bathrooms and 1 balcony. The residential building has 8 floors in total and the flat for sale is located on the 4th floor. As the project is already ready to move, so you can easily move into this 1-5 years old property. The beautifully designed vitrified floorin...",https://www.99acres.com/2-bhk-bedroom-apartment-flat-for-sale-in-sai-texas-3-raysan-gandhinagar-1485-sqft-spid-Y90896040,2.0,2.0,1.0,4.0,8.0,unfurnished,Raysan,East,1-5 years,1,False,False,True,apartment,0.0,0.0,4.23410650459726,2.0,4579.0
"2 BHK Flatin Koba, Gandhinagar","Koba, Gandhinagar",65.0,10942.0,594.0,"This property faces the east direction. Constructed on a super built up area of 1485 sq.Ft., the flat comprises 2 bedroom(s), 2 bathrooms and 1 balcony. The property is located on the 3rd floor of a 9 floors tall building. Being a ready to move project, you can expect immediate possession of this 1-5 years old property. The vitrified flooring of this flat is beautifully designed and helps to gi...",https://www.99acres.com/2-bhk-bedroom-apartment-flat-for-sale-in-koba-gandhinagar-594-sqft-spid-R90892692,2.0,2.0,1.0,3.0,9.0,unfurnished,Koba,East,1-5 years,1,True,False,False,apartment,0.0,0.0,4.189654742026425,2.0,10943.0
"4 BHK Flatin Kudasan, Gandhinagar","Kudasan, Gandhinagar",195.0,6878.0,2835.0,"The flat is facing the east direction. The flat is over 2835 sq.Ft. Super built up area and comes with 4 bedroom(s), 4 bathrooms and 1 balcony. The flat has a total of 7 floors and this property is situated on 3rd floor. This 1-5 years old property is available for immediate possession as the project is ready to move. The beautifully designed vitrified flooring enhances the beauty of the flat. ...",https://www.99acres.com/4-bhk-bedroom-apartment-flat-for-sale-in-rudra-sarthak-fortune-kudasan-gandhinagar-2835-sqft-spid-S90882274,4.0,4.0,1.0,3.0,7.0,unfurnished,Kudasan,East,1-5 years,1,False,False,True,apartment,0.0,0.0,5.278114659230517,4.0,6878.0
"4 BHK Flatin Raysan, Gandhinagar","Raysan, Gandhinagar",315.0,15217.0,2070.0,"The flat is east-Facing. The flat occupies a super built up area of 2070 sq.Ft. That consists of 4 bedrooms, 4 bathrooms and 1 balcony. The flat has a total of 1 floor and this property is situated on top floor. An added advantage of this 5-10 years old flat is that it is available for immediate possession as the project is already ready to move. The well built vitrified flooring enhances the a...",https://www.99acres.com/4-bhk-bedroom-apartment-flat-for-sale-in-raysan-gandhinagar-2070-sqft-spid-L90875946,4.0,4.0,1.0,,1.0,unfurnished,Raysan,East,5-10 years,1,False,False,True,apartment,2.0,0.0,5.755742213586912,4.0,15217.0
"4 BHK Flatin Randesan, Gandhinagar","Randesan, Gandhinagar",175.0,4340.0,4032.0,"The sandalwood flat occupies a super built up area of 448 sq.Yards that consists of 4 bedrooms, 4 bathrooms and 2 balconies. The flat has a total of 13 floors and this property is situated on 8th floor. This residential property is still under construction and will be available for possession by december 2026.",https://www.99acres.com/4-bhk-bedroom-apartment-flat-for-sale-in-randesan-gandhinagar-4032-sqft-r1-spid-X89309265,4.0,4.0,2.0,8.0,13.0,,Randesan,,New,0,False,False,True,apartment,-1.0,0.0,5.170483995038151,4.0,4340.0
"3 BHK Flatin Raysan, Gandhinagar","Raysan, Gandhinagar",160.0,6394.0,2502.0,"The flat is facing the east direction. The floor plan additionally contains 3 bedroom(s), 3 bathrooms and 1 balcony. All in all, the flat is spread over a super built up area of 2502 sq.Ft. This flat lies on the 3rd level of a 5 storey building. Being a ready to move project, you can expect immediate possession of this 1-5 years old property. The flat comes well built with vitrified flooring op...",https://www.99acres.com/3-bhk-bedroom-apartment-flat-for-sale-in-shree-govindam-residency-raysan-gandhinagar-2502-sqft-spid-N90871850,3.0,3.0,1.0,3.0,5.0,unfurnished,Raysan,East,1-5 years,1,False,False,True,apartment,0.0,0.0,5.081404364984463,3.0,6395.0
"3 BHK Flatin Sargasan, Gandhinagar","Sargasan, Gandhinagar",115.0,5090.0,2259.0,"The flat is facing the east direction. Constructed on a super built up area of 2259 sq.Ft., the flat comprises 3 bedroom(s), 3 bathrooms and 1 balcony. This flat is situated on the 2nd floor of this 7 floors tall residential building. An added advantage of this 1-5 years old flat is that it is available for immediate possession as the project is already ready to move. The vitrified flooring of ...",https://www.99acres.com/3-bhk-bedroom-apartment-flat-for-sale-in-samarth-56-sargasan-gandhinagar-2259-sqft-spid-L90869990,3.0,3.0,1.0,2.0,7.0,unfurnished,Sargasan,East,1-5 years,1,False,False,True,apartment,0.0,0.0,4.7535901911063645,3.0,5091.0
"2 BHK Flatin Sargasan, Gandhinagar","Sargasan, Gandhinagar",74.82,4446.0,1683.0,"The keshav parisar floor plan additionally contains 2 bedroom(s), 2 bathrooms and 1 balcony. All in all, the flat is spread over a super built up area of 187 sq.Yards. The residential building has 13 floors in total and the flat for sale is located on the 3rd floor. Moreover, the flat is currently under construction and possession is expected by march 2028.",https://www.99acres.com/2-bhk-bedroom-apartment-flat-for-sale-in-sargasan-gandhinagar-1683-sqft-spid-D90858130,2.0,2.0,1.0,3.0,13.0,,Sargasan,,New,0,False,False,True,apartment,0.0,0.0,4.328362110088189,2.0,4446.0
"4 BHK Flatin Sargasan, Gandhinagar","Sargasan, Gandhinagar",151.0,4726.0,3195.0,"4bhk flat, ready to move, new construction, live area and good locality.",https://www.99acres.com/4-bhk-bedroom-apartment-flat-for-sale-in-sheladia-prarabdh-residency-sargasan-gandhinagar-3195-sqft-r5-spid-V79495825,4.0,4.0,2.0,,,unfurnished,Sargasan,,New,1,False,False,True,apartment,0.0,0.0,5.0238805208462765,4.0,4726.0
"2 BHK Flatin Urjanagar 1, Randesan, Gandhinagar","Urjanagar 1, Randesan, Gandhinagar",65.0,4720.0,1377.0,"Located in the popular residential address of urjanagar 1, gandhinagar, kanam residency 2 is one of the most preferred destination for apartments in gandhinagar. This 2 bhk flat is your ticket to be a part of this community. This residential flat is east-Facing direction. Containing 2 bedroom(s), 2 bathrooms and 1 balcony, this flat is spread over a carpet area of 1377 sq.Ft. This flat lies on ...",https://www.99acres.com/2-bhk-bedroom-apartment-flat-for-sale-in-kanam-residency-2-urjanagar-1-gandhinagar-1377-sqft-r1-spid-S88216328,2.0,2.0,1.0,,,,Randesan,East,New,1,False,True,False,apartment,0.0,0.0,4.189654742026425,2.0,4720.0
"2 BHK Flatin Kudasan, Gandhinagar","Kudasan, Gandhinagar",51.0,4644.0,1098.0,"This residential flat is east-Facing direction. The flat is over 1098 sq.Ft. Super built up area and comes with 2 bedroom(s), 2 bathrooms and 1 balcony. The residential building has 5 floors in total and the flat for sale is located on the 4th floor. This 5-10 years old property is available for immediate possession as the project is ready to move. The well built vitrified flooring enhances the...",https://www.99acres.com/2-bhk-bedroom-apartment-flat-for-sale-in-kudasan-gandhinagar-1098-sqft-r1-spid-H88276226,2.0,2.0,1.0,4.0,5.0,unfurnished,Kudasan,East,5-10 years,1,False,False,True,apartment,0.0,0.0,3.9512437185814275,2.0,4645.0
"2 BHK Flatin Sargasan, Gandhinagar","Sargasan, Gandhinagar",64.0,4018.0,1593.0,"Pramukh praise in sargasan, gandhinagar is a modern residential project by psy group offering 2 bhk and 3 bhk apartments with contemporary design and premium amenities. Nestled on sg highway near origin heights and vihaan cross road, this gated community spans about 1.88 acres with landscaped gardens, dedicated childrens play area, gymnasium, swimming pool, basketball and badminton courts, jogg...",https://www.99acres.com/2-bhk-bedroom-apartment-flat-for-sale-in-sargasan-gandhinagar-1593-sqft-r1-spid-Y88724932,2.0,2.0,1.0,,,,Sargasan,,New,1,False,False,True,apartment,14.0,3.0,4.174387269895637,2.0,4018.0
"2 BHK Flatin Kudasan, Gandhinagar","Kudasan, Gandhinagar",55.0,3134.0,1755.0,"The flat is facing the east direction. Constructed on a super built up area of 195 sq.Yards, the flat comprises 2 bedroom(s), 2 bathrooms and 1 balcony. The flat has a total of 8 floors and this property is situated on 3rd floor. This 5-10 years old property is available for immediate possession as the project is ready to move. The well built vitrified flooring enhances the aesthetic appeal of ...",https://www.99acres.com/2-bhk-bedroom-apartment-flat-for-sale-in-kudasan-gandhinagar-1755-sqft-r1-spid-Y88751376,2.0,2.0,1.0,3.0,8.0,unfurnished,Kudasan,East,5-10 years,1,False,False,True,apartment,0.0,0.0,4.02535169073515,2.0,3134.0
"2 BHK Flatin Sargasan, Gandhinagar","Sargasan, Gandhinagar",65.0,5086.0,1278.0,"The flat is east-Facing. The floor plan additionally contains 2 bedroom(s), 2 bathrooms and 1 balcony. All in all, the flat is spread over a super built up area of 142 sq.Yards. The residential building has 8 floors in total and the flat for sale is located on the 2nd floor. An added advantage of this 5-10 years old flat is that it is available for immediate possession as the project is already...",https://www.99acres.com/2-bhk-bedroom-apartment-flat-for-sale-in-sargasan-gandhinagar-1278-sqft-r1-spid-X88753478,2.0,2.0,1.0,2.0,8.0,unfurnished,Sargasan,East,5-10 years,1,False,False,True,apartment,2.0,0.0,4.189654742026425,2.0,5086.0
"2 BHK Flatin Kudasan, Gandhinagar","Kudasan, Gandhinagar",55.0,4493.0,1224.0,"The flat is facing the east direction. The flat occupies a super built up area of 136 sq.Yards that consists of 2 bedrooms, 2 bathrooms and 1 balcony. The flat has a total of 5 floors and this property is situated on 2nd floor. An added advantage of this 5-10 years old flat is that it is available for immediate possession as the project is already ready to move. The beautifully designed vitrifi...",https://www.99acres.com/2-bhk-bedroom-apartment-flat-for-sale-in-kudasan-gandhinagar-1224-sqft-r1-spid-E88757976,2.0,2.0,1.0,2.0,5.0,unfurnished,Kudasan,East,5-10 years,1,False,False,True,apartment,0.0,0.0,4.02535169073515,2.0,4493.0
"2 BHK Flatin Kudasan, Gandhinagar","Kudasan, Gandhinagar",58.0,4444.0,1305.0,"This property faces the east direction. The flat occupies a super built up area of 145 sq.Yards that consists of 2 bedrooms, 2 bathrooms and 1 balcony. The flat has a total of 8 floors and this property is situated on 2nd floor. Being a ready to move project, you can expect immediate possession of this 5-10 years old property. The flat comes well built with vitrified flooring options. The socie...",https://www.99acres.com/2-bhk-bedroom-apartment-flat-for-sale-in-kudasan-gandhinagar-1305-sqft-r1-spid-A88760204,2.0,2.0,1.0,2.0,8.0,semi-furnished,Kudasan,East,5-10 years,1,False,False,True,apartment,0.0,0.0,4.07753744390572,2.0,4444.0
"2 BHK Flatin Sargasan, Gandhinagar","Sargasan, Gandhinagar",54.0,4000.0,1350.0,"This residential flat is east-Facing direction. Constructed on a super built up area of 150 sq.Yards, the flat comprises 2 bedroom(s), 2 bathrooms and 1 balcony. This flat lies on the 2nd level of a 5 storey building. This 5-10 years old property is available for immediate possession as the project is ready to move. The vitrified flooring of this flat is beautifully designed and helps to give i...",https://www.99acres.com/2-bhk-bedroom-apartment-flat-for-sale-in-sargasan-gandhinagar-1350-sqft-r1-spid-P88765540,2.0,2.0,1.0,2.0,5.0,unfurnished,Sargasan,East,5-10 years,1,False,False,True,apartment,0.0,0.0,4.007333185232471,2.0,4000.0
"2 BHK Flatin Sargasan, Gandhinagar","Sargasan, Gandhinagar",65.0,4720.0,1377.0,"This is a east-Facing property. The flat is over 153 sq.Yards super built up area and comes with 2 bedroom(s), 2 bathrooms and 1 balcony. This flat is situated on the 2nd floor of this 6 floors tall residential building. As the project is already ready to move, so you can easily move into this 5-10 years old property. The flat comes well built with vitrified flooring options. Code 21 is designe...",https://www.99acres.com/2-bhk-bedroom-apartment-flat-for-sale-in-sargasan-gandhinagar-1377-sqft-r1-spid-I88769002,2.0,2.0,1.0,2.0,6.0,semi-furnished,Sargasan,East,5-10 years,1,False,False,True,apartment,0.0,0.0,4.189654742026425,2.0,4720.0
"3 BHK Flatin Randesan, Gandhinagar","Randesan, Gandhinagar",130.0,7275.54631797473,1786.8074,"This property faces the east direction. The floor plan additionally contains 3 bedroom(s), 2 bathrooms and 1 balcony. All in all, the flat is spread over a super built up area of 255 sq.Ft. This flat is situated on the top floor of this 6 floors tall residential building. This is a ready to move project and the property is 5-10 years old. The beautifully designed vitrified flooring enhances the...",https://www.99acres.com/3-bhk-bedroom-apartment-flat-for-sale-in-shree-umiya-sunshine-fortune-randesan-gandhinagar-255-sq-ft-spid-K90836028,3.0,2.0,1.0,,6.0,unfurnished,Randesan,East,5-10 years,1,False,True,False,apartment,0.0,0.0,4.875197323201151,3.0,7276.0
"3 BHK Flatin Sargasan, Gandhinagar","Sargasan, Gandhinagar",90.0,3759.0,2394.0,"This residential flat is east-Facing direction. Containing 3 bedroom(s), 3 bathrooms and 1 balcony, this flat is spread over a super built up area of 2394 sq.Ft. This flat lies on the 2nd level of a 6 storey building. Being a ready to move project, you can expect immediate possession of this 1-5 years old property. The vitrified flooring of this flat is beautifully designed and helps to give it...",https://www.99acres.com/3-bhk-bedroom-apartment-flat-for-sale-in-vihaan-sarthak-era-sargasan-gandhinagar-2394-sq-ft-spid-D90811802,3.0,3.0,1.0,2.0,6.0,unfurnished,Sargasan,East,1-5 years,1,False,False,True,apartment,0.0,0.0,4.51085950651685,3.0,3759.0
"4 BHK Flatin Randesan, Gandhinagar",Kaavyaratna BougaVille,250.0,6385.0,3915.0,"This is a east-Facing property. Containing 4 bedroom(s), 3 bathrooms and 1 balcony, this flat is spread over a super built up area of 3915 sq.Ft. This flat is situated on the 5th floor of this 6 floors tall residential building. This is a ready to move project and the property is 0-1 year old. The flat comes well built with vitrified flooring options. The flat will offer a modern lifestyle as i...",https://www.99acres.com/4-bhk-bedroom-apartment-flat-for-sale-in-kaavyaratna-bougain-ville-randesan-gandhinagar-3915-sqft-spid-L90811546,4.0,3.0,1.0,5.0,6.0,semi-furnished,Gift City,East,New,1,False,False,True,apartment,0.0,0.0,5.5254529391317835,4.0,6386.0
"4 BHK Flatin Raysan, Gandhinagar","Raysan, Gandhinagar",195.0,8138.0,4410.0,"This is a east-Facing property. Containing 3 bedroom(s), 3 bathrooms and 1 balcony, this flat is spread over a super built up area of 4410 sq.Ft. This flat is situated on the 2nd floor of this 13 floors tall residential building. Moreover, the flat is currently under construction and possession is expected by january 2027. The flat comes well built with vitrified flooring options. Skydeck 78 is...",https://www.99acres.com/4-bhk-bedroom-apartment-flat-for-sale-in-raysan-gandhinagar-4410-sqft-spid-H90807966,3.0,4.0,1.0,2.0,13.0,unfurnished,Raysan,East,New,0,False,False,True,apartment,2.0,0.0,5.278114659230517,4.0,4422.0
"3 BHK Flatin Sargasan, Gandhinagar","Sargasan, Gandhinagar",82.0,5061.0,1620.0,"This is a east-Facing property. Constructed on a super built up area of 1620 sq.Ft., the flat comprises 3 bedroom(s), 2 bathrooms and 1 balcony. The flat has a total of 13 floors and this property is situated on 2nd floor. An added advantage of this 1-5 years old flat is that it is available for immediate possession as the project is already ready to move. The vitrified flooring of this flat is...",https://www.99acres.com/3-bhk-bedroom-apartment-flat-for-sale-in-atishay-sky-sargasan-gandhinagar-1620-sq-ft-spid-V90781640,3.0,2.0,1.0,2.0,13.0,unfurnished,Sargasan,East,1-5 years,1,False,False,True,apartment,0.0,0.0,4.418840607796598,3.0,5062.0
"4 BHK Flatin Sargasan, Gandhinagar","Sargasan, Gandhinagar",140.0,4394.0,3186.0,"This property faces the east direction. The flat occupies a super built up area of 3186 sq.Ft. That consists of 4 bedrooms, 4 bathrooms and 1 balcony. The residential building has 13 floors in total and the flat for sale is located on the 5th floor. This is a ready to move project and the property is 1-5 years old. The floor of this flat is beautifully designed using vitrified flooring, giving ...",https://www.99acres.com/4-bhk-bedroom-apartment-flat-for-sale-in-atmos-by-solaire-sargasan-gandhinagar-3186-sq-ft-spid-Z90776652,4.0,4.0,1.0,5.0,13.0,unfurnished,Sargasan,East,1-5 years,1,False,False,True,apartment,0.0,0.0,4.948759890378168,4.0,4394.0
"2 BHK Flatin Kudasan, Gandhinagar","Kudasan, Gandhinagar",65.0,4485.0,1449.0,"The flat is facing the east direction. Containing 2 bedroom(s), 2 bathrooms and 2 balconies, this flat is spread over a super built up area of 1449 sq.Ft. This flat lies on the 4th level of a 6 storey building. This 10+ years old property is available for immediate possession as the project is ready to move. The flat comes well built with vitrified flooring options. The flat will offer a modern...",https://www.99acres.com/2-bhk-bedroom-apartment-flat-for-sale-in-sahjanand-city-kudasan-gandhinagar-1449-sqft-spid-U90774334,2.0,2.0,2.0,4.0,6.0,semi-furnished,Kudasan,East,10-20 years,1,False,False,True,apartment,0.0,0.0,4.189654742026425,2.0,4486.0
"2 BHK Flatin Kudasan, Gandhinagar","Kudasan, Gandhinagar",67.0,4624.0,1449.0,"The flat is east-Facing. The floor plan additionally contains 2 bedroom(s), 2 bathrooms and 1 balcony. All in all, the flat is spread over a super built up area of 161 sq.Yards. This flat lies on the 3rd level of a 9 storey building. This 1-5 years old property is available for immediate possession as the project is ready to move. The beautifully designed vitrified flooring enhances the beauty ...",https://www.99acres.com/2-bhk-bedroom-apartment-flat-for-sale-in-garuda-tulsi-heights-kudasan-gandhinagar-1449-sq-ft-spid-B90762048,2.0,2.0,1.0,3.0,9.0,unfurnished,Kudasan,East,1-5 years,1,False,False,True,apartment,0.0,0.0,4.219507705176107,2.0,4624.0
"4 BHK Flatin Sargasan, Gandhinagar","Sargasan, Gandhinagar",370.0,8407.0,4401.0,"The siddhraj z plus flat occupies a super built up area of 489 sq.Yards that consists of 4 bedrooms, 6 bathrooms and 1 balcony. This flat is situated on the 4th floor of this 7 floors tall residential building. As the project is already ready to move, so you can easily move into this 5 years old property. The society is well equipped with many modern amenities, including swimming pool, fitness ...",https://www.99acres.com/4-bhk-bedroom-apartment-flat-for-sale-in-siddhraj-z-plus-sargasan-gandhinagar-4401-sqft-spid-M90748490,4.0,6.0,1.0,4.0,7.0,,Sargasan,,Unknown,1,False,False,True,apartment,5.0,0.0,5.916202062607435,4.0,8407.0
"2 BHK Flatin Sargasan, Gandhinagar","Sargasan, Gandhinagar",55.0,4701.0,1170.0,"The saundarya 444 floor plan additionally contains 2 bedroom(s), 2 bathrooms and 2 balconies. All in all, the flat is spread over a super built up area of 130 sq.Yards. This flat is situated on the top floor of this 5 floors tall residential building. Being a ready to move project, you can expect immediate possession of this 10 years old property.",https://www.99acres.com/2-bhk-bedroom-apartment-flat-for-sale-in-saundarya-444-sargasan-gandhinagar-1170-sqft-r1-spid-A89177711,2.0,2.0,2.0,,5.0,,Sargasan,,10-20 years,1,False,False,True,apartment,0.0,0.0,4.02535169073515,2.0,4701.0
"4 BHK Flatin Randesan, Gandhinagar","Randesan, Gandhinagar",210.0,6481.0,3240.0,"The balmukund lavish floor plan additionally contains 4 bedroom(s), 4 bathrooms and more than 3 balconies. All in all, the flat is spread over a super built up area of 360 sq.Yards. The property is located on the 10th floor of a 13 floors tall building. Being a ready to move project, you can expect immediate possession of this 3 years old property.",https://www.99acres.com/4-bhk-bedroom-apartment-flat-for-sale-in-randesan-gandhinagar-3240-sqft-r1-spid-Y89169625,4.0,4.0,3.0,10.0,13.0,,Randesan,,Unknown,1,False,False,True,apartment,0.0,0.0,5.351858133476067,4.0,6481.0
"3 BHK Flatin Kudasan, Gandhinagar","Kudasan, Gandhinagar",145.0,5498.0,2637.0,"The flat is facing the east direction. Containing 3 bedroom(s), 3 bathrooms and 3 balconies, this flat is spread over a super built up area of 2637 sq.Ft. The property is located on the 3rd floor of a 7 floors tall building. Being a ready to move project, you can expect immediate possession of this 1-5 years old property. The flat comes well built with vitrified flooring options. The society is...",https://www.99acres.com/3-bhk-bedroom-apartment-flat-for-sale-in-shivalay-parisar-kudasan-gandhinagar-2637-sqft-spid-A90718624,3.0,3.0,3.0,3.0,7.0,semi-furnished,Kudasan,East,1-5 years,1,False,False,True,apartment,0.0,0.0,4.983606621708336,3.0,5499.0
"3 BHK Flatin Sargasan, Gandhinagar","Sargasan, Gandhinagar",80.0,4535.0,1764.0,"The flat is facing the east direction. Constructed on a super built up area of 196 sq.Yards, the flat comprises 3 bedroom(s), 3 bathrooms and 1 balcony. The residential building has 5 floors in total and the flat for sale is located on the 1st floor. As the project is already ready to move, so you can easily move into this 5-10 years old property. The floor of this flat is beautifully designed ...",https://www.99acres.com/3-bhk-bedroom-apartment-flat-for-sale-in-b-and-m-divya-sanskar-city-sargasan-gandhinagar-1764-sqft-spid-M90704726,3.0,3.0,1.0,1.0,5.0,unfurnished,Sargasan,East,5-10 years,1,False,False,True,apartment,0.0,0.0,4.394449154672439,3.0,4535.0
"4 BHK Flatin Sargasan, Gandhinagar","Sargasan, Gandhinagar",175.0,7175.0,2439.0,"Located in the popular residential address of sargasan, gandhinagar, hari aalayam is one of the most preferred destination for apartments in gandhinagar. This 4 bhk flat is your ticket to be a part of this community. Containing 4 bedrooms, 5 bathrooms and 1 balcony, this flat is spread over a super built up area of 271 sq.Yards. The residential building has 5 floors in total and the flat for sa...",https://www.99acres.com/4-bhk-bedroom-apartment-flat-for-sale-in-hari-aalayam-sargasan-gandhinagar-2439-sqft-r2-spid-T87592774,4.0,5.0,1.0,,5.0,,Sargasan,,New,1,False,False,True,apartment,0.0,0.0,5.170483995038151,4.0,7175.0
"3 BHK Flatin Sargasan, Gandhinagar","Sargasan, Gandhinagar",100.0,4572.0,2187.0,"The keshav parisar floor plan additionally contains 3 bedroom(s), 3 bathrooms and 1 balcony. All in all, the flat is spread over a super built up area of 243 sq.Yards. The flat has a total of 13 floors and this property is situated on 5th floor. This residential flat is currently under construction and you can expect the possession of the same by march 2028. The flat will offer a modern lifesty...",https://www.99acres.com/3-bhk-bedroom-apartment-flat-for-sale-in-sargasan-gandhinagar-2187-sqft-spid-Z90521354,3.0,3.0,1.0,5.0,13.0,,Sargasan,,New,0,False,False,True,apartment,-1.0,0.0,4.61512051684126,3.0,4572.0
"3 BHK Flatin Sargasan, Gandhinagar","Sargasan, Gandhinagar",99.5,4550.0,2187.0,"The keshav parisar floor plan additionally contains 3 bedroom(s), 3 bathrooms and 1 balcony. All in all, the flat is spread over a super built up area of 243 sq.Yards. The residential building has 13 floors in total and the flat for sale is located on the 8th floor. This residential property is still under construction and will be available for possession by march 2028.",https://www.99acres.com/3-bhk-bedroom-apartment-flat-for-sale-in-sargasan-gandhinagar-2187-sqft-spid-V90495522,3.0,3.0,1.0,8.0,13.0,,Sargasan,,New,0,False,False,True,apartment,-1.0,0.0,4.61015772749913,3.0,4550.0
"2 BHK Flatin Sargasan, Gandhinagar","Sargasan, Gandhinagar",67.32,4000.0,1683.0,"The keshav parisar flat occupies a super built up area of 187 sq.Yards that consists of 2 bedrooms, 2 bathrooms and 1 balcony. The residential building has 13 floors in total and the flat for sale is located on the 8th floor. This residential property is still under construction and will be available for possession by march 2028.",https://www.99acres.com/2-bhk-bedroom-apartment-flat-for-sale-in-sargasan-gandhinagar-1683-sqft-spid-J90471246,2.0,2.0,1.0,8.0,13.0,,Sargasan,,New,0,False,False,True,apartment,0.0,0.0,4.224202549480315,2.0,4000.0
"3 BHK Flatin Sargasan, Gandhinagar","Sargasan, Gandhinagar",144.0,6723.0,2142.0,"The keshav parisar flat occupies a super built up area of 238 sq.Yards that consists of 3 bedrooms, 3 bathrooms and 1 balcony. The flat has a total of 13 floors and this property is situated on top floor.Terrace area and personal foyer available. The flat is currently under construction stage and you can expect to get the possession of the property by march 2028.",https://www.99acres.com/3-bhk-bedroom-apartment-flat-for-sale-in-sargasan-gandhinagar-2142-sqft-spid-A90467912,3.0,3.0,1.0,,13.0,,Sargasan,,New,0,False,False,True,apartment,0.0,0.0,4.976733742420574,3.0,6723.0
"3 BHK Flatin Sargasan, Gandhinagar","Sargasan, Gandhinagar",110.0,5135.0,2142.0,"The hari aalay flat occupies a super built up area of 238 sq.Yards that consists of 3 bedrooms, 3 bathrooms and 1 balcony. This flat is situated on the 3rd floor of this 9 floors tall residential building. An added advantage of this 3 years old flat is that it is available for immediate possession as the project is already ready to move. Hari aalay is designed very well to provide modern facili...",https://www.99acres.com/3-bhk-bedroom-apartment-flat-for-sale-in-hari-aalay-sargasan-gandhinagar-2142-sqft-spid-T90464776,3.0,3.0,1.0,3.0,9.0,,Sargasan,,New,1,False,False,True,apartment,0.0,0.0,4.709530201312334,3.0,5135.0
"3 BHK Flatin Sargasan, Gandhinagar","Sargasan, Gandhinagar",111.0,5054.0,2196.0,"Key amenities Swimming pool, gym, garden Tennis court, clubhouse 24x7 security & fire safety Good internal roads & landscaping Location advantage (Sargasan) Close to: Schools & hospitals (Like smvs hospital) Shopping (Sarthak mall nearby) Good connectivity to: Gandhinagar sectors Gift city Sg highway Sargasan is a fast-Developing residential hub, ideal for both end-Use and investment. Why its g...",https://www.99acres.com/3-bhk-bedroom-apartment-flat-for-sale-in-hari-aalayam-sargasan-gandhinagar-2196-sqft-spid-C90355144,3.0,3.0,1.0,,,,Sargasan,,Unknown,1,False,False,True,apartment,15.0,7.0,4.718498871295094,3.0,5055.0
"3 BHK Flatin Sargasan, Gandhinagar","Sargasan, Gandhinagar",74.0,6424.0,1152.0,The satyamev famosa pent house occupies a super built up area of 128 sq.Yards that consists of 3 bedrooms and 2 bathrooms. This pent house is situated on the 5th floor of this 5 floors tall residential building. An added advantage of this 12 years old flat is that it is available for immediate possession as the project is already ready to move.,https://www.99acres.com/3-bhk-bedroom-apartment-flat-for-sale-in-satyamev-famosa-sargasan-gandhinagar-1152-sqft-spid-K90300438,3.0,2.0,1.0,5.0,5.0,,Sargasan,,Unknown,1,False,False,True,penthouse,0.0,0.0,4.31748811353631,3.0,6424.0
"4 BHK Flatin Randesan, Gandhinagar","Randesan, Gandhinagar",160.0,9691.0,1651.0,"This is a east-Facing property. The flat occupies a super built up area of 3420 sq.Ft. That consists of 4 bedrooms, 4 bathrooms and 2 balconies. The flat has a total of 13 floors and this property is situated on 7th floor. As the project is already ready to move, so you can easily move into this 0-1 year old property. The floor of this flat is beautifully designed using vitrified flooring, givi...",https://www.99acres.com/4-bhk-bedroom-apartment-flat-for-sale-in-nia-riverside-38-randesan-gandhinagar-1651-sqft-spid-U90299672,4.0,4.0,2.0,7.0,13.0,unfurnished,Randesan,East,New,1,True,False,False,apartment,0.0,0.0,5.081404364984463,4.0,9691.0
"3 BHK Flatin Sargasan, Gandhinagar","Sargasan, Gandhinagar",108.0,4938.0,2187.0,"Situated in sargasan, gandhinagar, vinayak sapphire is a well planned society that offers a pleasant living experience to its residents. This 3 bhk flat in gandhinagar is your opportunity to be a part of this community. The flat is over 243 sq.Yards super built up area and comes with 3 bedrooms, 3 bathrooms and 2 balconies. This flat lies on the 10th level of a 12 storey building. This is a rea...",https://www.99acres.com/3-bhk-bedroom-apartment-flat-for-sale-in-vinayak-sapphire-sargasan-gandhinagar-2187-sqft-r1-spid-G87638828,3.0,3.0,2.0,10.0,12.0,,Sargasan,,New,1,False,False,True,apartment,0.0,0.0,4.6913478822291435,3.0,4938.0
"2 BHK Flatin Sargasan, Gandhinagar","Sargasan, Gandhinagar",59.0,4682.0,1260.0,"The pramukh oasis floor plan additionally contains 2 bedrooms, 2 bathrooms and 2 balconies. All in all, the flat is spread over a super built up area of 140 sq.Yards. The property is located on the 2nd floor of a 5 floors tall building. An added advantage of this 8 years old flat is that it is available for immediate possession as the project is already ready to move. Tv unit, corner stand pooj...",https://www.99acres.com/2-bhk-bedroom-apartment-flat-for-sale-in-psy-pramukh-oasis-sargasan-gandhinagar-1260-sqft-r1-spid-D88710392,2.0,2.0,2.0,2.0,5.0,semi-furnished,Sargasan,,Unknown,1,False,False,True,apartment,2.0,0.0,4.0943445622221,2.0,4683.0
"3 BHK Flatin Sargasan, Gandhinagar","Sargasan, Gandhinagar",71.0,4383.0,1620.0,"The flat is facing the east direction. Constructed on a super built up area of 180 sq.Yards, the flat comprises 3 bedroom(s), 2 bathrooms and 1 balcony. This flat lies on the 3rd level of a 5 storey building. This 5-10 years old property is available for immediate possession as the project is ready to move. The vitrified flooring of this flat is beautifully designed and helps to give it a pleas...",https://www.99acres.com/3-bhk-bedroom-apartment-flat-for-sale-in-madhuram-greens-sargasan-gandhinagar-1620-sqft-spid-S90266738,3.0,2.0,1.0,3.0,5.0,unfurnished,Sargasan,East,5-10 years,1,False,False,True,apartment,0.0,0.0,4.276666119016055,3.0,4383.0
"3 BHK Flatin Sargasan, Gandhinagar","Sargasan, Gandhinagar",90.0,3759.0,2394.0,"The flat is east-Facing. The flat occupies a super built up area of 266 sq.Yards that consists of 3 bedrooms, 3 bathrooms and 1 balcony. The flat has a total of 6 floors and this property is situated on 3rd floor. This 5-10 years old property is available for immediate possession as the project is ready to move. The flat comes well built with vitrified flooring options. The society is well equi...",https://www.99acres.com/3-bhk-bedroom-apartment-flat-for-sale-in-vihaan-sarthak-era-sargasan-gandhinagar-2394-sqft-spid-W90265806,3.0,3.0,1.0,3.0,6.0,semi-furnished,Sargasan,East,5-10 years,1,False,False,True,apartment,2.0,0.0,4.51085950651685,3.0,3759.0
"3 BHK Flatin Randesan, Gandhinagar","Randesan, Gandhinagar",78.0,3851.0,2025.0,"This residential flat is east-Facing direction. Containing 3 bedroom(s), 3 bathrooms and 1 balcony, this flat is spread over a super built up area of 2025 sq.Ft. The flat has a total of 5 floors and this property is situated on 3rd floor. This is a ready to move project and the property is 10+ years old. The flat comes well built with vitrified flooring options. All the modern amenities such as...",https://www.99acres.com/3-bhk-bedroom-apartment-flat-for-sale-in-sheetal-vedika-habitat-randesan-gandhinagar-2025-sqft-spid-S90259728,3.0,3.0,1.0,3.0,5.0,semi-furnished,Randesan,East,10-20 years,1,False,False,True,apartment,16.0,0.0,4.3694478524670215,3.0,3852.0
"2 BHK Flatin Urjanagar, Randesan, Gandhinagar","Urjanagar, Randesan, Gandhinagar",57.0,6463.0,882.0,"Thiis propperty in randesan, gandhinagar is a well-Established ready-To-Move residential project by shukan group, offering spacious 2 bhk and 3 bhk apartments crafted for comfortable family living. Located near city pulse cinema and urjanagar 1 area, the society delivers a peaceful environment with contemporary design and thoughtful layout. Residents enjoy access to landscaped gardens, club hou...",https://www.99acres.com/2-bhk-bedroom-apartment-flat-for-sale-in-urjanagar-gandhinagar-882-sqft-r1-spid-M88673904,2.0,2.0,1.0,,,semi-furnished,Randesan,,New,1,False,True,False,apartment,0.0,0.0,4.060443010546419,2.0,6463.0
"2 BHK Flatin Kudasan, Gandhinagar","Kudasan, Gandhinagar",56.0,4609.0,1215.0,"The sunshine heights in kudasan, gandhinagar is a ready-To-Move residential apartment project by shree krishna developers offering thoughtfully designed 2 bhk and 3 bhk flats in a tranquil neighbourhood close to central kudasan hubs. With well-Planned layouts that maximize natural light and ventilation, it includes essential amenities such as lifts, power backup, childrens play area, visitors p...",https://www.99acres.com/2-bhk-bedroom-apartment-flat-for-sale-in-kudasan-gandhinagar-1215-sqft-r1-spid-O88687024,2.0,2.0,1.0,,,unfurnished,Kudasan,,New,1,False,False,True,apartment,5.0,0.0,4.04305126783455,2.0,4609.0
"2 BHK Flatin Sargasan, Gandhinagar","Sargasan, Gandhinagar",65.0,5272.0,1233.0,"The flat is east-Facing. Constructed on a super built up area of 137 sq.Yards, the flat comprises 2 bedroom(s), 2 bathrooms and 1 balcony. The residential building has 5 floors in total and the flat for sale is located on the 4th floor. An added advantage of this 5-10 years old flat is that it is available for immediate possession as the project is already ready to move. The vitrified flooring ...",https://www.99acres.com/2-bhk-bedroom-apartment-flat-for-sale-in-ratnaraj-residency-sargasan-gandhinagar-1233-sqft-spid-E90232050,2.0,2.0,1.0,4.0,5.0,unfurnished,Sargasan,East,5-10 years,1,False,False,True,apartment,0.0,0.0,4.189654742026425,2.0,5272.0
"3 BHK Flatin Sargasan, Gandhinagar","Sargasan, Gandhinagar",89.0,4138.0,2151.0,"The aavkar amore floor plan additionally contains 3 bedrooms, 3 bathrooms and 1 balcony. All in all, the flat is spread over a super built up area of 239 sq.Yards. The flat has a total of 13 floors and this property is situated on 11th floor. As the project is already ready to move, so you can easily move into this 06 month old property.",https://www.99acres.com/3-bhk-bedroom-apartment-flat-for-sale-in-sargasan-gandhinagar-2151-sqft-r1-spid-I88588760,3.0,3.0,1.0,11.0,13.0,,Sargasan,,Unknown,1,False,False,True,apartment,0.0,0.0,4.499809670330265,3.0,4138.0
"2 BHK Flatin Sargasan, Gandhinagar","Sargasan, Gandhinagar",72.0,9207.0,782.0,"The flat is east-Facing. Containing 2 bedroom(s), 2 bathrooms and 2 balconies, this flat is spread over a carpet area of 1530 sq.Ft. The property is located on the 11th floor of a 14 floors tall building. An added advantage of this 0-1 year old flat is that it is available for immediate possession as the project is already ready to move. The beautifully designed marble flooring enhances the bea...",https://www.99acres.com/2-bhk-bedroom-apartment-flat-for-sale-in-swagat-kingsland-sargasan-gandhinagar-782-sqft-spid-X90151944,2.0,2.0,2.0,11.0,14.0,unfurnished,Sargasan,East,New,1,False,True,False,apartment,0.0,0.0,4.290459441148391,2.0,9207.0
"3 BHK Flatin Sargasan, Gandhinagar","Sargasan, Gandhinagar",92.2,4268.0,2160.0,"The shivaay serenity floor plan additionally contains 3 bedroom(s), 3 bathrooms and 1 balcony. All in all, the flat is spread over a super built up area of 240 sq.Yards. This flat is situated on the 2nd floor of this 13 floors tall residential building. The flat is currently under construction stage and you can expect to get the possession of the property by august 2028.",https://www.99acres.com/3-bhk-bedroom-apartment-flat-for-sale-in-sargasan-gandhinagar-2160-sqft-spid-D90086798,3.0,3.0,1.0,2.0,13.0,,Sargasan,,New,0,False,False,True,apartment,0.0,0.0,4.534747721691546,3.0,4269.0
"2 BHK Flatin Sargasan, Gandhinagar","Sargasan, Gandhinagar",62.85,4365.0,1440.0,"The shivaay serenity flat occupies a super built up area of 160 sq.Yards that consists of 2 bedrooms, 2 bathrooms and 1 balcony. The flat has a total of 13 floors and this property is situated on 2nd floor. As the property is currently under construction , you can expect to get the possession by aug 2028.",https://www.99acres.com/2-bhk-bedroom-apartment-flat-for-sale-in-sargasan-gandhinagar-1440-sqft-spid-B90085112,2.0,2.0,1.0,2.0,13.0,,Sargasan,,New,0,False,False,True,apartment,0.0,0.0,4.156536582478548,2.0,4365.0
"2 BHK Flatin Sargasan, Gandhinagar","Sargasan, Gandhinagar",72.0,5095.0,1413.0,"The shikshapatri sky park flat is over 157 sq.Yards super built up area and comes with 2 bedroom(s), 2 bathrooms and more than 3 balconies. This flat lies on the 4th level of a 12 storey building. This 1.5 years old property is available for immediate possession as the project is ready to move. All the modern amenities such as swimming pool, fitness centre / gym, park, club house, cctv surveill...",https://www.99acres.com/2-bhk-bedroom-apartment-flat-for-sale-in-shikshapatri-sky-park-sargasan-gandhinagar-1413-sqft-spid-A90078068,2.0,2.0,3.0,4.0,12.0,,Sargasan,,Unknown,1,False,False,True,apartment,10.0,0.0,4.290459441148391,2.0,5096.0
"3 BHK Flatin Sargasan, Gandhinagar","Sargasan, Gandhinagar",82.8,4000.0,2070.0,"The shivaay shilp flat is over 230 sq.Yards super built up area and comes with 3 bedroom(s), 3 bathrooms and 1 balcony. The flat has a total of 13 floors and this property is situated on 1st floor. As the property is currently under construction , you can expect to get the possession by march 2028.",https://www.99acres.com/3-bhk-bedroom-apartment-flat-for-sale-in-sargasan-gandhinagar-2070-sqft-spid-K89998230,3.0,3.0,1.0,1.0,13.0,,Sargasan,,New,0,False,False,True,apartment,0.0,0.0,4.428433007488037,3.0,4000.0
"3 BHK Flatin Sargasan, Gandhinagar","Sargasan, Gandhinagar",86.0,10068.0,854.0,"Situated in sargasan, gandhinagar, shreeji woods ville is a well planned society that offers a pleasant living experience to its residents. This 3 bhk flat in gandhinagar is your opportunity to be a part of this community. This residential flat is north-East-Facing direction. The flat occupies a carpet area of 79 sq.M. That consists of 3 bedrooms, 3 bathrooms and 1 balcony. The property is loca...",https://www.99acres.com/3-bhk-bedroom-apartment-flat-for-sale-in-shreeji-woods-ville-sargasan-gandhinagar-854-sqft-r1-spid-D86753358,3.0,3.0,1.0,,,,Sargasan,North-East,New,1,False,True,False,apartment,0.0,0.0,4.465908118654584,3.0,10070.0
"3 BHK Flatin Sargasan, Gandhinagar","Sargasan, Gandhinagar",85.0,3968.0,2142.0,"Containing 3 bedroom(s), 3 bathrooms and 1 balcony, this flat is spread over a super built up area of 2142 sq.Ft. The property is located on the 3rd floor of a 7 floors tall building. As the project is already ready to move, so you can easily move into this 0-1 year old property. Single tower , only 42 units, 1 reserve car parking, fire safety system, 24 hours water supply & security available,...",https://www.99acres.com/3-bhk-bedroom-apartment-flat-for-sale-in-sargasan-gandhinagar-2142-sqft-spid-M89007336,3.0,3.0,1.0,3.0,7.0,unfurnished,Sargasan,,New,1,False,False,True,apartment,5.0,0.0,4.454347296253507,3.0,3968.0
"2 BHK Flatin Sargasan, Gandhinagar","Sargasan, Gandhinagar",60.0,7407.0,810.0,"The flat is over 810 sq.Ft. Carpet area and comes with 2 bedroom(s), 2 bathrooms and 1 balcony. The flat has a total of 7 floors and this property is situated on 4th floor. An added advantage of this 1-5 years old flat is that it is available for immediate possession as the project is already ready to move. Well maintain flat with pop lights and interior design, all fix furnished, amenities lik...",https://www.99acres.com/2-bhk-bedroom-apartment-flat-for-sale-in-sargasan-gandhinagar-810-sqft-spid-C88910854,2.0,2.0,1.0,4.0,7.0,furnished,Sargasan,,1-5 years,1,False,False,False,apartment,10.0,0.0,4.110873864173311,2.0,7407.0
"3 BHK Flatin Randesan, Gandhinagar","Randesan, Gandhinagar",99.0,8333.0,1188.0,"Containing 3 bedroom(s), 3 bathrooms and 1 balcony, this flat is spread over a carpet area of 1188 sq.Ft. The residential building has 13 floors in total and the flat for sale is located on the 12th floor. Being a ready to move project, you can expect immediate possession , ready to move, power backup. Sports enthusiasts will like the cricket pitch, badminton court, cycling & jogging track. The...",https://www.99acres.com/3-bhk-bedroom-apartment-flat-for-sale-in-randesan-gandhinagar-1188-sqft-spid-U88839740,3.0,3.0,1.0,12.0,13.0,unfurnished,Randesan,,New,1,False,True,False,apartment,11.0,0.0,4.605170185988092,3.0,8333.0
"3 BHK Flatin Randesan, Gandhinagar","Randesan, Gandhinagar",110.0,8487.0,1296.0,"Containing 3 bedroom(s), 3 bathrooms and 1 balcony, this flat is spread over a carpet area of 1296 sq.Ft. The residential building has 13 floors in total and the flat for sale is located on the 10th floor. This is a ready to move project and the property is 1-5 years old. 3 open side properties, very speacious, garden facing, well maintained, society has a all amenities here like a gym, club ho...",https://www.99acres.com/3-bhk-bedroom-apartment-flat-for-sale-in-randesan-gandhinagar-1296-sqft-spid-G88827782,3.0,3.0,1.0,10.0,13.0,unfurnished,Randesan,Other,1-5 years,1,False,True,False,apartment,7.0,0.0,4.709530201312334,3.0,8488.0
"2 BHK Flatin Sargasan, Gandhinagar","Sargasan, Gandhinagar",45.0,3623.0,1242.0,"The flat is facing the north-East direction. The flat occupies a carpet area of 138 sq.Yards that consists of 2 bedrooms, 2 bathrooms and 1 balcony. The property is located on the 3rd floor of a 5 floors tall building. Being a ready to move project, you can expect immediate possession of this 5-10 years old property. The ceramic flooring of this flat is beautifully designed and helps to give it...",https://www.99acres.com/2-bhk-bedroom-apartment-flat-for-sale-in-soundarya-444-sargasan-gandhinagar-1242-sqft-spid-U90111920,2.0,2.0,1.0,3.0,5.0,unfurnished,Sargasan,North-East,5-10 years,1,False,True,False,apartment,0.0,0.0,3.828641396489095,2.0,3623.0
"2 BHK Flatin Sargasan, Gandhinagar","Sargasan, Gandhinagar",87.0,5823.0,1494.0,"The flat is east-Facing. The floor plan additionally contains 2 bedroom(s), 2 bathrooms and 1 balcony. All in all, the flat is spread over a super built up area of 166 sq.Yards. The property is located on the ground floor of a 11 floors tall building. As the project is already ready to move, so you can easily move into this 1-5 years old property. The well built vitrified flooring enhances the ...",https://www.99acres.com/2-bhk-bedroom-apartment-flat-for-sale-in-sargasan-gandhinagar-1494-sqft-spid-V90624680,2.0,2.0,1.0,0.0,11.0,unfurnished,Sargasan,East,1-5 years,1,False,False,True,apartment,0.0,0.0,4.477336814478207,2.0,5823.0
"2 BHK Flatin Kudasan, Gandhinagar","Kudasan, Gandhinagar",54.0,4286.0,1260.0,"The flat is east-Facing. The floor plan additionally contains 2 bedroom(s), 2 bathrooms and 1 balcony. All in all, the flat is spread over a built up area of 140 sq.Yards. This flat lies on the lower ground level of a 8 storey building. An added advantage of this 5-10 years old flat is that it is available for immediate possession as the project is already ready to move. The flat comes well bui...",https://www.99acres.com/2-bhk-bedroom-apartment-flat-for-sale-in-kudasan-gandhinagar-1260-sqft-spid-E90222404,2.0,2.0,1.0,-1.0,8.0,semi-furnished,Kudasan,East,5-10 years,1,True,False,False,apartment,0.0,0.0,4.007333185232471,2.0,4286.0
"3 BHK Flatin Sargasan, Gandhinagar","Sargasan, Gandhinagar",75.6,4000.0,1890.0,"P 39 is one of gandhinagar's most sought after destination for apartments and this 3 bhk flat in sargasan is your opportunity to be a part of this community. This residential flat is east-Facing direction. The flat occupies a carpet area of 210 sq.Yards that consists of 3 bedrooms, 3 bathrooms and 1 balcony. The flat has a total of 14 floors and this property is situated on 3rd floor. As the pr...",https://www.99acres.com/3-bhk-bedroom-apartment-flat-for-sale-in-sargasan-gandhinagar-1890-sqft-r1-spid-T86587272,3.0,3.0,1.0,3.0,14.0,,Sargasan,East,New,0,False,True,False,apartment,0.0,0.0,4.338597076746545,3.0,4000.0
"2 BHK Flatin Sargasan, Gandhinagar","Sargasan, Gandhinagar",65.45,3889.0,1683.0,"Located in the popular residential address of sargasan, gandhinagar, p 18 is one of the most preferred destination for apartments in gandhinagar. This 2 bhk flat is your ticket to be a part of this community. This property faces the east direction. The flat occupies a carpet area of 187 sq.Yards that consists of 2 bedrooms, 2 bathrooms and 1 balcony. This flat lies on the 5th level of a 13 stor...",https://www.99acres.com/2-bhk-bedroom-apartment-flat-for-sale-in-sargasan-gandhinagar-1683-sqft-r1-spid-C86589754,2.0,2.0,1.0,5.0,13.0,unfurnished,Sargasan,East,New,0,False,True,False,apartment,0.0,0.0,4.196449785159254,2.0,3889.0
"4 BHK Flatin Randesan, Gandhinagar","Randesan, Gandhinagar",208.0,5000.0,4158.0,"The one is one of gandhinagar's most sought after destination for apartments and this 4 bhk flat in randesan is your opportunity to be a part of this community. This is a east-Facing property. Containing 4 bedroom(s), 4 bathrooms and 2 balconies, this flat is spread over a super built up area of 462 sq.Yards. The flat has a total of 17 floors and this property is situated on 14th floor. Moreove...",https://www.99acres.com/4-bhk-bedroom-apartment-flat-for-sale-in-randesan-gandhinagar-4158-sqft-r1-spid-J88191614,4.0,4.0,2.0,14.0,17.0,,Randesan,East,New,0,False,False,True,apartment,0.0,0.0,5.342334251964811,4.0,5002.0
"3 BHK Flatin Randesan, Gandhinagar","Randesan, Gandhinagar",116.0,8823.0,1190.0,"This 3 bhk apartment is available for sale in siddhraj zoey, one of the most prominent projects for flats in randesan, gandhinagar. This is a east-Facing property. Containing 3 bedroom(s), 3 bathrooms and 3 balconies, this flat is spread over a super built up area of 1190 sq.Ft. The flat has a total of 13 floors and this property is situated on 3rd floor. Being a ready to move project, you can ...",https://www.99acres.com/3-bhk-bedroom-apartment-flat-for-sale-in-randesan-gandhinagar-1190-sqft-r4-spid-M84331092,3.0,3.0,3.0,3.0,13.0,unfurnished,Randesan,East,New,1,False,False,True,apartment,0.0,0.0,4.762173934797756,3.0,9748.0
"2 BHK Flatin Raysan, Gandhinagar","Raysan, Gandhinagar",62.9,4111.0,1530.0,"Check out this 2 bhk apartment for sale in revanta fortune 2, a popular residential project that houses in-Demand flats in raysan, gandhinagar. This property faces the east direction. Containing 2 bedroom(s), 2 bathrooms and 1 balcony, this flat is spread over a super built up area of 170 sq.Yards. This flat is situated on the 10th floor of this 12 floors tall residential building. This residen...",https://www.99acres.com/2-bhk-bedroom-apartment-flat-for-sale-in-raysan-gandhinagar-1530-sqft-r2-spid-S88145142,2.0,2.0,1.0,10.0,12.0,unfurnished,Raysan,East,New,0,False,False,True,apartment,0.0,0.0,4.157319361383489,2.0,4111.0
"4 BHK Flatin Koba, Gandhinagar","Koba, Gandhinagar",180.0,4819.0,3735.0,"Aurelia is one of the most popular destination for buying apartments/ flats in koba,gandhinagar. You too can be a part of this society by purchasing this 4 bhk flat here. This is a east-Facing property. The floor plan additionally contains 4 bedroom(s), 4 bathrooms and more than 3 balconies. All in all, the flat is spread over a super built up area of 415 sq.Yards. The property is located on th...",https://www.99acres.com/4-bhk-bedroom-apartment-flat-for-sale-in-koba-gandhinagar-3735-sqft-r5-spid-W84044826,4.0,4.0,3.0,,,,Koba,East,New,0,False,False,True,apartment,0.0,0.0,5.198497031265826,4.0,4819.0
"1 BHK Flatin Gift City, Gandhinagar","Gift City, Gandhinagar",77.85,9000.0,865.0,"Looking for a 1 bhk property for sale in gandhinagar? Buy this 1 bhk flat in siban that is situated in gift city, gandhinagar. This is a east-Facing property. The floor plan additionally contains 1 bedroom(s), 1 bathroom and 1 balcony. All in all, the flat is spread over a super built up area of 865 sq.Ft. The flat has a total of 35 floors and this property is situated on 12th floor. The flat i...",https://www.99acres.com/1-bhk-bedroom-apartment-flat-for-sale-in-gift-city-gandhinagar-865-sqft-r3-spid-F85918850,1.0,1.0,1.0,12.0,35.0,unfurnished,Gift City,East,New,0,False,False,True,apartment,0.0,0.0,4.367547313409047,1.0,9000.0
"4 BHK Flatin Raysan, Gandhinagar","Raysan, Gandhinagar",357.0,5289.0,6750.0,"Check out this 4 bhk apartment for sale in ekarth sarvam, a popular residential project that houses in-Demand flats in pdeu road, raysan, gandhinagar. The flat is east-Facing. The flat is over 750 sq.Yards super built up area and comes with 4 bedroom(s), 4 bathrooms and 2 balconies. This flat is situated on the 3rd floor of this 19 floors tall residential building. This residential property is ...",https://www.99acres.com/4-bhk-bedroom-apartment-flat-for-sale-in-raysan-gandhinagar-6750-sqft-r4-spid-Y85650918,4.0,4.0,2.0,3.0,19.0,unfurnished,Raysan,East,New,0,False,False,True,apartment,0.0,0.0,5.8805329864007,4.0,5289.0
"2 BHK Flatin Kudasan, Gandhinagar","Kudasan, Gandhinagar",67.0,3918.0,1710.0,"Looking for a 2 bhk property for sale in gandhinagar? Buy this 2 bhk flat in dev aurum that is situated in kudasan, gandhinagar. This residential flat is east-Facing direction. The flat is over 190 sq.Yards super built up area and comes with 2 bedroom(s), 2 bathrooms and 3 balconies. This flat lies on the 6th level of a 14 storey building. As the property is currently under construction , you c...",https://www.99acres.com/2-bhk-bedroom-apartment-flat-for-sale-in-kudasan-gandhinagar-1710-sqft-r5-spid-O84038964,2.0,2.0,3.0,6.0,14.0,,Kudasan,East,New,0,False,False,True,apartment,0.0,0.0,4.219507705176107,2.0,3918.0
"3 BHK Flatin ADALAJ, Gandhinagar","ADALAJ, Gandhinagar",80.0,3628.0,2205.0,"Check out this 3 bhk apartment for sale in atishay shivalay 4, a popular residential project that houses in-Demand flats in adalaj , gandhinagar. This residential flat is east-Facing direction. The flat is over 245 sq.Yards super built up area and comes with 3 bedroom(s), 3 bathrooms and 3 balconies. The residential building has 12 floors in total and the flat for sale is located on the 4th flo...",https://www.99acres.com/3-bhk-bedroom-apartment-flat-for-sale-in-gandhinagar-2205-sqft-r5-spid-D84056480,3.0,3.0,3.0,4.0,12.0,unfurnished,Adalaj,East,New,0,False,False,True,apartment,0.0,0.0,4.394449154672439,3.0,3628.0
"3 BHK Flatin Sargasan, Gandhinagar","Sargasan, Gandhinagar",90.0,3922.0,2295.0,"Ekarth one is one of gandhinagar's most sought after destination for apartments and this 3 bhk flat in sargasan is your opportunity to be a part of this community. This is a east-Facing property. The flat occupies a super built up area of 255 sq.Yards that consists of 3 bedrooms, 3 bathrooms and 2 balconies. This flat lies on the 4th level of a 13 storey building. The flat is currently under co...",https://www.99acres.com/3-bhk-bedroom-apartment-flat-for-sale-in-sargasan-gandhinagar-2295-sqft-r5-spid-E84043130,3.0,3.0,2.0,4.0,13.0,unfurnished,Sargasan,East,New,0,False,False,True,apartment,0.0,0.0,4.51085950651685,3.0,3922.0
"3 BHK Flatin Randesan, Gandhinagar","Randesan, Gandhinagar",82.0,4019.0,2040.0,"Located in the popular residential address of randesan, gandhinagar, avaska meraki 86 is one of the most preferred destination for apartments in gandhinagar. This 3 bhk flat is your ticket to be a part of this community. This property faces the east direction. The flat is over 204 sq.Ft. Super built up area and comes with 3 bedroom(s), 3 bathrooms and 2 balconies. This flat is situated on the 5...",https://www.99acres.com/3-bhk-bedroom-apartment-flat-for-sale-in-randesan-gandhinagar-2040-sqft-r5-spid-I84042618,3.0,3.0,2.0,5.0,,unfurnished,Randesan,East,New,0,False,False,True,apartment,0.0,0.0,4.418840607796598,3.0,4020.0
"3 BHK Flatin Randesan, Gandhinagar","Randesan, Gandhinagar",126.0,4575.0,2754.0,"This lovely 3 bhk apartment/flat in randesan is available for sale in one of gandhinagar's most popular projects, rivanta 2. This residential flat is east-Facing direction. The floor plan additionally contains 3 bedroom(s), 3 bathrooms and 1 balcony. All in all, the flat is spread over a super built up area of 306 sq.Yards. This flat is situated on the 2nd floor of this 13 floors tall residenti...",https://www.99acres.com/3-bhk-bedroom-apartment-flat-for-sale-in-randesan-gandhinagar-2754-sqft-r4-spid-V85529842,3.0,3.0,1.0,2.0,13.0,unfurnished,Randesan,East,New,0,False,False,True,apartment,0.0,0.0,4.844187086458591,3.0,4575.0
"3 BHK Flatin Randesan, Gandhinagar","Randesan, Gandhinagar",79.0,4051.0,1950.0,"Check out this 3 bhk apartment for sale in pravesh by kavyaratn, a popular residential project that houses in-Demand flats in randesan, gandhinagar. This property faces the east direction. Constructed on a super built up area of 195 sq.Ft., the flat comprises 3 bedroom(s), 3 bathrooms and 2 balconies. This flat is situated on the 3rd floor of this 14 floors tall residential building. This resid...",https://www.99acres.com/3-bhk-bedroom-apartment-flat-for-sale-in-randesan-gandhinagar-1950-sqft-r5-spid-E84089626,3.0,3.0,2.0,3.0,14.0,unfurnished,Randesan,East,New,0,False,False,True,apartment,0.0,0.0,4.382026634673881,3.0,4051.0
"2 BHK Flatin Raysan, Gandhinagar","Raysan, Gandhinagar",75.0,4789.0,1566.0,"Looking for a 2 bhk property for sale in gandhinagar? Buy this 2 bhk flat in texas repose that is situated in raysan, gandhinagar. The flat is east-Facing. The floor plan additionally contains 2 bedroom(s), 2 bathrooms and 2 balconies. All in all, the flat is spread over a super built up area of 174 sq.Yards. This flat lies on the 4th level of a 13 storey building. This residential property is ...",https://www.99acres.com/2-bhk-bedroom-apartment-flat-for-sale-in-raysan-gandhinagar-1566-sqft-r5-spid-T84042918,2.0,2.0,2.0,4.0,13.0,unfurnished,Raysan,East,New,0,False,False,True,apartment,0.0,0.0,4.330733340286331,2.0,4789.0
"3 BHK Flatin Koba, Gandhinagar","Koba, Gandhinagar",148.0,4837.0,3060.0,"This 3 bhk flat is located in asteria, which houses some of the most spacious flats in koba,gandhinagar. The flat is facing the east direction. The flat is over 340 sq.Yards super built up area and comes with 3 bedroom(s), 3 bathrooms and 3 balconies. The residential building has 13 floors in total and the flat for sale is located on the 9th floor. This residential flat is currently under const...",https://www.99acres.com/3-bhk-bedroom-apartment-flat-for-sale-in-koba-gandhinagar-3060-sqft-r5-spid-H84032734,3.0,3.0,3.0,9.0,13.0,,Koba,East,New,0,False,False,True,apartment,0.0,0.0,5.003946305945459,3.0,4837.0
"3 BHK Flatin Bhaijipura, Gandhinagar","Bhaijipura, Gandhinagar",125.0,4409.0,2835.0,"This 3 bhk apartment is available for sale in auxeria by atishay shivalay, one of the most prominent projects for flats in bhaijipura, gandhinagar. The flat is facing the east direction. Constructed on a super built up area of 315 sq.Yards, the flat comprises 3 bedroom(s), 3 bathrooms and 1 balcony. The flat has a total of 19 floors and this property is situated on 4th floor. Moreover, the flat...",https://www.99acres.com/3-bhk-bedroom-apartment-flat-for-sale-in-bhaijipura-gandhinagar-2835-sqft-r4-spid-Y85647258,3.0,3.0,1.0,4.0,19.0,unfurnished,Gandhinagar Taluka,East,New,0,False,False,True,apartment,0.0,0.0,4.836281906951478,3.0,4409.0
"3 BHK Flatin Sargasan, Gandhinagar","Sargasan, Gandhinagar",75.6,4000.0,1890.0,"This 3 bhk flat is located in parijat celebration, which houses some of the most spacious flats in sargasan, gandhinagar. The flat is facing the east direction. Constructed on a super built up area of 210 sq.Yards, the flat comprises 3 bedroom(s), 3 bathrooms and 1 balcony. The flat has a total of 14 floors and this property is situated on 4th floor. As the property is currently under construct...",https://www.99acres.com/3-bhk-bedroom-apartment-flat-for-sale-in-sargasan-gandhinagar-1890-sqft-r4-spid-I85626656,3.0,3.0,1.0,4.0,14.0,,Sargasan,East,New,0,False,False,True,apartment,0.0,0.0,4.338597076746545,3.0,4000.0
"3 BHK Flatin Gift City, Gandhinagar","Gift City, Gandhinagar",128.0,9000.0,1426.0,"Looking for a 3 bhk property for sale in gandhinagar? Buy this 3 bhk flat in reva by kaavyaratna that is situated in gift city, gandhinagar. The flat is facing the east direction. The floor plan additionally contains 3 bedroom(s), 3 bathrooms and 2 balconies. All in all, the flat is spread over a super built up area of 1426 sq.Ft. The flat has a total of 35 floors and this property is situated ...",https://www.99acres.com/3-bhk-bedroom-apartment-flat-for-sale-in-gift-city-gandhinagar-1426-sqft-r4-spid-E85608886,3.0,3.0,2.0,13.0,35.0,,Gift City,East,New,0,False,False,True,apartment,0.0,0.0,4.859812404361672,3.0,8976.0
"3 BHK Flatin Sargasan, Gandhinagar","Sargasan, Gandhinagar",92.5,3908.0,2367.0,"Embrace the wind is one of gandhinagar's most sought after destination for apartments and this 3 bhk flat in sargasan is your opportunity to be a part of this community. This is a east-Facing property. Constructed on a super built up area of 263 sq.Yards, the flat comprises 3 bedroom(s), 3 bathrooms and 1 balcony. The flat has a total of 19 floors and this property is situated on 4th floor. The...",https://www.99acres.com/3-bhk-bedroom-apartment-flat-for-sale-in-sargasan-gandhinagar-2367-sqft-r4-spid-J85466868,3.0,3.0,1.0,4.0,19.0,unfurnished,Sargasan,East,New,0,False,False,True,apartment,0.0,0.0,4.537961436294641,3.0,3908.0
"2 BHK Flatin Sargasan, Gandhinagar","Sargasan, Gandhinagar",55.5,4084.0,1359.0,"Check out this 2 bhk apartment for sale in swagat glass glow, a popular residential project that houses in-Demand flats in sargasan, gandhinagar. This is a east-Facing property. Containing 2 bedroom(s), 2 bathrooms and 2 balconies, this flat is spread over a super built up area of 151 sq.Yards. The residential building has 14 floors in total and the flat for sale is located on the 4th floor. As...",https://www.99acres.com/2-bhk-bedroom-apartment-flat-for-sale-in-sargasan-gandhinagar-1359-sqft-r4-spid-I85443640,2.0,2.0,2.0,4.0,14.0,unfurnished,Sargasan,East,New,0,False,False,True,apartment,0.0,0.0,4.034240638152395,2.0,4084.0
"3 BHK Flatin Randesan, Gandhinagar","Randesan, Gandhinagar",91.0,8356.0,1089.0,"This beautiful 3 bhk flat in randesan, gandhinagar is situated in uma greens, one of the popular residential society in gandhinagar. The flat is east-Facing. The flat is over 121 sq.Yards super built up area and comes with 3 bedroom(s), 3 bathrooms and 2 balconies. The property is located on the 3rd floor of a 8 floors tall building. An added advantage of this 1-5 years old flat is that it is a...",https://www.99acres.com/3-bhk-bedroom-apartment-flat-for-sale-in-randesan-gandhinagar-1089-sqft-r3-spid-B87542370,3.0,3.0,2.0,3.0,8.0,unfurnished,Randesan,East,1-5 years,1,False,False,True,apartment,0.0,0.0,4.5217885770490405,3.0,8356.0
"2 BHK Flatin Sargasan, Gandhinagar","Sargasan, Gandhinagar",60.2,3889.0,1548.0,"This beautiful 2 bhk flat in sargasan, gandhinagar is situated in parijat blessings, one of the popular residential society in gandhinagar. The flat is facing the east direction. The flat is over 172 sq.Yards super built up area and comes with 2 bedroom(s), 2 bathrooms and 1 balcony. The residential building has 13 floors in total and the flat for sale is located on the 4th floor. Moreover, the...",https://www.99acres.com/2-bhk-bedroom-apartment-flat-for-sale-in-sargasan-gandhinagar-1548-sqft-r4-spid-D85626466,2.0,2.0,1.0,4.0,13.0,unfurnished,Sargasan,East,New,0,False,False,True,apartment,0.0,0.0,4.11414718951828,2.0,3889.0
"3 BHK Flatin Randesan, Gandhinagar","Randesan, Gandhinagar",111.0,4420.0,2511.0,"Looking for a 3 bhk property for sale in gandhinagar? Buy this 3 bhk flat in polaris calice that is situated in randesan, gandhinagar. The flat is east-Facing. Containing 3 bedroom(s), 3 bathrooms and 3 balconies, this flat is spread over a super built up area of 279 sq.Yards. The property is located on the 8th floor of a 20 floors tall building. This residential property is still under constru...",https://www.99acres.com/3-bhk-bedroom-apartment-flat-for-sale-in-randesan-gandhinagar-2511-sqft-r4-spid-C84042332,3.0,3.0,3.0,8.0,20.0,,Randesan,East,New,0,False,False,True,apartment,0.0,0.0,4.718498871295094,3.0,4421.0
"2 BHK Flatin Gift City, Gandhinagar","Gift City, Gandhinagar",86.0,5752.0,1495.0,"This residential flat is east-Facing direction. Constructed on a super built up area of 1495 sq.Ft., the flat comprises 2 bedroom(s), 2 bathrooms and 1 balcony. The property is located on the 10th floor of a 14 floors tall building. As the property is currently under construction , you can expect to get the possession by december 2028. The vitrified flooring of this flat is beautifully designed...",https://www.99acres.com/2-bhk-bedroom-apartment-flat-for-sale-in-gift-city-gandhinagar-1495-sqft-spid-E91009786,2.0,2.0,1.0,10.0,14.0,,Gift City,East,New,0,False,False,True,apartment,2.0,0.0,4.465908118654584,2.0,5753.0
"2 BHK Flatin Gift City, Gandhinagar","Gift City, Gandhinagar",157.0,18000.0,871.0,Premium view inventory Sunlight & sunrise view Value for money deal,https://www.99acres.com/2-bhk-bedroom-apartment-flat-for-sale-in-vida-by-nila-spaces-gift-city-gandhinagar-871-sqft-r1-spid-B87657596,2.0,2.0,1.0,,,,Gift City,,Unknown,0,False,True,False,apartment,0.0,0.0,5.062595033026967,2.0,18025.0
"3 BHK Flatin Sargasan, Gandhinagar","Sargasan, Gandhinagar",110.0,3793.0,2900.0,"Sg highway 100m, 7 star swagat holiday mall 100m, asshka hospital 1.5km, infocity ,",https://www.99acres.com/3-bhk-bedroom-apartment-flat-for-sale-in-sargasan-gandhinagar-2900-sqft-spid-A90063250,3.0,3.0,1.0,,,,Sargasan,,Unknown,1,False,True,False,apartment,0.0,3.0,4.709530201312334,3.0,3793.0
"3 BHK Flatin Vavol, Gandhinagar","Vavol, Gandhinagar",75.0,4480.0,1674.0,"3 bhk fully furnished flat for sale in jay visat mangalya-1, new vavol Experience comfortable and premium living with this 3 bhk fully furnished flat in jay visat mangalya-1, ideally located near d-Mart in new vavol. Designed for modern family living, this ready-To-Move home offers a perfect blend of space, functionality, and convenience in a peaceful residential environment. Spacious & well-Pl...",https://www.99acres.com/3-bhk-bedroom-apartment-flat-for-sale-in-vavol-gandhinagar-1674-sqft-spid-Q90439540,3.0,3.0,2.0,,,furnished,Vavol,,New,1,False,False,True,apartment,0.0,0.0,4.330733340286331,3.0,4480.0
"3 BHK Flatin Koba, Gandhinagar","Koba, Gandhinagar",110.0,4047.0,2718.0,"Sant vihar is one of the most popular destination for buying apartments/ flats in koba, gandhinagar. You too can be a part of this society by purchasing this 3 bhk flat here. This residential flat is east-Facing direction. Containing 3 bedroom(s), 4 bathrooms and 2 balconies, this flat is spread over a super built up area of 302 sq.Yards. The flat has a total of 13 floors and this property is s...",https://www.99acres.com/3-bhk-bedroom-apartment-flat-for-sale-in-koba-gandhinagar-2718-sqft-r2-spid-S87444224,3.0,4.0,2.0,,13.0,,Koba,East,New,1,False,False,True,apartment,0.0,0.0,4.709530201312334,3.0,4047.0
"3 BHK Flatin Sargasan, Gandhinagar","Sargasan, Gandhinagar",89.0,3774.0,2358.0,"The flat is north-East-Facing. The flat occupies a carpet area of 262 sq.Yards that consists of 3 bedrooms, 3 bathrooms and more than 3 balconies. The property is located on the 4th floor of a 14 floors tall building. Moreover, the flat is currently under construction and possession is expected by january 2027. The flat comes well built with vitrified flooring options. All the modern amenities ...",https://www.99acres.com/3-bhk-bedroom-apartment-flat-for-sale-in-sargasan-gandhinagar-2358-sqft-spid-G90076530,3.0,3.0,3.0,4.0,14.0,unfurnished,Sargasan,North-East,New,0,False,True,False,apartment,2.0,0.0,4.499809670330265,3.0,3774.0
"3 BHK Flatin Gift City, Gandhinagar","Gift City, Gandhinagar",173.0,9200.0,1875.0,"This property faces the east direction. Constructed on a super built up area of 1875 sq.Ft., the flat comprises 3 bedroom(s), 3 bathrooms and 2 balconies. This flat is situated on the 7th floor of this 25 floors tall residential building. As the property is currently under construction , you can expect to get the possession by march 2028. The floor of this flat is beautifully designed using vit...",https://www.99acres.com/3-bhk-bedroom-apartment-flat-for-sale-in-shilp-north-sky-gift-city-gandhinagar-1875-sqft-spid-Z91002498,3.0,3.0,2.0,7.0,25.0,,Gift City,East,New,0,False,False,True,apartment,-1.0,0.0,5.159055299214529,3.0,9227.0
"2 BHK Flatin Gift City, Gandhinagar","Gift City, Gandhinagar",122.0,9200.0,1325.0,"This property faces the east direction. The flat occupies a super built up area of 1325 sq.Ft. That consists of 2 bedrooms, 2 bathrooms and 1 balcony. The flat has a total of 25 floors and this property is situated on 9th floor. This residential flat is currently under construction and you can expect the possession of the same by march 2028. The floor of this flat is beautifully designed using ...",https://www.99acres.com/2-bhk-bedroom-apartment-flat-for-sale-in-shilp-north-sky-gift-city-gandhinagar-1325-sqft-spid-Z91002252,2.0,2.0,1.0,9.0,25.0,,Gift City,East,New,0,False,False,True,apartment,-1.0,0.0,4.812184355372417,2.0,9208.0
"4 BHK Flatin Kudasan, Gandhinagar","Kudasan, Gandhinagar",215.0,4444.0,4842.0,"This property faces the east direction. The flat is over 4842 sq.Ft. Super built up area and comes with 4 bedroom(s), 4 bathrooms and 2 balconies. This flat is situated on the 11th floor of this 13 floors tall residential building. This is a ready to move project and the property is 0-1 year old. The floor of this flat is beautifully designed using vitrified flooring, giving the flat an allurin...",https://www.99acres.com/4-bhk-bedroom-apartment-flat-for-sale-in-unique-skydeck-36-kudasan-gandhinagar-4842-sqft-spid-A91001940,4.0,4.0,2.0,11.0,13.0,unfurnished,Kudasan,East,New,1,False,False,True,apartment,0.0,0.0,5.375278407684165,4.0,4440.0
"4 BHK Flatin Randesan, Gandhinagar","Randesan, Gandhinagar",208.0,5000.0,4158.0,"This is a east-Facing property. The floor plan additionally contains 4 bedroom(s), 5 bathrooms and 1 balcony. All in all, the flat is spread over a super built up area of 4158 sq.Ft. The residential building has 17 floors in total and the flat for sale is located on the 7th floor. Moreover, the flat is currently under construction and possession is expected by june 2028. The beautifully designe...",https://www.99acres.com/4-bhk-bedroom-apartment-flat-for-sale-in-the-one-randesan-gandhinagar-4158-sqft-spid-J91001550,4.0,5.0,1.0,7.0,17.0,,Randesan,East,New,0,False,False,True,apartment,-1.0,0.0,5.342334251964811,4.0,5002.0
"4 BHK Flatin Kudasan, Gandhinagar","Kudasan, Gandhinagar",179.0,4722.0,3789.0,"This residential flat is west-Facing direction. The floor plan additionally contains 4 bedroom(s), 5 bathrooms and 2 balconies. All in all, the flat is spread over a super built up area of 3789 sq.Ft. The flat has a total of 13 floors and this property is situated on 7th floor. This residential property is still under construction and will be available for possession by december 2028. The well ...",https://www.99acres.com/4-bhk-bedroom-apartment-flat-for-sale-in-the-grasslands-kudasan-gandhinagar-3789-sqft-spid-J91001424,4.0,5.0,2.0,7.0,13.0,,Kudasan,West,New,0,False,False,True,apartment,-1.0,0.0,5.19295685089021,4.0,4724.0
"4 BHK Flatin Koba, Gandhinagar","Koba, Gandhinagar",211.0,4777.0,4410.0,"This residential flat is east-Facing direction. Containing 4 bedroom(s), 4 bathrooms and 1 balcony, this flat is spread over a super built up area of 4410 sq.Ft. The residential building has 13 floors in total and the flat for sale is located on the 7th floor. This is a ready to move project and the property is 0-1 year old. The vitrified flooring of this flat is beautifully designed and helps ...",https://www.99acres.com/4-bhk-bedroom-apartment-flat-for-sale-in-as-asteria-koba-gandhinagar-4410-sqft-spid-A90993052,4.0,4.0,1.0,7.0,13.0,semi-furnished,Koba,East,New,1,False,False,True,apartment,0.0,0.0,5.356586274672012,4.0,4785.0
"3 BHK Flatin Kudasan, Gandhinagar","Kudasan, Gandhinagar",136.0,4722.0,2880.0,"This is a east-Facing property. The floor plan additionally contains 3 bedroom(s), 3 bathrooms and 1 balcony. All in all, the flat is spread over a super built up area of 2880 sq.Ft. The flat has a total of 13 floors and this property is situated on 4th floor. As the property is currently under construction , you can expect to get the possession by december 2028. The beautifully designed vitrif...",https://www.99acres.com/3-bhk-bedroom-apartment-flat-for-sale-in-the-grasslands-kudasan-gandhinagar-2880-sqft-spid-E90992916,3.0,3.0,1.0,4.0,13.0,,Kudasan,East,New,0,False,False,True,apartment,0.0,0.0,4.919980925828125,3.0,4722.0
"4 BHK Flatin Sargasan, Gandhinagar","Sargasan, Gandhinagar",182.0,4555.0,4005.0,"This residential flat is east-Facing direction. Containing 4 bedroom(s), 4 bathrooms and 1 balcony, this flat is spread over a super built up area of 4005 sq.Ft. The property is located on the 8th floor of a 14 floors tall building. This residential flat is currently under construction and you can expect the possession of the same by september 2026. The floor of this flat is beautifully designe...",https://www.99acres.com/4-bhk-bedroom-apartment-flat-for-sale-in-the-avante-sargasan-gandhinagar-4005-sqft-spid-M90992742,4.0,4.0,1.0,8.0,14.0,,Sargasan,East,New,0,False,False,True,apartment,-1.0,0.0,5.209486152841421,4.0,4544.0
"4 BHK Flatin Kudasan, Gandhinagar","Kudasan, Gandhinagar",212.0,4666.0,4545.0,"This residential flat is east-Facing direction. The flat occupies a super built up area of 4545 sq.Ft. That consists of 4 bedrooms, 5 bathrooms and 1 balcony. The property is located on the 4th floor of a 20 floors tall building. The flat is currently under construction stage and you can expect to get the possession of the property by october 2028. The vitrified flooring of this flat is beautif...",https://www.99acres.com/4-bhk-bedroom-apartment-flat-for-sale-in-krish-skylar-kudasan-gandhinagar-4545-sqft-spid-R90992550,4.0,5.0,1.0,4.0,20.0,,Kudasan,East,New,0,False,False,True,apartment,-1.0,0.0,5.3612921657094255,4.0,4664.0
"3 BHK Flatin Raysan, Gandhinagar","Raysan, Gandhinagar",121.0,5000.0,2412.0,"This property faces the east direction. Containing 3 bedroom(s), 3 bathrooms and 1 balcony, this flat is spread over a super built up area of 2412 sq.Ft. The flat has a total of 8 floors and this property is situated on 6th floor. This residential property is still under construction and will be available for possession by september 2026. The floor of this flat is beautifully designed using vit...",https://www.99acres.com/3-bhk-bedroom-apartment-flat-for-sale-in-vinayak-courtyard-raysan-gandhinagar-2412-sqft-spid-L90990666,3.0,3.0,1.0,6.0,8.0,,Raysan,East,New,0,False,False,True,apartment,-1.0,0.0,4.804021044733257,3.0,5017.0
"2 BHK Flatin Raysan, Gandhinagar","Raysan, Gandhinagar",86.4,5000.0,1728.0,"This property faces the east direction. The flat occupies a super built up area of 1728 sq.Ft. That consists of 2 bedrooms, 2 bathrooms and 1 balcony. The residential building has 8 floors in total and the flat for sale is located on the 4th floor. This 0-1 year old property is available for immediate possession as the project is ready to move. The beautifully designed vitrified flooring enhanc...",https://www.99acres.com/2-bhk-bedroom-apartment-flat-for-sale-in-vinayak-courtyard-raysan-gandhinagar-1728-sqft-spid-A90990464,2.0,2.0,1.0,4.0,8.0,unfurnished,Raysan,East,New,1,False,False,True,apartment,0.0,0.0,4.470495282661489,2.0,5000.0
"3 BHK Flatin Gift City, Gandhinagar","Gift City, Gandhinagar",255.0,9493.0,2686.0,"3 bhk unfurnished flat on sale in shivalik skyview, gift city 2686 sq ft",https://www.99acres.com/3-bhk-bedroom-apartment-flat-for-sale-in-shivalik-skyview-gift-city-gandhinagar-2686-sqft-spid-F90448818,3.0,3.0,2.0,,,unfurnished,Gift City,,New,0,False,False,True,apartment,0.0,0.0,5.545177444479562,3.0,9494.0
"3 BHK Flatin Koba, Gandhinagar","Koba, Gandhinagar",112.0,4609.0,2430.0,"The flat is east-Facing. The flat is over 270 sq.Yards super built up area and comes with 3 bedroom(s), 3 bathrooms and 1 balcony. The residential building has 9 floors in total and the flat for sale is located on the 4th floor. An added advantage of this 1-5 years old flat is that it is available for immediate possession as the project is already ready to move. The vitrified flooring of this f...",https://www.99acres.com/3-bhk-bedroom-apartment-flat-for-sale-in-karuna-lotus-heights-koba-gandhinagar-2430-sqft-spid-E90259334,3.0,3.0,1.0,4.0,9.0,unfurnished,Koba,East,1-5 years,1,False,False,True,apartment,0.0,0.0,4.727387818712341,3.0,4609.0
"3 BHK Flatin Urjanagar 1, Randesan, Gandhinagar","Urjanagar 1, Randesan, Gandhinagar",72.0,4061.0,1773.0,"This is a modern and stylish home available for affordable rent in gandhinagar. It is a 3 bhk flat situated at kudasan. Designed to meet your lifestyle needs, the flat provides a range of modern amenities for the comfort of the residents. It is semi furnished. Modern home seekers will experience a comfortable living in this 3 bhk property. The flat is on 2 floor, and the total number of floors ...",https://www.99acres.com/3-bhk-bedroom-apartment-flat-for-sale-in-urjanagar-1-gandhinagar-1773-sqft-r1-spid-P88620790,3.0,3.0,1.0,2.0,,semi-furnished,Randesan,,New,1,False,False,True,apartment,0.0,0.0,4.290459441148391,3.0,4061.0
"4 BHK Builder Floorin Sargasan, Gandhinagar","Sargasan, Gandhinagar",115.0,11111.0,2925.0,Available on sell 4bhk penthouse in sargasan 225 sq.Yard area 8th floor near by s.G highway prime location,https://www.99acres.com/4-bhk-bedroom-independent-builder-floor-for-sale-in-shubhaarambh-shilp-serenity-sargasan-gandhinagar-2025-sqft-spid-H87481954,4.0,4.0,2.0,8.0,,,Sargasan,,New,1,False,False,False,penthouse,0.0,0.0,4.7535901911063645,4.0,3932.0
"4 BHK Flatin Sargasan, Gandhinagar","Sargasan, Gandhinagar",170.0,4444.0,3825.0,"Located in the popular residential address of sargasan, gandhinagar, atishay shivalay 3 is one of the most preferred destination for apartments in gandhinagar. This 4 bhk flat is your ticket to be a part of this community. The flat is east-Facing. Containing 4 bedroom(s), 4 bathrooms and 1 balcony, this flat is spread over a built up area of 3825 sq.Ft. The residential building has 14 floors in...",https://www.99acres.com/4-bhk-bedroom-apartment-flat-for-sale-in-atishay-shivalay-3-sargasan-gandhinagar-3825-sqft-spid-R87613752,4.0,4.0,1.0,,14.0,,Sargasan,East,New,1,True,False,False,apartment,0.0,0.0,5.14166355650266,4.0,4444.0
"4 BHK Flatin Raysan, Gandhinagar","Raysan, Gandhinagar",225.0,5197.0,4329.0,"Saamarth h7 is one of gandhinagar's most sought after destination for apartments and this 4 bhk flat in raysan is your opportunity to be a part of this community. This is a east-Facing property. Constructed on a super built up area of 4329 sq.Ft., the flat comprises 4 bedroom(s), 4 bathrooms and 1 balcony. The property is located on the 8th floor of a 12 floors tall building. An added advantage...",https://www.99acres.com/4-bhk-bedroom-apartment-flat-for-sale-in-saamarth-h7-raysan-gandhinagar-4329-sqft-spid-O87613278,4.0,4.0,1.0,8.0,12.0,,Raysan,East,New,1,False,False,True,apartment,0.0,0.0,5.420534999272286,4.0,5198.0
"4 BHK Flatin Raysan, Gandhinagar","Raysan, Gandhinagar",238.0,5430.0,4383.0,"Saamarth h7 is one of gandhinagar's most sought after destination for apartments and this 4 bhk flat in raysan is your opportunity to be a part of this community. The flat is facing the east direction. The floor plan additionally contains 4 bedroom(s), 4 bathrooms and 1 balcony. All in all, the flat is spread over a super built up area of 487 sq.Yards. The property is located on the 3rd floor o...",https://www.99acres.com/4-bhk-bedroom-apartment-flat-for-sale-in-saamarth-h7-raysan-gandhinagar-4383-sqft-r2-spid-R84285902,4.0,4.0,1.0,3.0,,unfurnished,Raysan,East,New,1,False,False,True,apartment,0.0,0.0,5.476463551931511,4.0,5430.0
"4 BHK Flatin Khoraj, Gandhinagar","Khoraj, Gandhinagar",158.0,3813.0,4144.1015,"Keshvam clifton is a premium residential project located near vaishnodevi circle, ahmedabad, offering spacious and elegantly designed 4 bhk apartments with modern architecture and luxurious interiors. The project features top-Class amenities such as landscaped gardens, childrens play area, yoga zone, cctv surveillance, gated security, and ample parking for a comfortable lifestyle. Strategically...",https://www.99acres.com/4-bhk-bedroom-apartment-flat-for-sale-in-shree-keshvam-clifton-khoraj-gandhinagar-385-sqft-spid-P91030666,4.0,4.0,1.0,,,,Khoraj,,New,1,False,False,True,apartment,9.0,0.0,5.0689042022202315,4.0,3813.0
"4 BHK Flatin Gift City, Gandhinagar","Gift City, Gandhinagar",410.0,9500.0,4315.0,"The 4 bhk penthouses at siban in gift city are ultra-Luxurious top-Floor residences featuring expansive layouts, private terraces, and breathtaking panoramic views.These homes offer grand living spaces, premium interiors, multiple bedrooms with en-Suite bathrooms, and abundant natural light for an elevated lifestyle.",https://www.99acres.com/4-bhk-bedroom-apartment-flat-for-sale-in-gift-city-gandhinagar-4315-sqft-spid-C90000076,4.0,4.0,2.0,,,,Gift City,,New,0,False,False,True,penthouse,7.0,0.0,6.018593214496234,4.0,9502.0
"4 BHK Flatin Gift City, Gandhinagar","Gift City, Gandhinagar",348.0,9500.0,3660.0,"The 4 bhk penthouses at siban in gift city are ultra-Luxurious top-Floor residences featuring expansive layouts, private terraces, and breathtaking panoramic views.Residents enjoy access to world-Class amenities, secure high-Rise living, and exceptional investment value within indias leading financial hub.",https://www.99acres.com/4-bhk-bedroom-apartment-flat-for-sale-in-gift-city-gandhinagar-3660-sqft-spid-U89999874,4.0,4.0,2.0,,,,Gift City,,New,0,False,False,True,penthouse,7.0,0.0,5.855071922202427,4.0,9508.0
"3 BHK Flatin Gift City, Gandhinagar","Gift City, Gandhinagar",245.00000000000003,9500.0,2580.0,"The 3 bhk penthouses at siban in gift city are ultra-Spacious top-Floor residences featuring private terraces, expansive layouts, and panoramic skyline views.These homes offer luxurious interiors, large living and dining areas, and ample natural light, delivering a refined blend of comfort, privacy, and elegance.Residents enjoy access to premium amenities, secure high-Rise living, and strong in...",https://www.99acres.com/3-bhk-bedroom-apartment-flat-for-sale-in-gift-city-gandhinagar-2580-sqft-spid-G89999676,3.0,3.0,2.0,,,,Gift City,,New,0,False,False,True,penthouse,2.0,0.0,5.505331535932363,3.0,9496.0
"2 BHK Flatin Gift City, Gandhinagar","Gift City, Gandhinagar",185.0,9500.0,1945.0,"The 2 bhk penthouses at siban in gift city are premium top-Floor residences featuring spacious layouts, private terraces, and panoramic city views.These homes offer expansive living areas, modern interiors, and abundant natural light, creating a perfect blend of luxury, comfort, and privacy.",https://www.99acres.com/2-bhk-bedroom-apartment-flat-for-sale-in-gift-city-gandhinagar-1945-sqft-spid-E89998784,2.0,2.0,1.0,,,,Gift City,,New,0,False,False,True,penthouse,0.0,0.0,5.225746673713202,2.0,9512.0
"1 BHK Flatin Gift City, Gandhinagar","Gift City, Gandhinagar",124.0,9500.0,1305.0,"The 1 bhk penthouses at siban in gift city are exclusive top-Floor residences featuring spacious layouts, private terraces, and elevated views for a premium living experience.Residents enjoy access to premium amenities, secure high-Rise living, and strong investment potential in indias leading financial hub.",https://www.99acres.com/1-bhk-bedroom-apartment-flat-for-sale-in-gift-city-gandhinagar-1305-sqft-spid-N89998630,1.0,1.0,1.0,,,,Gift City,,New,0,False,False,True,penthouse,2.0,0.0,4.8283137373023015,1.0,9502.0
"Studio Apartments / 1 RK Flatsin Gift City, Gandhinagar","Gift City, Gandhinagar",62.7,9500.0,660.0,"The studio apartments at siban in gift city are compact, intelligently designed homes that combine living, sleeping, and kitchen spaces into a seamless modern layout.These units feature contemporary interiors, efficient space utilization, and ample natural light, making them ideal for working professionals and investors.",https://www.99acres.com/studio-apartment-flat-for-sale-in-gift-city-gandhinagar-660-sqft-spid-F89990080,1.0,1.0,1.0,,,,Gift City,,Unknown,0,False,False,True,apartment,0.0,0.0,4.154184562578117,1.0,9500.0
"2 BHK Flatin Gift City, Gandhinagar","Gift City, Gandhinagar",146.0,9500.0,1540.0,"The 2.5 bhk residences at siban in gift city offer spacious smart homes designed with flexible layouts, combining the comfort of a 3 bhk with efficient space planning.These homes feature expansive living areas, an additional study/utility space, premium fittings, and large windows for natural light, ideal for modern families and professionals.Residents enjoy access to 50+ lifestyle amenities, h...",https://www.99acres.com/2-bhk-bedroom-apartment-flat-for-sale-in-gift-city-gandhinagar-1540-sqft-spid-Z89989816,2.0,2.0,1.0,,,,Gift City,,Unknown,0,False,False,True,apartment,0.0,0.0,4.990432586778736,2.0,9481.0
"2 BHK Flatin Gift City, Gandhinagar","Gift City, Gandhinagar",141.0,9500.0,1485.0,"The 2 bhk residences at siban in gift city offer well-Designed apartments with spacious layouts, modern interiors, and efficient use of space for comfortable urban living.These homes feature bright living areas, stylish bedrooms, and quality fittings, making them ideal for small families and working professionals.Residents benefit from premium amenities, secure surroundings, and excellent conne...",https://www.99acres.com/2-bhk-bedroom-apartment-flat-for-sale-in-gift-city-gandhinagar-1485-sqft-spid-F89989248,2.0,2.0,1.0,,,,Gift City,,New,0,False,False,True,apartment,0.0,0.0,4.955827057601261,2.0,9495.0
"2 BHK Flatin Gift City, Gandhinagar","Gift City, Gandhinagar",112.0,9500.0,1175.0,"The 2 bhk residences at siban in gift city offer well-Designed apartments with spacious layouts, modern interiors, and efficient use of space for comfortable urban living.These homes feature bright living areas, stylish bedrooms, and quality fittings, making them ideal for small families and working professionals.Residents benefit from premium amenities, secure surroundings, and excellent conne...",https://www.99acres.com/2-bhk-bedroom-apartment-flat-for-sale-in-gift-city-gandhinagar-1175-sqft-spid-C89989034,2.0,2.0,1.0,,,,Gift City,,New,0,False,False,True,apartment,0.0,0.0,4.727387818712341,2.0,9532.0
"4 BHK Flatin Gift City, Gandhinagar","Gift City, Gandhinagar",494.00000000000006,14269.0,3462.0,"The 4 bhk duplex residences at sobha elysia are exclusive, ultra-Spacious homes esigned across two levels, offering enhanced privacy and a villa-Like living experience.Located in gift city, they provide access to world-Class amenities such as a sky lounge, clubhouse, and landscaped leisure zones, ensuring a sophisticated and elevated lifestyle.",https://www.99acres.com/4-bhk-bedroom-apartment-flat-for-sale-in-sobha-elysia-gift-city-gandhinagar-3462-sqft-spid-T89987786,4.0,4.0,2.0,,,,Gift City,,New,0,False,False,True,apartment,11.0,0.0,6.20455776256869,4.0,14269.0
"4 BHK Flatin Gift City, Gandhinagar","Gift City, Gandhinagar",356.0,13561.0,2625.0,"The 4 bhk residences at sobha elysia are spacious luxury apartments designed with premium interiors, smart layouts, and expansive living areas for modern family living.These homes feature elegant bedrooms, large windows for natural light, and high-End fittings, offering a blend of comfort, sophistication, and functionality.",https://www.99acres.com/4-bhk-bedroom-apartment-flat-for-sale-in-sobha-elysia-gift-city-gandhinagar-2625-sqft-spid-Z89987602,4.0,4.0,2.0,,,,Gift City,,Unknown,0,False,False,True,apartment,0.0,0.0,5.877735781779639,4.0,13562.0
"4 BHK Flatin Gift City, Gandhinagar","Gift City, Gandhinagar",297.0,13182.0,2253.0,"The 4 bhk residences at sobha elysia are spacious luxury apartments designed with premium interiors, smart layouts, and expansive living areas for modern family living.These homes feature elegant bedrooms, large windows for natural light, and high-End fittings, offering a blend of comfort, sophistication, and functionality.",https://www.99acres.com/4-bhk-bedroom-apartment-flat-for-sale-in-sobha-elysia-gift-city-gandhinagar-2253-sqft-spid-U89987460,4.0,4.0,2.0,,,,Gift City,,Unknown,0,False,False,True,apartment,0.0,0.0,5.697093486505405,4.0,13182.0
"3 BHK Flatin Koba, Gandhinagar","Koba, Gandhinagar",57.0,4460.0,1278.0,"This residential flat is east-Facing direction. The flat is over 1278 sq.Ft. Carpet area and comes with 3 bedroom(s), 3 bathrooms and 2 balconies. This flat lies on the 1st level of a 8 storey building. An added advantage of this 5-10 years old flat is that it is available for immediate possession as the project is already ready to move. The beautifully designed vitrified flooring enhances the ...",https://www.99acres.com/3-bhk-bedroom-apartment-flat-for-sale-in-psy-pramukh-elegance-koba-gandhinagar-1278-sqft-r1-spid-I88217108,3.0,3.0,2.0,1.0,8.0,unfurnished,Koba,East,5-10 years,1,False,False,False,apartment,0.0,0.0,4.060443010546419,3.0,4460.0
"2 BHK Flatin Kudasan, Gandhinagar","Kudasan, Gandhinagar",60.0,4831.0,1242.0,"Shreeji icon in kudasan, gandhinagar is a well-Established ready-To-Move residential project by shivam corporation, offering thoughtfully designed flats that balance comfort and modern living. Located near reliance cross roads and close to facilities such as podar international school, smvs swaminarayan hospital and pramukh arcade, the society provides easy access to daily conveniences. Flats f...",https://www.99acres.com/2-bhk-bedroom-apartment-flat-for-sale-in-kudasan-gandhinagar-1242-sqft-r1-spid-S88685348,2.0,2.0,1.0,,,,Kudasan,,New,1,False,False,True,apartment,2.0,10.0,4.110873864173311,2.0,4831.0
"2 BHK Flatin Sargasan, Gandhinagar","Sargasan, Gandhinagar",63.0,4516.0,1395.0,Property overview 2 bhk spacious apartment Approx. 155 sq.Yd area Fully furnished setup South-West facing Garden facing unit 3 open sides for excellent ventilation Ready-To-Move condition,https://www.99acres.com/2-bhk-bedroom-apartment-flat-for-sale-in-maruti-amrakunj-sargasan-gandhinagar-1395-sqft-spid-Q91148966,2.0,2.0,1.0,,,furnished,Sargasan,South-West,New,1,False,False,True,apartment,5.0,0.0,4.1588830833596715,2.0,4516.0
"3 BHK Flatin Koba, Gandhinagar","Koba, Gandhinagar",145.0,4739.0,3060.0,"This property faces the east direction. Constructed on a super built up area of 340 sq.Yards, the flat comprises 3 bedroom(s), 3 bathrooms and 2 balconies. The flat has a total of 13 floors and this property is situated on 2nd floor. This is a ready to move project and the property is 0-1 year old. The beautifully designed vitrified flooring enhances the beauty of the flat. As asteria is design...",https://www.99acres.com/3-bhk-bedroom-apartment-flat-for-sale-in-as-asteria-koba-gandhinagar-3060-sqft-spid-Z91112798,3.0,3.0,2.0,2.0,13.0,unfurnished,Koba,East,New,1,False,False,True,apartment,0.0,0.0,4.983606621708336,3.0,4739.0
"2 BHK Flatin Sargasan, Gandhinagar","Sargasan, Gandhinagar",60.0,4301.0,1395.0,"This property faces the east direction. The flat is over 155 sq.Yards super built up area and comes with 2 bedroom(s), 2 bathrooms and 1 balcony. The residential building has 5 floors in total and the flat for sale is located on the 2nd floor. An added advantage of this 5-10 years old flat is that it is available for immediate possession as the project is already ready to move. The well built v...",https://www.99acres.com/2-bhk-bedroom-apartment-flat-for-sale-in-maruti-amrakunj-sargasan-gandhinagar-1395-sqft-spid-S91067358,2.0,2.0,1.0,2.0,5.0,unfurnished,Sargasan,East,5-10 years,1,False,False,True,apartment,0.0,0.0,4.110873864173311,2.0,4301.0
"3 BHK Flatin Sargasan, Gandhinagar","Sargasan, Gandhinagar",75.0,4208.0,1782.0,"The flat is facing the east direction. The floor plan additionally contains 3 bedroom(s), 3 bathrooms and 1 balcony. All in all, the flat is spread over a super built up area of 1782 sq.Ft. The flat has a total of 12 floors and this property is situated on 6th floor. This is a ready to move project and the property is 0-1 year old. The beautifully designed vitrified flooring enhances the beauty...",https://www.99acres.com/3-bhk-bedroom-apartment-flat-for-sale-in-sahjanand-safal-sargasan-gandhinagar-1782-sqft-spid-U91034480,3.0,3.0,1.0,6.0,12.0,unfurnished,Sargasan,East,New,1,False,False,True,apartment,0.0,0.0,4.330733340286331,3.0,4209.0
"2 BHK Flatin Randesan, Gandhinagar","Randesan, Gandhinagar",70.0,3989.0,1755.0,"This residential flat is east-Facing direction. Constructed on a super built up area of 195 sq.Yards, the flat comprises 2 bedroom(s), 2 bathrooms and 1 balcony. This flat is situated on the 2nd floor of this 5 floors tall residential building. An added advantage of this 5-10 years old flat is that it is available for immediate possession as the project is already ready to move. The vitrified f...",https://www.99acres.com/2-bhk-bedroom-apartment-flat-for-sale-in-randesan-gandhinagar-1755-sqft-spid-T91034310,2.0,2.0,1.0,2.0,5.0,unfurnished,Randesan,East,5-10 years,1,False,False,True,apartment,0.0,0.0,4.2626798770413155,2.0,3989.0
"2 BHK Flatin Sargasan, Gandhinagar","Sargasan, Gandhinagar",54.0,4511.0,1197.0,"This beautiful 2 bhk flat in sargasan, gandhinagar is situated in swagat afford, one of the popular residential society in gandhinagar. This is a east-Facing property. The flat is over 1197 sq.Ft. Super built up area and comes with 2 bedroom(s), 2 bathrooms and 1 balcony. This flat is situated on the top floor of this 5 floors tall residential building. This is a ready to move project and the p...",https://www.99acres.com/2-bhk-bedroom-apartment-flat-for-sale-in-swagat-afford-sargasan-gandhinagar-1197-sqft-r2-spid-L87602384,2.0,2.0,1.0,,5.0,unfurnished,Sargasan,East,New,1,False,False,True,apartment,0.0,0.0,4.007333185232471,2.0,4511.0
"3 BHK Flatin Randesan, Gandhinagar","Randesan, Gandhinagar",91.2,4222.0,2160.0,"The flat is over 2160 sq.Ft. Super built up area and comes with 3 bedroom(s), 3 bathrooms and 1 balcony. This flat lies on the 9th level of a 12 storey building. The flat is currently under construction stage and you can expect to get the possession of the property within 3 months. Key highlights of randesan, gandhinagar What's great here! Randesan is a developing locality with an evolving infr...",https://www.99acres.com/3-bhk-bedroom-apartment-flat-for-sale-in-aksharam-yogi-sarvasva-randesan-gandhinagar-2160-sqft-r1-spid-O89298847,3.0,3.0,1.0,9.0,12.0,,Randesan,,New,0,False,False,True,apartment,0.0,0.0,4.523960130562548,3.0,4222.0
"2 BHK Flatin Sargasan, Gandhinagar","Sargasan, Gandhinagar",60.0,4535.0,1323.0,"The flat is east-Facing. Containing 2 bedroom(s), 2 bathrooms and 2 balconies, this flat is spread over a built up area of 147 sq.Yards. The property is located on the 9th floor of a 11 floors tall building. As the project is already ready to move, so you can easily move into this 0-1 year old property. The floor of this flat is beautifully designed using vitrified flooring, giving the flat an ...",https://www.99acres.com/2-bhk-bedroom-apartment-flat-for-sale-in-sargasan-gandhinagar-1323-sqft-r1-spid-E89854644,2.0,2.0,2.0,9.0,11.0,unfurnished,Sargasan,East,New,1,True,False,False,apartment,0.0,0.0,4.110873864173311,2.0,4535.0
"3 BHK Flatin Shree Residency, Gandhinagar","Shree Residency, Gandhinagar",105.0,7065.0,1486.0,"This property faces the east direction. Constructed on a carpet area of 1486 sq.Ft., the flat comprises 3 bedroom(s), 3 bathrooms and 3 balconies. The property is located on the 2nd floor of a 7 floors tall building. This 1-5 years old property is available for immediate possession as the project is ready to move. The vitrified flooring of this flat is beautifully designed and helps to give it ...",https://www.99acres.com/3-bhk-bedroom-apartment-flat-for-sale-in-gandhinagar-1486-sqft-spid-R90847240,3.0,3.0,3.0,2.0,7.0,unfurnished,Sargasan,East,1-5 years,1,False,True,False,apartment,0.0,0.0,4.663439094112067,3.0,7066.0
"3 BHK Flatin Kudasan, Gandhinagar","Kudasan, Gandhinagar",110.0,5093.0,2160.0,"This is a east-Facing property. The flat is over 240 sq.Yards super built up area and comes with 2 bedroom(s), 3 bathrooms and 2 balconies. The residential building has 13 floors in total and the flat for sale is located on the 5th floor. As the project is already ready to move, so you can easily move into this 1-5 years old property. The flat comes well built with vitrified flooring options. T...",https://www.99acres.com/3-bhk-bedroom-apartment-flat-for-sale-in-keshav-aaradhyam-kudasan-gandhinagar-2160-sqft-r1-spid-S89268845,2.0,3.0,2.0,5.0,13.0,semi-furnished,Kudasan,East,1-5 years,1,False,False,True,apartment,0.0,0.0,4.709530201312334,3.0,5093.0
"3 BHK Flatin Sector 29, Gandhinagar","Sector 29, Gandhinagar",110.0,10816.0,1017.0,"The flat is north-East-Facing. Containing 3 bedroom(s), 3 bathrooms , this flat is spread over a super built up area of 113 sq.Yards. The property is located on the ground floor of a 7 floors tall building. An added advantage of this 10+ years old flat is that it is available for immediate possession as the project is already ready to move. The vitrified flooring of this flat is beautifully des...",https://www.99acres.com/3-bhk-bedroom-apartment-flat-for-sale-in-sector-29-gandhinagar-1017-sqft-spid-C90748856,3.0,3.0,2.0,0.0,7.0,unfurnished,Sector 29,North-East,10-20 years,1,False,False,True,apartment,0.0,0.0,4.709530201312334,3.0,10816.0
"2 BHK Flatin Sargasan, Gandhinagar","Sargasan, Gandhinagar",75.0,9590.0,782.0,"The flat is east-Facing. The flat occupies a carpet area of 782 sq.Ft. That consists of 2 bedrooms, 2 bathrooms and 1 balcony. This flat lies on the 5th level of a 14 storey building. This 0-1 year old property is available for immediate possession as the project is ready to move. The vitrified flooring of this flat is beautifully designed and helps to give it a pleasing look. The flat will off...",https://www.99acres.com/2-bhk-bedroom-apartment-flat-for-sale-in-swagat-kingsland-sargasan-gandhinagar-782-sqft-spid-R90731926,2.0,2.0,1.0,5.0,14.0,unfurnished,Sargasan,East,New,1,False,True,False,apartment,0.0,0.0,4.330733340286331,2.0,9591.0
"3 BHK Flatin Sargasan, Gandhinagar","Sargasan, Gandhinagar",98.0,5701.0,1719.0,"The flat is west-Facing. The flat is over 191 sq.Yards super built up area and comes with 3 bedroom(s), 3 bathrooms and more than 3 balconies. This flat lies on the top level of a 9 storey building. Being a ready to move project, you can expect immediate possession of this 1-5 years old property. The flat comes well built with vitrified flooring options. All the modern amenities such as lift(s)...",https://www.99acres.com/3-bhk-bedroom-apartment-flat-for-sale-in-sparsh-brij-green-sargasan-gandhinagar-1719-sqft-spid-D90717088,3.0,3.0,3.0,,9.0,semi-furnished,Sargasan,West,1-5 years,1,False,False,True,apartment,1.0,0.0,4.59511985013459,3.0,5701.0
"3 BHK Flatin Vavol, Gandhinagar","Vavol, Gandhinagar",91.19,3389.0,2691.0,"This property faces the east direction. The floor plan additionally contains 3 bedroom(s), 3 bathrooms and 1 balcony. All in all, the flat is spread over a super built up area of 299 sq.Yards. The flat has a total of 13 floors and this property is situated on 6th floor. The flat is currently under construction stage and you can expect to get the possession of the property by december 2026. The ...",https://www.99acres.com/3-bhk-bedroom-apartment-flat-for-sale-in-atulya-pride-vavol-gandhinagar-2691-sqft-spid-I90670580,3.0,3.0,1.0,6.0,13.0,,Vavol,East,New,0,False,False,True,apartment,-1.0,0.0,4.523851664810503,3.0,3389.0
"3 BHK Flatin Vavol, Gandhinagar","Vavol, Gandhinagar",68.15,3222.0,2115.0,"This property faces the east direction. Constructed on a super built up area of 235 sq.Yards, the flat comprises 3 bedroom(s), 3 bathrooms and 1 balcony. This flat is situated on the 3rd floor of this 14 floors tall residential building. This 0-1 year old property is available for immediate possession as the project is ready to move. The flat comes well built with vitrified flooring options. Ma...",https://www.99acres.com/3-bhk-bedroom-apartment-flat-for-sale-in-vavol-gandhinagar-2115-sqft-spid-N90668244,3.0,3.0,1.0,3.0,14.0,unfurnished,Vavol,East,New,1,False,False,True,apartment,0.0,0.0,4.236278058110767,3.0,3222.0
"3 BHK Flatin Sargasan, Gandhinagar","Sargasan, Gandhinagar",110.0,5029.0,2187.0,"This is a north-East-Facing property. The flat occupies a super built up area of 2187 sq.Ft. That consists of 3 bedrooms, 3 bathrooms and 2 balconies. This flat lies on the 10th level of a 14 storey building. This 0-1 year old property is available for immediate possession as the project is ready to move. The floor of this flat is beautifully designed using vitrified flooring, giving the flat a...",https://www.99acres.com/3-bhk-bedroom-apartment-flat-for-sale-in-vinayak-sapphire-sargasan-gandhinagar-2187-sqft-spid-K90492776,3.0,3.0,2.0,10.0,14.0,,Sargasan,North-East,New,1,False,False,True,apartment,0.0,0.0,4.709530201312334,3.0,5030.0
"3 BHK Flatin Kudasan, Gandhinagar","Kudasan, Gandhinagar",100.0,3899.0,2565.0,"The flat is facing the east direction. Containing 3 bedroom(s), 3 bathrooms and 1 balcony, this flat is spread over a super built up area of 285 sq.Yards. This flat is situated on the 5th floor of this 14 floors tall residential building. This residential flat is currently under construction and you can expect the possession of the same by august 2026. The flat comes well built with vitrified f...",https://www.99acres.com/3-bhk-bedroom-apartment-flat-for-sale-in-beryl-sky-kudasan-gandhinagar-2565-sqft-r1-spid-B88881540,3.0,3.0,1.0,5.0,14.0,,Kudasan,East,New,0,False,False,True,apartment,-1.0,0.0,4.61512051684126,3.0,3899.0
"3 BHK Flatin Kudasan, Gandhinagar","Kudasan, Gandhinagar",120.0,5333.0,2250.0,"The flat is facing the east direction. The flat occupies a built up area of 250 sq.Yards that consists of 3 bedrooms, 3 bathrooms and 2 balconies. This flat is situated on the 13th floor of this 50 floors tall residential building. This is a ready to move project and the property is 1-5 years old. The flat comes well built with vitrified flooring options. The society is well equipped with many ...",https://www.99acres.com/3-bhk-bedroom-apartment-flat-for-sale-in-nia-riverside-90-kudasan-gandhinagar-2250-sqft-spid-H90471748,3.0,3.0,2.0,13.0,50.0,semi-furnished,Kudasan,East,1-5 years,1,True,False,False,apartment,0.0,0.0,4.795790545596741,3.0,5333.0
"3 BHK Flatin Kudasan, Gandhinagar","Kudasan, Gandhinagar",98.0,4270.0,2295.0,"The flat is east-Facing. The flat is over 2295 sq.Ft. Super built up area and comes with 3 bedroom(s), 3 bathrooms and 2 balconies. The residential building has 12 floors in total and the flat for sale is located on the 10th floor. This is a ready to move project and the property is 0-1 year old. The flat will offer a modern lifestyle as it is presented with many of the amenities such as fitnes...",https://www.99acres.com/3-bhk-bedroom-apartment-flat-for-sale-in-ekarth-one-kudasan-gandhinagar-2295-sq-ft-r1-spid-U88781910,3.0,3.0,2.0,10.0,12.0,unfurnished,Kudasan,East,New,1,False,False,True,apartment,2.0,0.0,4.59511985013459,3.0,4270.0
"2 BHK Flatin Raysan, Gandhinagar","Raysan, Gandhinagar",83.0,5362.0,1548.0,2bhk luxurius fully furnished flat in live locatioan and good locality.,https://www.99acres.com/2-bhk-bedroom-apartment-flat-for-sale-in-sagar-dynamic-raysan-gandhinagar-1548-sqft-spid-Z90408100,2.0,2.0,1.0,,,furnished,Raysan,,New,1,False,False,True,apartment,0.0,0.0,4.430816798843313,2.0,5362.0
"3 BHK Flatin Sargasan, Gandhinagar","Sargasan, Gandhinagar",115.0,4646.0,2475.0,"This residential flat is east-Facing direction. The flat is over 2475 sq.Ft. Super built up area and comes with 3 bedroom(s), 3 bathrooms and 2 balconies. The flat has a total of 13 floors and this property is situated on 9th floor. As the project is already ready to move, so you can easily move into this 0-1 year old property. The well built vitrified flooring enhances the aesthetic appeal of ...",https://www.99acres.com/3-bhk-bedroom-apartment-flat-for-sale-in-polaris-casarica-sargasan-gandhinagar-2475-sqft-r1-spid-F88694946,3.0,3.0,2.0,9.0,13.0,unfurnished,Sargasan,East,New,1,False,False,True,apartment,0.0,0.0,4.7535901911063645,3.0,4646.0
"3 BHK Flatin Kudasan, Gandhinagar","Kudasan, Gandhinagar",70.0,3794.0,1845.0,"This property faces the east direction. The flat occupies a super built up area of 205 sq.Yards that consists of 3 bedrooms, 3 bathrooms and 1 balcony. The residential building has 8 floors in total and the flat for sale is located on the 1st floor. This 0-1 year old property is available for immediate possession as the project is ready to move. The floor of this flat is beautifully designed us...",https://www.99acres.com/3-bhk-bedroom-apartment-flat-for-sale-in-shubh-saral-heights-kudasan-gandhinagar-1845-sqft-spid-X90262330,3.0,3.0,1.0,1.0,8.0,unfurnished,Kudasan,East,New,1,False,False,True,apartment,0.0,0.0,4.2626798770413155,3.0,3794.0
"2 BHK Flatin Urjanagar 1, Randesan, Gandhinagar","Urjanagar 1, Randesan, Gandhinagar",65.0,4981.0,1305.0,"This residential flat is east-Facing direction. Containing 2 bedroom(s), 2 bathrooms and 1 balcony, this flat is spread over a carpet area of 145 sq.Yards. The flat has a total of 9 floors and this property is situated on 6th floor. As the project is already ready to move, so you can easily move into this 5-10 years old property. The beautifully designed vitrified flooring enhances the beauty o...",https://www.99acres.com/2-bhk-bedroom-apartment-flat-for-sale-in-shukan-sky-urjanagar-1-gandhinagar-1305-sqft-spid-H90248902,2.0,2.0,1.0,6.0,9.0,unfurnished,Randesan,East,5-10 years,1,False,True,False,apartment,0.0,0.0,4.189654742026425,2.0,4981.0
"2 BHK Flatin Urjanagar 1, Randesan, Gandhinagar",Swagat RaForest 2,65.0,5122.0,1269.0,"This property faces the east direction. Containing 2 bedroom(s), 2 bathrooms and 1 balcony, this flat is spread over a super built up area of 1269 sq.Ft. The residential building has 7 floors in total and the flat for sale is located on the 5th floor. Being a ready to move project, you can expect immediate possession of this 10+ years old property. The vitrified flooring of this flat is beautif...",https://www.99acres.com/2-bhk-bedroom-apartment-flat-for-sale-in-swagat-rain-forest-2-urjanagar-1-gandhinagar-1269-sqft-spid-L90167206,2.0,2.0,1.0,5.0,7.0,unfurnished,Kudasan,East,10-20 years,1,False,False,True,apartment,0.0,0.0,4.189654742026425,2.0,5122.0
"2 BHK Flatin Sargasan, Gandhinagar","Sargasan, Gandhinagar",65.0,5086.0,1278.0,"The swagat flamingo flat occupies a super built up area of 142 sq.Yards that consists of 2 bedrooms, 2 bathrooms and 2 balconies. The property is located on the 2nd floor of a 5 floors tall building. Being a ready to move project, you can expect immediate possession of this 14 years old property. Many of the modern amenities being offered, like swimming pool, fitness centre / gym, club house an...",https://www.99acres.com/2-bhk-bedroom-apartment-flat-for-sale-in-swagat-flamingo-sargasan-gandhinagar-1278-sqft-spid-T90026978,2.0,2.0,2.0,2.0,5.0,,Sargasan,,Unknown,1,False,False,True,apartment,7.0,0.0,4.189654742026425,2.0,5086.0
"4 BHK Flatin Sargasan, Gandhinagar","Sargasan, Gandhinagar",151.0,4739.0,3186.0,"The flat is east-Facing. The flat occupies a super built up area of 354 sq.Yards that consists of 4 bedrooms, 4 bathrooms and 1 balcony. The residential building has 13 floors in total and the flat for sale is located on the 5th floor. This 0-1 year old property is available for immediate possession as the project is ready to move. The floor of this flat is beautifully designed using vitrified ...",https://www.99acres.com/4-bhk-bedroom-apartment-flat-for-sale-in-atmos-by-solaire-sargasan-gandhinagar-3186-sqft-spid-I90017350,4.0,4.0,1.0,5.0,13.0,unfurnished,Sargasan,East,New,1,False,False,True,apartment,0.0,0.0,5.0238805208462765,4.0,4739.0
"2 BHK Flatin Kudasan, Gandhinagar","Kudasan, Gandhinagar",58.5,3892.0,1503.0,"This is a east-Facing property. The flat occupies a super built up area of 1503 sq.Ft. That consists of 2 bedrooms, 2 bathrooms and 1 balcony. The residential building has 13 floors in total and the flat for sale is located on the 6th floor. An added advantage of this 0-1 year old flat is that it is available for immediate possession as the project is already ready to move. The vitrified floori...",https://www.99acres.com/2-bhk-bedroom-apartment-flat-for-sale-in-labh-vardhan-kudasan-gandhinagar-1503-sqft-spid-S89866536,2.0,2.0,1.0,6.0,13.0,unfurnished,Kudasan,East,New,1,False,False,True,apartment,0.0,0.0,4.085976312551584,2.0,3892.0
"3 BHK Flatin Kudasan, Gandhinagar","Kudasan, Gandhinagar",85.0,4746.0,1791.0,"This beautiful 3 bhk flat in kudasan, gandhinagar is situated in ayunam greens, one of the popular residential society in gandhinagar. This residential flat is east-Facing direction. The flat is over 199 sq.Yards super built up area and comes with 3 bedroom(s), 3 bathrooms and 1 balcony. The property is located on the 10th floor of a 13 floors tall building. This is a ready to move project and ...",https://www.99acres.com/3-bhk-bedroom-apartment-flat-for-sale-in-ayunam-greens-kudasan-gandhinagar-1791-sqft-r1-spid-C88020790,3.0,3.0,1.0,10.0,13.0,unfurnished,Kudasan,East,New,1,False,False,True,apartment,0.0,0.0,4.454347296253507,3.0,4746.0
"2 BHK Flatin Sargasan, Gandhinagar","Sargasan, Gandhinagar",67.0,4682.0,1431.0,"The floor plan additionally contains 2 bedroom(s), 2 bathrooms and 1 balcony. All in all, the flat is spread over a super built up area of 1431 sq.Ft. The property is located on the 7th floor of a 14 floors tall building. This 1-5 years old property is available for immediate possession as the project is ready to move. Society has a indoor games, kids play area, 24 hours water supply & security...",https://www.99acres.com/2-bhk-bedroom-apartment-flat-for-sale-in-sargasan-gandhinagar-1431-sqft-spid-Z88965342,2.0,2.0,1.0,7.0,14.0,unfurnished,Sargasan,,1-5 years,1,False,False,True,apartment,7.0,0.0,4.219507705176107,2.0,4682.0
"2 BHK Flatin Sargasan, Gandhinagar","Sargasan, Gandhinagar",60.0,4728.0,1269.0,"The flat is east-Facing. Containing 2 bedroom(s), 2 bathrooms and 1 balcony, this flat is spread over a super built up area of 141 sq.Yards. The residential building has 5 floors in total and the flat for sale is located on the top floor. This 5-10 years old property is available for immediate possession as the project is ready to move. The beautifully designed vitrified flooring enhances the b...",https://www.99acres.com/2-bhk-bedroom-apartment-flat-for-sale-in-akshat-icon-sargasan-gandhinagar-1269-sqft-spid-W88953718,2.0,2.0,1.0,,5.0,unfurnished,Sargasan,East,5-10 years,1,False,False,True,apartment,0.0,0.0,4.110873864173311,2.0,4728.0
"2 BHK Flatin Sargasan, Gandhinagar","Sargasan, Gandhinagar",60.0,5128.0,1170.0,"This residential flat is east-Facing direction. The flat occupies a super built up area of 1170 sq.Ft. That consists of 2 bedrooms, 2 bathrooms and 1 balcony. The flat has a total of 5 floors and this property is situated on 4th floor. An added advantage of this 5-10 years old flat is that it is available for immediate possession as the project is already ready to move. The flat comes well buil...",https://www.99acres.com/2-bhk-bedroom-apartment-flat-for-sale-in-sampad-prime-sargasan-gandhinagar-1170-sqft-spid-I88662086,2.0,2.0,1.0,4.0,5.0,semi-furnished,Sargasan,East,5-10 years,1,False,False,True,apartment,0.0,0.0,4.110873864173311,2.0,5128.0
"3 BHK Flatin Kudasan, Gandhinagar","Kudasan, Gandhinagar",80.0,4336.0,1845.0,"Labh vardhan is one of gandhinagar's most sought after destination for apartments and this 3 bhk flat in kudasan is your opportunity to be a part of this community. The flat is facing the east direction. Constructed on a super built up area of 1845 sq.Ft., the flat comprises 3 bedroom(s), 3 bathrooms and 1 balcony. The flat has a total of 13 floors and this property is situated on 9th floor. An...",https://www.99acres.com/3-bhk-bedroom-apartment-flat-for-sale-in-labh-vardhan-kudasan-gandhinagar-1845-sq-ft-spid-Q87665670,3.0,3.0,1.0,9.0,13.0,unfurnished,Kudasan,East,New,1,False,False,True,apartment,0.0,0.0,4.394449154672439,3.0,4336.0
"3 BHK Flatin Sargasan, Gandhinagar","Sargasan, Gandhinagar",126.0,4605.0,2736.0,"Shreeji landmark is one of the most popular destination for buying apartments/ flats in sargasan, gandhinagar. You too can be a part of this society by purchasing this 3 bhk flat here. This property faces the east direction. Containing 3 bedroom(s), 3 bathrooms and 1 balcony, this flat is spread over a super built up area of 304 sq.Yards. The residential building has 13 floors in total and the ...",https://www.99acres.com/3-bhk-bedroom-apartment-flat-for-sale-in-sargasan-gandhinagar-2736-sqft-spid-V87280826,3.0,3.0,1.0,,13.0,,Sargasan,East,New,0,False,False,True,apartment,0.0,0.0,4.844187086458591,3.0,4605.0
"4 BHK Flatin Sargasan, Gandhinagar","Sargasan, Gandhinagar",139.0,6807.0,2041.0,"Situated in sargasan, gandhinagar, atmos by solaire is a well planned society that offers a pleasant living experience to its residents. This 4 bhk flat in gandhinagar is your opportunity to be a part of this community. The flat is facing the east direction. The flat is over 190 sq.M. Carpet area and comes with 4 bedroom(s), 4 bathrooms and 2 balconies. The residential building has 13 floors in...",https://www.99acres.com/4-bhk-bedroom-apartment-flat-for-sale-in-atmos-by-solaire-sargasan-gandhinagar-2042-sqft-spid-V87259626,4.0,4.0,2.0,,13.0,,Sargasan,East,New,1,False,False,False,apartment,0.0,0.0,4.941642422609304,4.0,6810.0
"3 BHK Flatin Sargasan, Gandhinagar","Sargasan, Gandhinagar",123.0,4745.0,2592.0,"Situated in sargasan, gandhinagar, madhav shivanjali imperia is a well planned society that offers a pleasant living experience to its residents. This 3 bhk flat in gandhinagar is your opportunity to be a part of this community. This property faces the east direction. The flat occupies a super built up area of 288 sq.Yards that consists of 3 bedrooms, 3 bathrooms and 1 balcony. This flat is sit...",https://www.99acres.com/3-bhk-bedroom-apartment-flat-for-sale-in-madhav-shivanjali-imperia-sargasan-gandhinagar-2592-sqft-spid-W87233450,3.0,3.0,1.0,,,unfurnished,Sargasan,East,New,1,False,False,True,apartment,0.0,0.0,4.820281565605037,3.0,4745.0
"2 BHK Flatin Urjanagar 1, Randesan, Gandhinagar","Urjanagar 1, Randesan, Gandhinagar",52.0,4479.0,1161.0,"Shukan eye is one of the most popular destination for buying apartments/ flats in urjanagar 1, gandhinagar. You too can be a part of this society by purchasing this 2 bhk flat here. The flat is east-Facing. Containing 2 bedroom(s), 2 bathrooms and 1 balcony, this flat is spread over a super built up area of 129 sq.Yards. The residential building has 5 floors in total and the flat for sale is lo...",https://www.99acres.com/2-bhk-bedroom-apartment-flat-for-sale-in-shukan-eye-urjanagar-1-gandhinagar-1161-sqft-spid-W87232852,2.0,2.0,1.0,,5.0,,Randesan,East,New,1,False,False,True,apartment,0.0,0.0,3.970291913552122,2.0,4479.0
"3 BHK Flatin Sargasan, Gandhinagar","Sargasan, Gandhinagar",70.0,8421.0,831.0,"This lovely 3 bhk apartment/flat in sargasan is available for sale in one of gandhinagar's most popular projects, ashwamegh elite. The flat is east-Facing. The flat is over 77 sq.M. Carpet area and comes with 3 bedroom(s), 3 bathrooms and 1 balcony. This flat is situated on the 1st floor of this 11 floors tall residential building. This 0-1 year old property is available for immediate possessio...",https://www.99acres.com/3-bhk-bedroom-apartment-flat-for-sale-in-ashwamegh-elite-sargasan-gandhinagar-831-sqft-spid-L87227566,3.0,3.0,1.0,1.0,11.0,unfurnished,Sargasan,East,New,1,False,False,False,apartment,0.0,0.0,4.2626798770413155,3.0,8424.0
"2 BHK Flatin Vavol, Gandhinagar","Vavol, Gandhinagar",50.0,3516.0,1422.0,"Looking for a 2 bhk property for sale in gandhinagar? Buy this 2 bhk flat in shivam heights that is situated in vavol, gandhinagar. The flat is facing the east direction. The flat is over 158 sq.Yards super built up area and comes with 2 bedroom(s), 2 bathrooms and 1 balcony. The flat has a total of 14 floors and this property is situated on 6th floor. This is a ready to move project and the pr...",https://www.99acres.com/2-bhk-bedroom-apartment-flat-for-sale-in-vavol-gandhinagar-1422-sqft-spid-Z87226942,2.0,2.0,1.0,6.0,14.0,unfurnished,Vavol,East,New,1,False,False,True,apartment,0.0,0.0,3.9318256327243257,2.0,3516.0
"3 BHK Flatin Sargasan, Gandhinagar","Sargasan, Gandhinagar",86.0,9894.0,869.0,"This 3 bhk apartment is available for sale in satva satvam glory, one of the most prominent projects for flats in sargasan, gandhinagar. This property faces the east direction. The floor plan additionally contains 3 bedroom(s), 3 bathrooms and 1 balcony. All in all, the flat is spread over a carpet area of 81 sq.M. This flat lies on the 8th level of a 11 storey building. This is a ready to move...",https://www.99acres.com/3-bhk-bedroom-apartment-flat-for-sale-in-satva-satvam-glory-sargasan-gandhinagar-869-sqft-spid-A87220362,3.0,3.0,1.0,8.0,11.0,unfurnished,Sargasan,East,New,1,False,True,False,apartment,0.0,0.0,4.465908118654584,3.0,9896.0
"3 BHK Flatin Sargasan, Gandhinagar","Sargasan, Gandhinagar",70.0,4496.0,1557.0,"Swamev imperia is one of gandhinagar's most sought after destination for apartments and this 3 bhk flat in sargasan is your opportunity to be a part of this community. The flat occupies a super built up area of 173 sq.Yards that consists of 3 bedrooms, 3 bathrooms and 1 balcony. The property is located on the 7th floor of a 11 floors tall building. Being a ready to move project, you can expect ...",https://www.99acres.com/3-bhk-bedroom-apartment-flat-for-sale-in-swamev-imperia-sargasan-gandhinagar-1557-sqft-r1-spid-S88681596,3.0,3.0,1.0,7.0,11.0,,Sargasan,,New,1,False,False,True,apartment,0.0,0.0,4.2626798770413155,3.0,4496.0
"2 BHK Flatin Raysan, Gandhinagar","Raysan, Gandhinagar",55.0,4665.0,1179.0,"The pramukh elegance flat occupies a super built up area of 131 sq.Yards that consists of 2 bedrooms, 2 bathrooms and 1 balcony. This flat is situated on the 7th floor of this 8 floors tall residential building. Being a ready to move project, you can expect immediate possession of this 13 years old property.",https://www.99acres.com/2-bhk-bedroom-apartment-flat-for-sale-in-raysan-gandhinagar-1179-sqft-r1-spid-Y89555186,2.0,2.0,1.0,7.0,8.0,,Raysan,,Unknown,1,False,False,True,apartment,0.0,0.0,4.02535169073515,2.0,4665.0
"3 BHK Flatin Randesan, Gandhinagar","Randesan, Gandhinagar",110.0,4143.0,2655.0,"Polaris calice is one of gandhinagar's most sought after destination for apartments and this 3 bhk flat in randesan is your opportunity to be a part of this community. Containing 3 bedroom(s), 3 bathrooms and 2 balconies, this flat is spread over a super built up area of 295 sq.Yards. This flat lies on the 6th level of a 20 storey building. The flat is currently under construction stage and you...",https://www.99acres.com/3-bhk-bedroom-apartment-flat-for-sale-in-polaris-calice-randesan-gandhinagar-2655-sqft-r2-spid-T86951260,3.0,3.0,2.0,6.0,20.0,,Randesan,,New,0,False,False,True,apartment,0.0,0.0,4.709530201312334,3.0,4143.0
"3 BHK Flatin Sargasan, Gandhinagar","Sargasan, Gandhinagar",162.0,4186.0,3870.0,"Looking for a 3 bhk property for sale in gandhinagar? Buy this 3 bhk flat in imperial height that is situated in sargasan, gandhinagar. The flat is facing the east direction. The flat occupies a super built up area of 430 sq.Yards that consists of 3 bedrooms, 4 bathrooms and 3 balconies. This flat lies on the 6th level of a 13 storey building. As the property is currently under construction , y...",https://www.99acres.com/3-bhk-bedroom-apartment-flat-for-sale-in-sargasan-gandhinagar-3870-sqft-r2-spid-K86951188,3.0,4.0,3.0,6.0,13.0,,Sargasan,East,New,0,False,False,True,apartment,0.0,0.0,5.093750200806762,3.0,4186.0
"4 BHK Flatin Raysan, Gandhinagar","Raysan, Gandhinagar",200.0,4630.0,4320.0,"This 4 bhk flat is located in the gate x, which houses some of the most spacious flats in raysan, gandhinagar. The flat is east-Facing. The floor plan additionally contains 4 bedroom(s), 5 bathrooms and 3 balconies. All in all, the flat is spread over a super built up area of 480 sq.Yards. This flat is situated on the 6th floor of this 22 floors tall residential building. As the property is cur...",https://www.99acres.com/4-bhk-bedroom-apartment-flat-for-sale-in-raysan-gandhinagar-4320-sqft-r1-spid-Z87556330,4.0,5.0,3.0,6.0,22.0,,Raysan,East,New,0,False,False,True,apartment,0.0,0.0,5.303304908059076,4.0,4630.0
"4 BHK Flatin Koba, Gandhinagar","Koba, Gandhinagar",270.0,5085.0,5310.0,"The palace is one of the most popular destination for buying apartments/ flats in koba, gandhinagar. You too can be a part of this society by purchasing this 4 bhk flat here. This residential flat is east-Facing direction. The floor plan additionally contains 4 bedroom(s), 5 bathrooms and 3 balconies. All in all, the flat is spread over a super built up area of 590 sq.Yards. The flat has a tota...",https://www.99acres.com/4-bhk-bedroom-apartment-flat-for-sale-in-koba-gandhinagar-5310-sqft-r1-spid-U87556320,4.0,5.0,3.0,,,,Koba,East,New,0,False,False,True,apartment,0.0,0.0,5.602118820879701,4.0,5085.0
"3 BHK Flatin Uvarsad, Gandhinagar","Uvarsad, Gandhinagar",105.0,4470.0,2349.0,"This 3 bhk flat is located in trilok opera, which houses some of the most spacious flats in uvarsad, gandhinagar. The flat is facing the east direction. The floor plan additionally contains 3 bedroom(s), 4 bathrooms and 2 balconies. All in all, the flat is spread over a super built up area of 261 sq.Yards. The property is located on the 6th floor of a 13 floors tall building. As the property is...",https://www.99acres.com/3-bhk-bedroom-apartment-flat-for-sale-in-uvarsad-gandhinagar-2349-sqft-r1-spid-S87556546,3.0,4.0,2.0,6.0,13.0,unfurnished,Uvarsad,East,New,0,False,False,True,apartment,0.0,0.0,4.663439094112067,3.0,4470.0
"3 BHK Flatin Koba, Gandhinagar","Koba, Gandhinagar",150.0,5658.0,2651.0,"This 3 bhk apartment is available for sale in the double three, one of the most prominent projects for flats in koba, gandhinagar. The flat is east-Facing. The floor plan additionally contains 3 bedroom(s), 4 bathrooms and 3 balconies. All in all, the flat is spread over a super built up area of 2651 sq.Ft. This flat is situated on the 6th floor of this 20 floors tall residential building. The ...",https://www.99acres.com/3-bhk-bedroom-apartment-flat-for-sale-in-koba-gandhinagar-2651-sqft-r1-spid-O87556354,3.0,4.0,3.0,6.0,20.0,unfurnished,Koba,East,New,0,False,False,True,apartment,0.0,0.0,5.017279836814924,3.0,5658.0
"4 BHK Flatin Koba, Gandhinagar","Koba, Gandhinagar",190.0,4444.0,4275.0,"Check out this 4 bhk apartment for sale in the gate 2, a popular residential project that houses in-Demand flats in koba, gandhinagar. This is a east-Facing property. The floor plan additionally contains 4 bedroom(s), 5 bathrooms and 3 balconies. All in all, the flat is spread over a super built up area of 475 sq.Yards. This flat is situated on the 6th floor of this 14 floors tall residential b...",https://www.99acres.com/4-bhk-bedroom-apartment-flat-for-sale-in-koba-gandhinagar-4275-sqft-r1-spid-T87556338,4.0,5.0,3.0,6.0,14.0,unfurnished,Koba,East,New,0,False,False,True,apartment,0.0,0.0,5.25227342804663,4.0,4444.0
"3 BHK Flatin Raysan, Gandhinagar","Raysan, Gandhinagar",146.0,9656.0,1512.0,"Check out this 3 bhk apartment for sale in the gate 2, a popular residential project that houses in-Demand flats in raysan, gandhinagar. The flat is east-Facing. Containing 3 bedroom(s), 3 bathrooms and 2 balconies, this flat is spread over a carpet area of 1512 sq.Ft. The flat has a total of 13 floors and this property is situated on 6th floor. This 0-1 year old property is available for immed...",https://www.99acres.com/3-bhk-bedroom-apartment-flat-for-sale-in-raysan-gandhinagar-1512-sqft-r2-spid-Q87443674,3.0,3.0,2.0,6.0,13.0,,Raysan,East,New,1,False,True,False,apartment,0.0,0.0,4.990432586778736,3.0,9656.0
"3 BHK Flatin Randesan, Gandhinagar","Randesan, Gandhinagar",135.0,4716.0,2862.0,"This beautiful 3 bhk flat in randesan, gandhinagar is situated in sandalwood, one of the popular residential society in gandhinagar. This is a east-Facing property. The floor plan additionally contains 3 bedroom(s), 3 bathrooms and 2 balconies. All in all, the flat is spread over a super built up area of 2862 sq.Ft. The property is located on the 6th floor of a 13 floors tall building. As the p...",https://www.99acres.com/3-bhk-bedroom-apartment-flat-for-sale-in-randesan-gandhinagar-2862-sqft-r2-spid-X87443586,3.0,3.0,2.0,6.0,13.0,unfurnished,Randesan,East,New,0,False,False,True,apartment,0.0,0.0,4.912654885736052,3.0,4717.0
"3 BHK Flatin Sargasan, Gandhinagar","Sargasan, Gandhinagar",75.0,4682.0,1602.0,"This property faces the east direction. The flat is over 178 sq.Yards built up area and comes with 3 bedroom(s), 3 bathrooms and 2 balconies. The residential building has 12 floors in total and the flat for sale is located on the 11th floor. This is a ready to move project and the property is 1-5 years old. The vitrified flooring of this flat is beautifully designed and helps to give it a pleas...",https://www.99acres.com/3-bhk-bedroom-apartment-flat-for-sale-in-sargasan-gandhinagar-1602-sqft-spid-Q90222728,3.0,3.0,2.0,11.0,12.0,semi-furnished,Sargasan,East,1-5 years,1,True,False,False,apartment,0.0,0.0,4.330733340286331,3.0,4682.0
"2 BHK Flatin Sargasan, Gandhinagar","Sargasan, Gandhinagar",55.0,5135.0,1071.0,"This residential flat is north-East-Facing direction. Constructed on a super built up area of 1071 sq.Ft., the flat comprises 2 bedroom(s), 2 bathrooms and 1 balcony. The property is located on the 3rd floor of a 5 floors tall building. This 1-5 years old property is available for immediate possession as the project is ready to move. The beautifully designed vitrified flooring enhances the beau...",https://www.99acres.com/2-bhk-bedroom-apartment-flat-for-sale-in-swagat-blossom-sargasan-gandhinagar-1071-sqft-spid-M91121260,2.0,2.0,1.0,3.0,5.0,unfurnished,Sargasan,North-East,1-5 years,1,False,False,True,apartment,0.0,0.0,4.02535169073515,2.0,5135.0
"3 BHK Flatin Kudasan, Gandhinagar","Kudasan, Gandhinagar",80.0,4233.0,1890.0,,https://www.99acres.com/3-bhk-bedroom-apartment-flat-for-sale-in-sunflower-heights-kudasan-gandhinagar-1890-sqft-spid-K91064976,3.0,3.0,1.0,,,,Kudasan,,Unknown,1,False,False,True,apartment,,,4.394449154672439,3.0,4233.0
"3 BHK Flatin Sargasan, Gandhinagar","Sargasan, Gandhinagar",105.0,5983.0,1755.0,"The flat is north-East-Facing. The floor plan additionally contains 3 bedroom(s), 3 bathrooms and 3 balconies. All in all, the flat is spread over a built up area of 195 sq.Yards. The residential building has 13 floors in total and the flat for sale is located on the 2nd floor. Being a ready to move project, you can expect immediate possession of this 0-1 year old property. The vitrified floori...",https://www.99acres.com/3-bhk-bedroom-apartment-flat-for-sale-in-samved-dreams-sargasan-gandhinagar-1755-sqft-spid-R91063086,3.0,3.0,3.0,2.0,13.0,unfurnished,Sargasan,North-East,New,1,True,False,False,apartment,0.0,0.0,4.663439094112067,3.0,5983.0
"3 BHK Flatin Sargasan, Gandhinagar","Sargasan, Gandhinagar",90.0,5348.0,1683.0,"This residential flat is north-East-Facing direction. The flat occupies a built up area of 187 sq.Yards that consists of 3 bedrooms, 3 bathrooms and 3 balconies. This flat lies on the 5th level of a 13 storey building. This is a ready to move project and the property is 1-5 years old. The flat comes well built with vitrified flooring options. All the modern amenities such as maintenance staff, ...",https://www.99acres.com/3-bhk-bedroom-apartment-flat-for-sale-in-sargasan-gandhinagar-1683-sqft-spid-Q90802378,3.0,3.0,3.0,5.0,13.0,semi-furnished,Sargasan,North-East,1-5 years,1,True,False,False,apartment,0.0,0.0,4.51085950651685,3.0,5348.0
"3 BHK Flatin Sargasan, Gandhinagar","Sargasan, Gandhinagar",105.0,4943.0,2124.0,"The flat is north-East-Facing. Containing 3 bedroom(s), 3 bathrooms and more than 3 balconies, this flat is spread over a built up area of 236 sq.Yards. The flat has a total of 9 floors and this property is situated on 2nd floor. This 1-5 years old property is available for immediate possession as the project is ready to move. The beautifully designed vitrified flooring enhances the beauty of t...",https://www.99acres.com/3-bhk-bedroom-apartment-flat-for-sale-in-sargasan-gandhinagar-2124-sqft-spid-O90801710,3.0,3.0,3.0,2.0,9.0,unfurnished,Sargasan,North-East,1-5 years,1,True,False,False,apartment,0.0,0.0,4.663439094112067,3.0,4944.0
"3 BHK Flatin Sargasan, Gandhinagar","Sargasan, Gandhinagar",90.0,4184.0,2151.0,"The flat is north-East-Facing. The flat occupies a built up area of 239 sq.Yards that consists of 3 bedrooms, 3 bathrooms and 3 balconies. This flat lies on the 3rd level of a 13 storey building. This 0-1 year old property is available for immediate possession as the project is ready to move. The flat comes well built with vitrified flooring options. The society is well equipped with many moder...",https://www.99acres.com/3-bhk-bedroom-apartment-flat-for-sale-in-sargasan-gandhinagar-2151-sqft-spid-O90439016,3.0,3.0,3.0,3.0,13.0,unfurnished,Sargasan,North-East,New,1,True,False,False,apartment,0.0,0.0,4.51085950651685,3.0,4184.0
"3 BHK Flatin Sargasan, Gandhinagar","Sargasan, Gandhinagar",90.0,4184.0,2151.0,"This is a north-East-Facing property. Constructed on a built up area of 239 sq.Yards, the flat comprises 3 bedroom(s), 3 bathrooms and more than 3 balconies. The residential building has 13 floors in total and the flat for sale is located on the 11th floor. As the project is already ready to move, so you can easily move into this 0-1 year old property. The floor of this flat is beautifully desi...",https://www.99acres.com/3-bhk-bedroom-apartment-flat-for-sale-in-sargasan-gandhinagar-2151-sqft-spid-D90438776,3.0,3.0,3.0,11.0,13.0,unfurnished,Sargasan,North-East,New,1,True,False,False,apartment,0.0,0.0,4.51085950651685,3.0,4184.0
"2 BHK Flatin Randesan, Gandhinagar","Randesan, Gandhinagar",62.56,6882.0,1656.0,"This property faces the north-East direction. Containing 2 bedroom(s), 2 bathrooms and 3 balconies, this flat is spread over a built up area of 184 sq.Yards. The property is located on the 13th floor of a 14 floors tall building. The flat is currently under construction stage and you can expect to get the possession of the property by january 2027. The flat comes well built with vitrified floor...",https://www.99acres.com/2-bhk-bedroom-apartment-flat-for-sale-in-sahjanand-silverleaf-randesan-gandhinagar-1656-sqft-spid-B90417898,2.0,2.0,3.0,13.0,14.0,,Randesan,North-East,New,0,True,False,False,apartment,0.0,0.0,4.151984341668515,2.0,3778.0
"2 BHK Flatin Randesan, Gandhinagar","Randesan, Gandhinagar",64.61,7325.0,1593.0,"The flat is facing the north-East direction. The flat is over 177 sq.Yards built up area and comes with 2 bedroom(s), 2 bathrooms and 3 balconies. The residential building has 14 floors in total and the flat for sale is located on the 6th floor. This residential flat is currently under construction and you can expect the possession of the same by january 2028. The flat comes well built with vit...",https://www.99acres.com/2-bhk-bedroom-apartment-flat-for-sale-in-randesan-gandhinagar-1593-sqft-spid-E90417070,2.0,2.0,3.0,6.0,14.0,unfurnished,Randesan,North-East,New,0,True,False,False,apartment,0.0,0.0,4.1837281233567865,2.0,4056.0
"3 BHK Flatin Sargasan, Gandhinagar","Sargasan, Gandhinagar",72.0,7477.0,963.0,"3 bhk unfurnished flat available for sell at sargasan near d' mart, the most developing area of gandhinagar.",https://www.99acres.com/3-bhk-bedroom-apartment-flat-for-sale-in-psy-pramukh-harmony-sargasan-gandhinagar-963-sqft-r2-spid-R75795191,3.0,3.0,1.0,,,unfurnished,Sargasan,,Unknown,1,False,True,False,apartment,0.0,0.0,4.290459441148391,3.0,7477.0
"3 BHK Flatin Gift City, Gandhinagar","Gift City, Gandhinagar",150.0,8000.0,1875.0,"The flat is over 1,875 sq. Ft. And comes with 3 bedrooms, 3 bathrooms, and 1 balcony. This flat is on the 2nd level of a 25-Storey building. This residential flat is currently under construction, and you can expect possession by september 2026. For queries, contact a real estate agent such as tulja estate pvt. Ltd. In ahmedabad.",https://www.99acres.com/3-bhk-bedroom-apartment-flat-for-sale-in-gift-city-gandhinagar-1875-sqft-r1-spid-F89676980,3.0,3.0,1.0,2.0,25.0,,Gift City,,New,0,False,True,False,apartment,0.0,0.0,5.017279836814924,3.0,8000.0
"2 BHK Flatin Gift City, Gandhinagar","Gift City, Gandhinagar",166.0,11000.0,1511.0,"Containing 2 bedrooms, 2 bathrooms, and 1 balcony, this flat is spread over a super built-Up area of 1511 sq.Ft. This flat lies on the 23rd level of a 25-Storey building. This residential property is still under construction and will be available for possession by march 2028. For queries, contact a real estate agent such as tulja estate pvt. Ltd. In ahmedabad.",https://www.99acres.com/2-bhk-bedroom-apartment-flat-for-sale-in-gift-city-gandhinagar-1511-sqft-spid-U90608458,2.0,2.0,1.0,23.0,25.0,,Gift City,,New,0,False,False,True,apartment,0.0,0.0,5.117993812416755,2.0,10986.0
"3 BHK Flatin Kudasan, Gandhinagar","Kudasan, Gandhinagar",97.66,4340.0,2250.0,"3bhk flat, live area and prime location at kudasan. New construction, fresh flat, airy rooms and good locality.",https://www.99acres.com/3-bhk-bedroom-apartment-flat-for-sale-in-radhe-infinity-kudasan-gandhinagar-2250-sqft-r2-spid-S86476488,3.0,3.0,1.0,,,,Kudasan,,New,1,False,False,True,apartment,0.0,0.0,4.5916795958055925,3.0,4340.0
"3 BHK Flatin Kudasan, Gandhinagar","Kudasan, Gandhinagar",87.0,3851.0,2259.0,"3bhk flat live area, good locality, nr. By mall, school and hospital. Prime location, airy rooms, fresh construction and good connectivity for s,g highway.",https://www.99acres.com/3-bhk-bedroom-apartment-flat-for-sale-in-ekarth-one-kudasan-gandhinagar-2259-sqft-r2-spid-N86591488,3.0,3.0,1.0,,,,Kudasan,,New,1,False,False,True,apartment,6.0,4.0,4.477336814478207,3.0,3851.0
"2 BHK Flatin Kudasan, Gandhinagar","Kudasan, Gandhinagar",71.0,5089.0,1395.0,"This residential flat is east-Facing direction. Containing 2 bedroom(s), 2 bathrooms and 1 balcony, this flat is spread over a super built up area of 1395 sq.Ft. The flat has a total of 8 floors and this property is situated on 1st floor. Being a ready to move project, you can expect immediate possession of this 5-10 years old property. The beautifully designed vitrified flooring enhances the b...",https://www.99acres.com/2-bhk-bedroom-apartment-flat-for-sale-in-sheladia-poornam-residency-kudasan-gandhinagar-1395-sqft-spid-X90911030,2.0,2.0,1.0,1.0,8.0,unfurnished,Kudasan,East,5-10 years,1,False,False,True,apartment,0.0,0.0,4.276666119016055,2.0,5090.0
"3 BHK Flatin Kudasan, Gandhinagar","Kudasan, Gandhinagar",57.0,4460.0,1278.0,"This is a east-Facing property. The flat is over 1278 sq.Ft. Carpet area and comes with 3 bedroom(s), 3 bathrooms and 2 balconies. The property is located on the 1st floor of a 8 floors tall building. Being a ready to move project, you can expect immediate possession of this 5-10 years old property. The flat comes well built with vitrified flooring options. The flat will offer a modern lifestyl...",https://www.99acres.com/3-bhk-bedroom-apartment-flat-for-sale-in-mahavir-hills-kudasan-gandhinagar-1278-sqft-r1-spid-Q88217488,3.0,3.0,2.0,1.0,8.0,semi-furnished,Kudasan,East,5-10 years,1,False,False,False,apartment,0.0,0.0,4.060443010546419,3.0,4460.0
"3 BHK Flatin Kudasan, Gandhinagar","Kudasan, Gandhinagar",105.0,4539.0,2313.0,"This residential flat is east-Facing direction. Containing 3 bedroom(s), 3 bathrooms and 1 balcony, this flat is spread over a super built up area of 2313 sq.Ft. The residential building has 14 floors in total and the flat for sale is located on the 6th floor. Being a ready to move project, you can expect immediate possession of this 0-1 year old property. The flat comes well built with vitrifi...",https://www.99acres.com/3-bhk-bedroom-apartment-flat-for-sale-in-radhe-infinity-kudasan-gandhinagar-2313-sqft-spid-W90694536,3.0,3.0,1.0,6.0,14.0,semi-furnished,Kudasan,East,New,1,False,False,True,apartment,0.0,0.0,4.663439094112067,3.0,4540.0
"3 BHK Flatin Gift City, Gandhinagar","Gift City, Gandhinagar",240.0,19580.0,1876.0,"Let me introduce you to sobha elysia, a premium residential project in the heart of gift cityindias first operational smart city and one of the most promising investment zones in gujarat. This project offers thoughtfully designed 3, 4, and 4.5 bhk residences, including spacious layouts and exclusive duplex options for those who want a higher standard of living. Developed by sobha limited, the p...",https://www.99acres.com/3-bhk-bedroom-apartment-flat-for-sale-in-sobha-elysia-gift-city-gandhinagar-1876-sqft-spid-J90598414,3.0,3.0,2.0,,,,Gift City,,New,0,False,False,True,apartment,0.0,0.0,5.484796933490655,3.0,12793.0
"2 BHK Flatin Kudasan, Gandhinagar","Kudasan, Gandhinagar",60.0,3384.0,1773.0,"Kanam residency 2 in kudasan, gandhinagar is a well-Established residential apartment project offering comfortable 2 bhk and 3 bhk flats that are ready to move. Located near infocity area on national institute of design road, the society provides a balanced lifestyle combining calm residential living with city connectivity. Flats are designed with practical layouts and include essential ameniti...",https://www.99acres.com/2-bhk-bedroom-apartment-flat-for-sale-in-kudasan-gandhinagar-1773-sqft-r1-spid-H88682496,2.0,2.0,1.0,,,unfurnished,Kudasan,,New,1,False,False,True,apartment,6.0,0.0,4.110873864173311,2.0,3384.0
"2 BHK Flatin Sargasan, Gandhinagar","Sargasan, Gandhinagar",91.0,3611.0,2520.0,"Containing 2 bedroom(s), 2 bathrooms and 1 balcony, this flat is spread over a carpet area of 280 sq.Yards. The property is located on the 6th floor of a 11 floors tall building. Moreover, the flat is currently under construction and possession is expected within 6 month",https://www.99acres.com/2-bhk-bedroom-apartment-flat-for-sale-in-sargasan-gandhinagar-2520-sqft-spid-I91067252,2.0,2.0,1.0,6.0,11.0,,Sargasan,,Unknown,0,False,True,False,apartment,0.0,0.0,4.5217885770490405,2.0,3611.0
"2 BHK Flatin Sargasan, Gandhinagar","Sargasan, Gandhinagar",62.0,4278.0,1449.0,"Located in the popular residential address of sargasan, gandhinagar, psy pramukh horizon is one of the most preferred destination for apartments in gandhinagar. This 2 bhk flat is your ticket to be a part of this community. The flat is south-Facing. Containing 2 bedroom(s), 2 bathrooms and 1 balcony, this flat is spread over a carpet area of 1449 sq.Ft. This flat is situated on the 1st floor of...",https://www.99acres.com/2-bhk-bedroom-apartment-flat-for-sale-in-psy-pramukh-horizon-sargasan-gandhinagar-1449-sqft-r2-spid-L84043326,2.0,2.0,1.0,1.0,,unfurnished,Sargasan,South,New,1,False,True,False,apartment,0.0,0.0,4.143134726391533,2.0,4279.0
"2 BHK Flatin Raysan, Gandhinagar","Raysan, Gandhinagar",118.0,6828.0,1728.0,"The flat is facing the east direction. Containing 2 bedroom(s), 2 bathrooms and 2 balconies, this flat is spread over a super built up area of 1728 sq.Ft. The residential building has 8 floors in total and the flat for sale is located on the 5th floor. An added advantage of this 0-1 year old flat is that it is available for immediate possession as the project is already ready to move. The floor...",https://www.99acres.com/2-bhk-bedroom-apartment-flat-for-sale-in-vinayak-courtyard-raysan-gandhinagar-1728-sqft-spid-F90313550,2.0,2.0,2.0,5.0,8.0,unfurnished,Raysan,East,New,1,False,False,True,apartment,0.0,0.0,4.77912349311153,2.0,6829.0
"3 BHK Flatin Randheja, Gandhinagar","Randheja, Gandhinagar",62.0,2907.0,2133.0,"The shreenand ananta floor plan additionally contains 3 bedrooms, 3 bathrooms and more than 3 balconies. All in all, the flat is spread over a super built up area of 237 sq.Yards. The flat has a total of 13 floors and this property is situated on 1st floor. This residential flat is currently under construction and you can expect the possession of the same by june 2027.",https://www.99acres.com/3-bhk-bedroom-apartment-flat-for-sale-in-randheja-gandhinagar-2133-sqft-r1-spid-F88825140,3.0,3.0,3.0,1.0,13.0,,Randheja,,New,0,False,False,True,apartment,0.0,0.0,4.143134726391533,3.0,2907.0
"2 BHK Flatin Sargasan, Gandhinagar","Sargasan, Gandhinagar",59.4,4000.0,1485.0,"The shivaay shilp floor plan additionally contains 2 bedroom(s), 2 bathrooms and 1 balcony. All in all, the flat is spread over a super built up area of 165 sq.Yards. This flat lies on the 1st level of a 13 storey building. The flat is currently under construction stage and you can expect to get the possession of the property by march 2028.",https://www.99acres.com/2-bhk-bedroom-apartment-flat-for-sale-in-sargasan-gandhinagar-1485-sqft-spid-F90001960,2.0,2.0,1.0,1.0,13.0,,Sargasan,,New,0,False,False,True,apartment,0.0,0.0,4.100989104940769,2.0,4000.0
"Studio Apartments / 1 RK Flatsin Gift City, Gandhinagar","Gift City, Gandhinagar",59.85,9500.0,630.0,"The studio apartments at siban in gift city are compact, intelligently designed homes that combine living, sleeping, and kitchen spaces into a seamless modern layout.Residents enjoy access to premium amenities, secure high-Rise living, and excellent rental potential within indias leading financial hub.",https://www.99acres.com/studio-apartment-flat-for-sale-in-gift-city-gandhinagar-630-sqft-spid-L89998408,1.0,1.0,1.0,,,,Gift City,,Unknown,0,False,False,True,apartment,0.0,0.0,4.108411819433536,1.0,9500.0
"3 BHK Flatin Koba, Gandhinagar","Koba, Gandhinagar",125.0,4630.0,2700.0,,https://www.99acres.com/3-bhk-bedroom-apartment-flat-for-sale-in-shree-ganesh-skyline-koba-gandhinagar-2700-sqft-spid-N89339217,3.0,3.0,1.0,,,,Koba,,Unknown,0,False,False,True,apartment,,,4.836281906951478,3.0,4630.0
"3 BHK Flatin Koba, Gandhinagar","Koba, Gandhinagar",114.0,8085.0,1410.0,"The flat is over 1410 sq.Ft. Carpet area and comes with 3 bedroom(s), 3 bathrooms and 1 balcony. This flat is situated on the 9th floor of this 13 floors tall residential building. Being a ready to move project, you can expect immediate possession of this 0-1 year old property. This project is prime location, best residential project, best quality construction , all amenities here like a gym, i...",https://www.99acres.com/3-bhk-bedroom-apartment-flat-for-sale-in-dev-aashish-the-gate-koba-gandhinagar-1410-sqft-spid-Z88841588,3.0,3.0,1.0,9.0,13.0,,Koba,,New,1,False,False,False,apartment,2.0,0.0,4.74493212836325,3.0,8085.0
"2 BHK Flatin Gift City, Gandhinagar","Gift City, Gandhinagar",138.0,10000.0,1384.0,"Availalbe 2 bhk flat for sale in reva by kaavyarata group, located in the heart of the gift city and at strategic two road corner location with beautiful skyline view. For more details and site visit please contact with us.",https://www.99acres.com/2-bhk-bedroom-apartment-flat-for-sale-in-gift-city-gandhinagar-1384-sqft-r12-spid-O74291589,2.0,2.0,1.0,,,,Gift City,,Unknown,0,False,False,True,apartment,0.0,0.0,4.9344739331306915,2.0,9971.0
"2 BHK Builder Floorin Uvarsad, Gandhinagar","Uvarsad, Gandhinagar",70.0,2881.0,2430.0,Available on sell 2bhk penthouse in sargasan pramukh glory 138 sq.Yard flat and 138 sq.Yard teress 7th floor prime location,https://www.99acres.com/2-bhk-bedroom-independent-builder-floor-for-sale-in-psy-pramukh-glory-uvarsad-gandhinagar-1242-sqft-spid-F90488460,2.0,1.0,2.0,7.0,,,Uvarsad,,New,1,False,False,False,penthouse,4.0,0.0,4.2626798770413155,2.0,2881.0
"3 BHK Flatin Sargasan, Gandhinagar","Sargasan, Gandhinagar",110.0,7907.0,2484.0,"The atmos scheme in gandhinagar, launched by solaire developers llp, is a residential project located in sargasan, gandhinagar. The scheme offers a range of 3 bhk and 4 bhk apartments, with sizes ranging from 276.0 - 354.0 sq.Yd. The project is spread over 0.97 acres and includes amenities such as a gymnasium, children's play area, swimming pool, sports avenues, library, business center, temple...",https://www.99acres.com/3-bhk-bedroom-apartment-flat-for-sale-in-atmos-by-solaire-sargasan-gandhinagar-2484-sq-ft-r1-spid-X88695616,3.0,3.0,1.0,,,,Sargasan,,New,1,False,False,True,apartment,17.0,0.0,4.709530201312334,3.0,4428.0
"3 BHK Flatin Sargasan, Gandhinagar","Sargasan, Gandhinagar",120.0,5602.0,2142.0,"Separate puja room, 18x5 ft balkany, 16x11 ft 2 master bed room , 18x14 ft hall & 16x13 kitchen & dining are. 12x11 ft children room",https://www.99acres.com/3-bhk-bedroom-apartment-flat-for-sale-in-hari-aalayam-sargasan-gandhinagar-2142-sqft-spid-K89948644,2.0,2.0,1.0,,,,Sargasan,,New,1,False,False,True,apartment,0.0,0.0,4.795790545596741,3.0,5602.0
"2 BHK Flatin Vavol, Gandhinagar","Vavol, Gandhinagar",41.0,4338.0,945.0,"Check out this 2 bhk apartment for sale in aakar shalvik shukan, a popular residential project that houses in-Demand flats in vavol, gandhinagar. This property faces the east direction. Constructed on a super built up area of 945 sq.Ft., the flat comprises 2 bedroom(s), 2 bathrooms and 2 balconies. The flat has a total of 3 floors and this property is situated on 2nd floor. Being a ready to mov...",https://www.99acres.com/2-bhk-bedroom-apartment-flat-for-sale-in-aakar-shalvik-shukan-vavol-gandhinagar-945-sqft-r1-spid-U88111062,2.0,2.0,2.0,2.0,3.0,unfurnished,Vavol,East,New,1,False,False,True,apartment,0.0,0.0,3.7376696182833684,2.0,4339.0
"2 BHK Flatin Uvarsad, Gandhinagar","Uvarsad, Gandhinagar",55.0,3943.0,1395.0,"This lovely 2 bhk apartment/flat in uvarsad is available for sale in one of gandhinagar's most popular projects, pramukh parisar. The flat is east-Facing. Constructed on a super built up area of 155 sq.Yards, the flat comprises 2 bedroom(s), 2 bathrooms and 1 balcony. This flat is situated on the 8th floor of this 13 floors tall residential building. This 1-5 years old property is available for...",https://www.99acres.com/2-bhk-bedroom-apartment-flat-for-sale-in-pramukh-parisar-uvarsad-gandhinagar-1395-sqft-spid-V87382484,2.0,2.0,1.0,8.0,13.0,unfurnished,Uvarsad,East,1-5 years,1,False,False,True,apartment,0.0,0.0,4.02535169073515,2.0,3943.0
"2 BHK Flatin Sargasan, Gandhinagar","Sargasan, Gandhinagar",53.0,5353.0,990.0,"The flat is east-Facing. Constructed on a carpet area of 990 sq.Ft., the flat comprises 2 bedroom(s), 2 bathrooms and 2 balconies. The property is located on the 2nd floor of a 5 floors tall building. This 5-10 years old property is available for immediate possession as the project is ready to move. The floor of this flat is beautifully designed using vitrified flooring, giving the flat an allu...",https://www.99acres.com/2-bhk-bedroom-apartment-flat-for-sale-in-b-and-m-divya-sanskar-city-sargasan-gandhinagar-990-sqft-spid-M91197048,2.0,2.0,2.0,2.0,5.0,unfurnished,Sargasan,East,5-10 years,1,False,True,False,apartment,0.0,0.0,3.9889840465642745,2.0,5354.0
"3 BHK Flatin Gift City, Gandhinagar","Gift City, Gandhinagar",260.0,13156.0,1976.0,"Sobha elysia redefines international living with its sleek modern facade and stands tall as a testament to architectural brilliance, offering a luxurious experience replete with world-Class infrastructure and amenities. Here, every detail is meticulously crafted keeping in mind sobhas international standards. Spread over 2.65 acres, the 2 towers comprise of 572 units, at sobha elysia one can in...",https://www.99acres.com/3-bhk-bedroom-apartment-flat-for-sale-in-sobha-elysia-gift-city-gandhinagar-1976-sqft-r1-spid-G81559373,3.0,3.0,2.0,,,,Gift City,,Unknown,0,False,False,True,apartment,0.0,0.0,5.564520407322694,3.0,13158.0
"4 BHK Flatin Gift City, Gandhinagar","Gift City, Gandhinagar",494.00000000000006,14256.0,3462.0,"Sobha elysia redefines international living with its sleek modern facade and stands tall as a testament to architectural brilliance, offering a luxurious experience replete with world-Class infrastructure and amenities. Here, every detail is meticulously crafted keeping in mind sobhas international standards. Spread over 2.65 acres, the 2 towers comprise of 572 units, at sobha elysia one can in...",https://www.99acres.com/4-bhk-bedroom-apartment-flat-for-sale-in-sobha-elysia-gift-city-gandhinagar-3462-sqft-r2-spid-C81559769,4.0,4.0,2.0,,,,Gift City,,Unknown,0,False,False,True,apartment,0.0,0.0,6.20455776256869,4.0,14269.0
"4 BHK Flatin Gift City, Gandhinagar","Gift City, Gandhinagar",358.0,13626.0,2625.0,"Sobha elysia redefines international living with its sleek modern facade and stands tall as a testament to architectural brilliance, offering a luxurious experience replete with world-Class infrastructure and amenities. Here, every detail is meticulously crafted keeping in mind sobhas international standards. Spread over 2.65 acres, the 2 towers comprise of 572 units, at sobha elysia one can in...",https://www.99acres.com/4-bhk-bedroom-apartment-flat-for-sale-in-sobha-elysia-gift-city-gandhinagar-2625-sqft-r2-spid-G81559655,4.0,4.0,2.0,,,,Gift City,,Unknown,0,False,False,True,apartment,0.0,0.0,5.883322388488279,4.0,13638.0
"4 BHK Flatin Gift City, Gandhinagar","Gift City, Gandhinagar",341.0,13784.0,2473.0,"Sobha elysia redefines international living with its sleek modern facade and stands tall as a testament to architectural brilliance, offering a luxurious experience replete with world-Class infrastructure and amenities. Here, every detail is meticulously crafted keeping in mind sobhas international standards. Spread over 2.65 acres, the 2 towers comprise of 572 units, at sobha elysia one can in...",https://www.99acres.com/4-bhk-bedroom-apartment-flat-for-sale-in-sobha-elysia-gift-city-gandhinagar-2473-sqft-r2-spid-S81559591,4.0,4.0,2.0,,,,Gift City,,Unknown,0,False,False,True,apartment,0.0,0.0,5.834810737062605,4.0,13789.0
"4 BHK Flatin Gift City, Gandhinagar","Gift City, Gandhinagar",296.0,13151.0,2253.0,"Sobha elysia redefines international living with its sleek modern facade and stands tall as a testament to architectural brilliance, offering a luxurious experience replete with world-Class infrastructure and amenities. Here, every detail is meticulously crafted keeping in mind sobhas international standards. Spread over 2.65 acres, the 2 towers comprise of 572 units, at sobha elysia one can in...",https://www.99acres.com/4-bhk-bedroom-apartment-flat-for-sale-in-sobha-elysia-gift-city-gandhinagar-2254-sqft-r2-spid-B81559487,4.0,4.0,2.0,,,,Gift City,,Unknown,0,False,False,True,apartment,0.0,0.0,5.6937321388027,4.0,13138.0
"3 BHK Flatin Gift City, Gandhinagar","Gift City, Gandhinagar",251.0,13361.0,1876.0,"Sobha elysia redefines international living with its sleek modern facade and stands tall as a testament to architectural brilliance, offering a luxurious experience replete with world-Class infrastructure and amenities. Here, every detail is meticulously crafted keeping in mind sobhas international standards. Spread over 2.65 acres, the 2 towers comprise of 572 units, at sobha elysia one can in...",https://www.99acres.com/3-bhk-bedroom-apartment-flat-for-sale-in-sobha-elysia-gift-city-gandhinagar-1876-sqft-r2-spid-S81559031,3.0,3.0,2.0,,,,Gift City,,Unknown,0,False,False,True,apartment,0.0,0.0,5.529429087511423,3.0,13380.0
"1 BHK Flatin Gift City, Gandhinagar","Gift City, Gandhinagar",110.0,11578.0,950.0,"Nila spaces vida is strategically located in gift city, gandhinagar, gujarat, which is a well-Planned city with modern infrastructure and offers a comfortable and peaceful living environment. The location of the project offers several advantages, including easy connectivity to key locations, making it an ideal place to live. Gift city is easily accessible and is located near the sardar vallabhb...",https://www.99acres.com/1-bhk-bedroom-apartment-flat-for-sale-in-vida-by-nila-spaces-gift-city-gandhinagar-950-sqft-r2-spid-T81564995,1.0,1.0,1.0,,,,Gift City,,Unknown,0,False,False,True,apartment,0.0,0.0,4.709530201312334,1.0,11579.0
"4 BHK Flatin Gift City, Gandhinagar","Gift City, Gandhinagar",326.0,10500.0,3100.0,"Savvy marina is strategically located in gift city, gandhinagar, gujarat, which is a well-Planned city with modern infrastructure and offers a comfortable and peaceful living environment. The location of the project offers several advantages, including easy connectivity to key locations, making it an ideal place to live. Gift city is easily accessible and is located near the sardar vallabhbhai ...",https://www.99acres.com/4-bhk-bedroom-apartment-flat-for-sale-in-savvy-marina-gift-city-gandhinagar-3100-sqft-r3-spid-D81560445,4.0,4.0,2.0,,,,Gift City,,Unknown,0,False,False,True,apartment,2.0,10.0,5.7899601708972535,4.0,10516.0
"3 BHK Flatin Gift City, Gandhinagar","Gift City, Gandhinagar",246.0,10977.0,2241.0,"Nila spaces vida is strategically located in gift city, gandhinagar, gujarat, which is a well-Planned city with modern infrastructure and offers a comfortable and peaceful living environment. The location of the project offers several advantages, including easy connectivity to key locations, making it an ideal place to live. Gift city is easily accessible and is located near the sardar vallabhb...",https://www.99acres.com/3-bhk-bedroom-apartment-flat-for-sale-in-vida-by-nila-spaces-gift-city-gandhinagar-2241-sqft-r3-spid-D81566431,3.0,3.0,2.0,,,,Gift City,,Unknown,0,False,False,True,apartment,0.0,0.0,5.5093883366279774,3.0,10977.0
"1 BHK Flatin Gift City, Gandhinagar","Gift City, Gandhinagar",95.0,10555.0,900.0,"Luxurious apartments: The project offers studio, 1 bhk, spacious 2 and 3 bhk apartments that are designed to provide a luxurious and comfortable living experience. The apartments are designed with contemporary designs and high-End fixtures and fittings.",https://www.99acres.com/1-bhk-bedroom-apartment-flat-for-sale-in-vida-by-nila-spaces-gift-city-gandhinagar-900-sqft-r2-spid-M81565211,3.0,1.0,1.0,,,,Gift City,,Unknown,0,False,False,True,apartment,0.0,0.0,4.564348191467836,1.0,10556.0
"2 BHK Flatin Gift City, Gandhinagar","Gift City, Gandhinagar",165.0,10645.0,1550.0,"Nila spaces vida is a prelaunch project, offering an attractive investment opportunity for buyers. As the project is in the prelaunch stage, buyers have the opportunity to invest at an early stage and enjoy higher returns on their investment in the future.",https://www.99acres.com/2-bhk-bedroom-apartment-flat-for-sale-in-vida-by-nila-spaces-gift-city-gandhinagar-1550-sqft-r3-spid-M81566131,2.0,2.0,1.0,,,,Gift City,,Unknown,0,False,False,True,apartment,0.0,0.0,5.111987788356544,2.0,10645.0
"3 BHK Flatin Gift City, Gandhinagar","Gift City, Gandhinagar",254.0,12500.0,2030.0,"Prime waterfront location: Savvy marina's strategic location along the waterfront offers stunning vistas of the ocean. The project capitalizes on its proximity to the sea, providing residents and visitors with unparalleled views and a serene environment that fosters a sense of tranquility.",https://www.99acres.com/3-bhk-bedroom-apartment-flat-for-sale-in-savvy-marina-gift-city-gandhinagar-2030-sqft-r3-spid-Z81560195,3.0,3.0,2.0,,,,Gift City,,Unknown,0,False,False,True,apartment,0.0,0.0,5.541263545158426,3.0,12512.0
"3 BHK Flatin Gift City, Gandhinagar","Gift City, Gandhinagar",272.0,12500.0,2180.0,"Luxurious residences: The project offers a range of luxurious residential options, from elegant apartments to spacious waterfront villas. Each residence is thoughtfully designed to maximize comfort, convenience, and breathtaking views, ensuring a living experience that is both lavish and serene.",https://www.99acres.com/3-bhk-bedroom-apartment-flat-for-sale-in-savvy-marina-gift-city-gandhinagar-2180-sqft-r2-spid-S81560277,3.0,3.0,2.0,,,,Gift City,,Unknown,0,False,False,True,apartment,0.0,0.0,5.60947179518496,3.0,12477.0
"3 BHK Flatin Gift City, Gandhinagar","Gift City, Gandhinagar",250.0,13322.0,1876.0,"The flat occupies a super built up area of 1876 sq.Ft. That consists of 3 bedrooms, 3 bathrooms and 1 balcony. This flat is situated on the 19th floor of this 35 floors tall residential building. As the property is currently under construction , you can expect to get the possession by july 2029. All the modern amenities such as swimming pool, fitness centre / gym, club house and lift(s) will ma...",https://www.99acres.com/3-bhk-bedroom-apartment-flat-for-sale-in-sobha-elysia-gift-city-gandhinagar-1876-sqft-spid-R88773362,3.0,3.0,1.0,19.0,35.0,,Gift City,,New,0,False,False,True,apartment,8.0,0.0,5.5254529391317835,3.0,13326.0
"3 BHK Flatin Khoraj, Gandhinagar","Khoraj, Gandhinagar",68.68,3722.0,1845.0,"This beautiful 3 bhk flat in khoraj, gandhinagar is situated in shivansh the grove, one of the popular residential society in gandhinagar. The flat is facing the east direction. The flat occupies a super built up area of 18454 sq.Ft. That consists of 3 bedrooms, 3 bathrooms and 1 balcony. This flat is situated on the 6th floor of this 14 floors tall residential building. As the project is alrea...",https://www.99acres.com/3-bhk-bedroom-apartment-flat-for-sale-in-shivansh-the-grove-khoraj-gandhinagar-1845-sqft-r4-spid-V84169524,3.0,3.0,1.0,6.0,14.0,unfurnished,Khoraj,East,New,1,False,False,True,apartment,0.0,0.0,4.243913332544247,3.0,3722.0
"2 BHK Flatin Sargasan, Gandhinagar","Sargasan, Gandhinagar",70.0,4861.0,1440.0,"This property faces the east direction. Containing 2 bedroom(s), 2 bathrooms and 1 balcony, this flat is spread over a super built up area of 1440 sq.Ft. The property is located on the 1st floor of a 11 floors tall building. This 1-5 years old property is available for immediate possession as the project is ready to move. The floor of this flat is beautifully designed using vitrified flooring, ...",https://www.99acres.com/2-bhk-bedroom-apartment-flat-for-sale-in-samved-dreams-sargasan-gandhinagar-1440-sqft-spid-I90933852,2.0,2.0,1.0,1.0,11.0,unfurnished,Sargasan,East,1-5 years,1,False,False,True,apartment,0.0,0.0,4.2626798770413155,2.0,4861.0
"2 BHK Flatin Raysan, Gandhinagar","Raysan, Gandhinagar",63.48,6968.0,911.0,"Constructed on a carpet area of 911 sq.Ft., the flat comprises 2 bedroom(s), 2 bathrooms and 1 balcony. This flat is situated on the 6th floor of this 10 floors tall residential building. As the project is already ready to move, so you can easily move into this property, modern structural design with earthquake-Resistant framework. Power backup, fire safety systems, lifts, and 247 water supply....",https://www.99acres.com/2-bhk-bedroom-apartment-flat-for-sale-in-raysan-gandhinagar-911-sqft-spid-J88880150,2.0,2.0,1.0,6.0,10.0,unfurnished,Raysan,,New,1,False,True,False,apartment,6.0,0.0,4.166355098198372,2.0,6968.0
"4 BHK Flatin Sargasan, Gandhinagar","Sargasan, Gandhinagar",150.0,8333.0,1800.0,,https://www.99acres.com/4-bhk-bedroom-apartment-flat-for-sale-in-sargasan-gandhinagar-1800-sqft-spid-V90993404,4.0,4.0,2.0,,,,Sargasan,,Unknown,1,False,True,False,apartment,,,5.017279836814924,4.0,8333.0
"2 BHK Flatin Sargasan, Gandhinagar","Sargasan, Gandhinagar",65.0,7369.0,882.0,"This is a north-East-Facing property. The flat occupies a super built up area of 882 sq.Ft. That consists of 2 bedrooms, 2 bathrooms and 1 balcony. This flat is situated on the 4th floor of this 5 floors tall residential building. This is a ready to move project and the property is 5-10 years old. The flat comes well built with granite flooring options. Many of the modern amenities being offere...",https://www.99acres.com/2-bhk-bedroom-apartment-flat-for-sale-in-shree-rang-nano-city-1-and-2-sargasan-gandhinagar-882-sqft-r1-spid-A88312918,2.0,2.0,1.0,4.0,5.0,semi-furnished,Sargasan,North-East,5-10 years,1,False,False,True,apartment,0.0,0.0,4.189654742026425,2.0,7370.0
"2 BHK Flatin Sargasan, Gandhinagar","Sargasan, Gandhinagar",65.0,4720.0,1377.0,"This residential flat is north-East-Facing direction. The floor plan additionally contains 2 bedroom(s), 2 bathrooms and 2 balconies. All in all, the flat is spread over a super built up area of 1377 sq.Ft. The residential building has 6 floors in total and the flat for sale is located on the 4th floor. This is a ready to move project and the property is 1-5 years old. The well built granite fl...",https://www.99acres.com/2-bhk-bedroom-apartment-flat-for-sale-in-devnandan-summit-sargasan-gandhinagar-1377-sqft-r1-spid-W88312898,2.0,2.0,2.0,4.0,6.0,unfurnished,Sargasan,North-East,1-5 years,1,False,False,True,apartment,0.0,0.0,4.189654742026425,2.0,4720.0
"3 BHK Flatin Kudasan, Gandhinagar","Kudasan, Gandhinagar",100.0,3968.0,2520.0,"This property faces the north-East direction. The floor plan additionally contains 3 bedroom(s), 3 bathrooms and 2 balconies. All in all, the flat is spread over a carpet area of 280 sq.Yards. The property is located on the 3rd floor of a 10 floors tall building. As the project is already ready to move, so you can easily move into this 1-5 years old property. The floor of this flat is beautiful...",https://www.99acres.com/3-bhk-bedroom-apartment-flat-for-sale-in-shreeji-kanam-residency-kudasan-gandhinagar-2520-sq-ft-spid-N89137323,3.0,3.0,2.0,3.0,10.0,unfurnished,Kudasan,North-East,1-5 years,1,False,True,False,apartment,0.0,0.0,4.61512051684126,3.0,3968.0
"3 BHK Flatin On Request, Gandhinagar","On Request, Gandhinagar",80.0,3703.0,2160.0,"Constructed on a super built up area of 2160 sq.Ft., the flat comprises 3 bedroom(s), 3 bathrooms and 2 balconies. The residential building has 9 floors in total and the flat for sale is located on the 8th floor. This 1-5 years old property is available for immediate possession as the project is ready to move. This property is in unused condition.",https://www.99acres.com/3-bhk-bedroom-apartment-flat-for-sale-in-gandhinagar-2160-sqft-spid-H88815804,3.0,3.0,2.0,8.0,9.0,unfurnished,Other,,1-5 years,1,False,False,True,apartment,0.0,0.0,4.394449154672439,3.0,3704.0
"2 BHK Flatin Sargasan, Gandhinagar","Sargasan, Gandhinagar",63.0,4730.0,1332.0,"Located in the rapidly developing residential hub of sargasan tp-09, gandhinagar, this spacious 2 bhk flat offers a balanced lifestyle of comfort and modern utility. Boasting a generous 148 sq. Yard super built-Up area, the property is designed to maximize natural light and airflow across its well-Planned layout. As a semi-Furnished unit, it typically comes equipped with essential woodwork, a m...",https://www.99acres.com/2-bhk-bedroom-apartment-flat-for-sale-in-psy-pramukh-horizon-sargasan-gandhinagar-1332-sqft-spid-H88675390,2.0,2.0,1.0,,,semi-furnished,Sargasan,,New,1,False,False,True,apartment,0.0,0.0,4.1588830833596715,2.0,4730.0
"3 BHK Flatin Sargasan, Gandhinagar","Sargasan, Gandhinagar",85.0,4148.0,2049.0,"This is a north-East-Facing property. The flat occupies a carpet area of 2049 sq.Ft. That consists of 3 bedrooms, 3 bathrooms and 2 balconies. The property is located on the 2nd floor of a 13 floors tall building. As the project is already ready to move, so you can easily move into this 1-5 years old property. The vitrified flooring of this flat is beautifully designed and helps to give it a pl...",https://www.99acres.com/3-bhk-bedroom-apartment-flat-for-sale-in-sargasan-gandhinagar-2049-sqft-spid-O88651598,3.0,3.0,2.0,2.0,13.0,unfurnished,Sargasan,North-East,1-5 years,1,False,True,False,apartment,0.0,0.0,4.454347296253507,3.0,4148.0
"3 BHK Flatin Sargasan, Gandhinagar","Sargasan, Gandhinagar",120.0,5128.0,2340.0,"This property faces the north-West direction. The flat occupies a carpet area of 260 sq.Yards that consists of 3 bedrooms, 3 bathrooms and 2 balconies. This flat is situated on the 3rd floor of this 8 floors tall residential building. Being a ready to move project, you can expect immediate possession of this 1-5 years old property. The floor of this flat is beautifully designed using vitrified ...",https://www.99acres.com/3-bhk-bedroom-apartment-flat-for-sale-in-sargasan-gandhinagar-2340-sqft-spid-C88651112,3.0,3.0,2.0,3.0,8.0,unfurnished,Sargasan,North-West,1-5 years,1,False,True,False,apartment,0.0,0.0,4.795790545596741,3.0,5128.0
"3 BHK Flatin Sargasan, Gandhinagar","Sargasan, Gandhinagar",110.0,4948.0,2223.0,"This is a north-East-Facing property. Containing 3 bedroom(s), 3 bathrooms and 2 balconies, this flat is spread over a carpet area of 247 sq.Yards. The property is located on the 3rd floor of a 7 floors tall building. This 1-5 years old property is available for immediate possession as the project is ready to move. The floor of this flat is beautifully designed using vitrified flooring, giving ...",https://www.99acres.com/3-bhk-bedroom-apartment-flat-for-sale-in-sargasan-gandhinagar-2223-sqft-spid-J88650900,3.0,3.0,2.0,3.0,7.0,unfurnished,Sargasan,North-East,1-5 years,1,False,True,False,apartment,0.0,0.0,4.709530201312334,3.0,4948.0
"3 BHK Flatin Kudasan, Gandhinagar","Kudasan, Gandhinagar",82.0,4924.0,1665.0,"This 3 bhk flat is located in pramukh tiara, which houses some of the most spacious flats in kudasan, gandhinagar. The flat is facing the east direction. The floor plan additionally contains 3 bedroom(s), 3 bathrooms and 1 balcony. All in all, the flat is spread over a super built up area of 1665 sq.Ft. The residential building has 9 floors in total and the flat for sale is located on the top f...",https://www.99acres.com/3-bhk-bedroom-apartment-flat-for-sale-in-pramukh-tiara-kudasan-gandhinagar-1665-sqft-spid-Z87222004,3.0,3.0,1.0,,9.0,unfurnished,Kudasan,East,New,1,False,False,True,apartment,0.0,0.0,4.418840607796598,3.0,4925.0
"3 BHK Flatin Sargasan, Gandhinagar","Sargasan, Gandhinagar",110.0,4989.0,2205.0,"The satvam parklane flat occupies a super built up area of 245 sq.Yards that consists of 3 bedrooms, 3 bathrooms and 1 balcony. This flat is situated on the 3rd floor of this 9 floors tall residential building. Being a ready to move project, you can expect immediate possession of this 3 years old property.",https://www.99acres.com/3-bhk-bedroom-apartment-flat-for-sale-in-sargasan-gandhinagar-2205-sqft-r1-spid-A89627198,3.0,3.0,1.0,3.0,9.0,,Sargasan,,Unknown,1,False,False,True,apartment,0.0,0.0,4.709530201312334,3.0,4989.0
"3 BHK Flatin Sargasan, Gandhinagar","Sargasan, Gandhinagar",110.0,5606.0,1962.0,"The callasto saphire flat occupies a super built up area of 218 sq.Yards that consists of 3 bedrooms, 3 bathrooms and 2 balconies. The flat has a total of 13 floors and this property is situated on 6th floor. Being a ready to move project, you can expect immediate possession of this 6 months old property. The flat will offer a modern lifestyle as it is presented with many of the amenities such ...",https://www.99acres.com/3-bhk-bedroom-apartment-flat-for-sale-in-sargasan-gandhinagar-1962-sqft-r1-spid-D89512610,3.0,3.0,2.0,6.0,13.0,,Sargasan,,Unknown,1,False,False,True,apartment,0.0,0.0,4.709530201312334,3.0,5607.0
"2 BHK Flatin Gift City, Gandhinagar","Gift City, Gandhinagar",150.0,23810.0,630.0,"The flat is west-Facing. The flat is over 630 sq.Ft. Carpet area and comes with 2 bedroom(s), 2 bathrooms and 2 balconies. The flat has a total of 33 floors and this property is situated on 22nd floor. Being a ready to move project, you can expect immediate possession of this 1-5 years old property. The beautifully designed vitrified flooring enhances the beauty of the flat. This residential pr...",https://www.99acres.com/2-bhk-bedroom-apartment-flat-for-sale-in-sobha-dream-heights-gift-city-gandhinagar-630-sqft-spid-W90864606,2.0,2.0,2.0,22.0,33.0,unfurnished,Gift City,West,1-5 years,1,False,True,False,apartment,0.0,0.0,5.017279836814924,2.0,23810.0
"2 BHK Flatin Sargasan, Gandhinagar","Sargasan, Gandhinagar",62.0,5028.0,1233.0,"The suyash crystal floor plan additionally contains 2 bedroom(s), 2 bathrooms and 2 balconies. All in all, the flat is spread over a super built up area of 137 sq.Yards. This flat lies on the 1st level of a 4 storey building. This is a ready to move project and the property is 7 years old.",https://www.99acres.com/2-bhk-bedroom-apartment-flat-for-sale-in-sargasan-gandhinagar-1233-sqft-r1-spid-Q89103603,2.0,2.0,2.0,1.0,4.0,,Sargasan,,Unknown,1,False,False,True,apartment,0.0,0.0,4.143134726391533,2.0,5028.0
"2 BHK Flatin Sargasan, Gandhinagar","Sargasan, Gandhinagar",52.0,4622.0,1125.0,"The pramukh oasis flat occupies a super built up area of 125 sq.Yards that consists of 2 bedrooms, 2 bathrooms and 2 balconies. This flat is situated on the 4th floor of this 5 floors tall residential building. This is a ready to move project and the property is 8 years old.",https://www.99acres.com/2-bhk-bedroom-apartment-flat-for-sale-in-psy-pramukh-oasis-sargasan-gandhinagar-1125-sqft-r1-spid-V89043194,2.0,2.0,2.0,4.0,5.0,,Sargasan,,Unknown,1,False,False,True,apartment,0.0,0.0,3.970291913552122,2.0,4622.0
"3 BHK Flatin Sargasan, Gandhinagar","Sargasan, Gandhinagar",85.0,4918.0,1728.0,"This fully furnished 3bhk apartment is available for sale in the peaceful and green surroundings of sargasan, gandhinagar. The property is newly constructed and well maintained, offering a spacious and thoughtfully designed layout that is perfect for families or working professionals. Each bedroom comes with a single bed and newly installed cupboards, ensuring comfort and ample storage space. T...",https://www.99acres.com/3-bhk-bedroom-apartment-flat-for-sale-in-devnandan-summit-sargasan-gandhinagar-1728-sqft-r5-spid-N83703408,3.0,3.0,1.0,,,furnished,Sargasan,,New,1,False,True,False,apartment,0.0,0.0,4.454347296253507,3.0,4919.0
"3 BHK Flatin Kudasan, Gandhinagar","Kudasan, Gandhinagar",115.0,4245.0,2709.0,"This 3 bhk flat is located in samved the statly, which houses some of the most spacious flats in kudasan, gandhinagar. This property faces the east direction. The flat occupies a super built up area of 2709 sq.Ft. That consists of 3 bedrooms, 3 bathrooms and 1 balcony. The residential building has 13 floors in total and the flat for sale is located on the 7th floor. As the property is currently...",https://www.99acres.com/3-bhk-bedroom-apartment-flat-for-sale-in-kudasan-gandhinagar-2709-sqft-r2-spid-S83727236,3.0,3.0,1.0,7.0,13.0,unfurnished,Kudasan,East,New,0,False,False,True,apartment,0.0,0.0,4.7535901911063645,3.0,4245.0
"2 BHK Flatin Randesan, Gandhinagar","Randesan, Gandhinagar",75.0,10033.0,747.0,"The flat occupies a carpet area of 69 sq.M. That consists of 2 bedrooms, 2 bathrooms and 1 balcony. This flat lies on the 3rd level of a 13 storey building. This 1-5 years old property is available for immediate possession as the project is ready to move. The society is well equipped with many modern amenities, including fitness centre / gym, club house, park, shopping centre and lift(s). Near ...",https://www.99acres.com/2-bhk-bedroom-apartment-flat-for-sale-in-maruti-pratishtha-heights-randesan-gandhinagar-748-sqft-spid-P88723478,2.0,2.0,1.0,3.0,13.0,,Randesan,,1-5 years,1,False,True,False,apartment,9.0,10.0,4.330733340286331,2.0,10040.0
"2 BHK Flatin Sargasan, Gandhinagar","Sargasan, Gandhinagar",52.0,4344.0,1197.0,"Check out this 2 bhk apartment for sale in swagat afford, a popular residential project that houses in-Demand flats in sargasan, gandhinagar. The flat is east-Facing. Constructed on a super built up area of 1197 sq.Ft., the flat comprises 2 bedroom(s), 2 bathrooms and 1 balcony. This flat lies on the 2nd level of a 5 storey building. An added advantage of this 5-10 years old flat is that it is ...",https://www.99acres.com/2-bhk-bedroom-apartment-flat-for-sale-in-swagat-afford-sargasan-gandhinagar-1197-sqft-spid-A87498472,2.0,2.0,1.0,2.0,5.0,unfurnished,Sargasan,East,5-10 years,1,False,False,True,apartment,0.0,0.0,3.970291913552122,2.0,4344.0
"3 BHK Flatin Gift City, Gandhinagar","Gift City, Gandhinagar",220.00000000000003,11127.0,1977.0,"A premium residential project by sobha limited offering 3-4 bhk apartments and duplex spread across 2.65 acres, the two 35-Story towers feature 572 units designed with modern, international standards. The project is rera registered and scheduled for possession in december 2030",https://www.99acres.com/3-bhk-bedroom-apartment-flat-for-sale-in-sobha-elysia-gift-city-gandhinagar-1977-sqft-spid-H90939168,3.0,3.0,2.0,15.0,35.0,,Gift City,,New,0,False,False,True,apartment,0.0,0.0,5.398162701517753,3.0,11128.0
"3 BHK Flatin Sargasan, Gandhinagar","Sargasan, Gandhinagar",100.0,4040.0,2475.0,"This 3 bhk flat is located in polaris casarica, which houses some of the most spacious flats in sargasan, gandhinagar. The flat is east-Facing. The flat is over 275 sq.Yards super built up area and comes with 3 bedroom(s), 3 bathrooms and 2 balconies. The flat has a total of 13 floors and this property is situated on 6th floor. Moreover, the flat is currently under construction and possession i...",https://www.99acres.com/3-bhk-bedroom-apartment-flat-for-sale-in-polaris-casarica-sargasan-gandhinagar-2475-sqft-r2-spid-N87443744,3.0,3.0,2.0,6.0,13.0,,Sargasan,East,New,0,False,False,True,apartment,2.0,0.0,4.61512051684126,3.0,4040.0
"2 BHK Flatin Sargasan, Gandhinagar","Sargasan, Gandhinagar",66.0,3666.0,1800.0,"Located in the popular residential address of sargasan, gandhinagar, aaryaan by hari group is one of the most preferred destination for apartments in gandhinagar. This 2 bhk flat is your ticket to be a part of this community. The floor plan additionally contains 2 bedroom(s), 2 bathrooms and 1 balcony. All in all, the flat is spread over a super built up area of 1800 sq.Ft. This flat is situate...",https://www.99acres.com/2-bhk-bedroom-apartment-flat-for-sale-in-aaryaan-by-hari-group-sargasan-gandhinagar-1800-sqft-r1-spid-M86607580,2.0,2.0,1.0,,,,Sargasan,,New,0,False,False,True,apartment,0.0,0.0,4.204692619390966,2.0,3667.0
"3 BHK Flatin Kudasan, Gandhinagar","Kudasan, Gandhinagar",100.0,8230.0,1215.0,"Available 3bhk for sale in prime location at kudasan near to reliance cross road, road facing flat with 2 balcony and and purely ventilated property . 5 min walk distance available markets, hospital, school, malls and more.",https://www.99acres.com/3-bhk-bedroom-apartment-flat-for-sale-in-pramukh-tiara-kudasan-gandhinagar-1215-sqft-spid-G89898230,3.0,3.0,2.0,,,,Kudasan,Other,New,1,False,True,False,apartment,0.0,5.0,4.61512051684126,3.0,8230.0
"3 BHK Flatin Koba, Gandhinagar","Koba, Gandhinagar",100.0,9107.0,1098.0,"Available 3bhk for sell prime location near gnlu metro station , only 80 units and 2 block. New society. Sale with fully furnished property.",https://www.99acres.com/3-bhk-bedroom-apartment-flat-for-sale-in-somnath-devasya-gold-koba-gandhinagar-1098-sqft-spid-Z89897950,3.0,3.0,1.0,,,furnished,Koba,,New,1,False,True,False,apartment,0.0,3.0,4.61512051684126,3.0,9107.0
"4 BHK Flatin Sargasan, Gandhinagar","Sargasan, Gandhinagar",90.0,6000.0,1500.0,"Situated in sargasan, gandhinagar, vihaan sarthak era is a well planned society that offers a pleasant living experience to its residents. This 4 bhk flat in gandhinagar is your opportunity to be a part of this community. This is a east-Facing property. The floor plan additionally contains 4 bedroom(s), 4 bathrooms and 2 balconies. All in all, the flat is spread over a carpet area of 1500 sq.Ft...",https://www.99acres.com/4-bhk-bedroom-apartment-flat-for-sale-in-vihaan-sarthak-era-sargasan-gandhinagar-1500-sqft-spid-I87426214,4.0,4.0,2.0,,,,Sargasan,East,New,1,False,True,False,apartment,0.0,0.0,4.51085950651685,4.0,6000.0
"3 BHK Flatin Sargasan, Gandhinagar","Sargasan, Gandhinagar",100.0,4332.0,2308.0,Very beautiful society and new construction and main road society and near to sg highway,https://www.99acres.com/3-bhk-bedroom-apartment-flat-for-sale-in-savla-palasa-sargasan-gandhinagar-2308-sqft-spid-G90481948,3.0,3.0,1.0,,,,Sargasan,,Unknown,0,False,True,False,apartment,0.0,3.0,4.61512051684126,3.0,4333.0
"4 BHK Flatin Sargasan, Gandhinagar","Sargasan, Gandhinagar",130.0,3903.0,3330.0,"The flat is north-East-Facing. Containing 4 bedroom(s), 4 bathrooms and more than 3 balconies, this flat is spread over a super built up area of 3330 sq.Ft. The flat has a total of 13 floors and this property is situated on 2nd floor. As the property is currently under construction , you can expect to get the possession by december 2027. The well built vitrified flooring enhances the aesthetic ...",https://www.99acres.com/4-bhk-bedroom-apartment-flat-for-sale-in-sargasan-gandhinagar-3330-sqft-spid-C90423492,4.0,4.0,3.0,2.0,13.0,,Sargasan,North-East,New,0,False,False,True,apartment,0.0,0.0,4.875197323201151,4.0,3904.0
"3 BHK Flatin Kudasan, Gandhinagar","Kudasan, Gandhinagar",91.88,4166.0,2205.0,"This property faces the east direction. The flat is over 2205 sq.Ft. Super built up area and comes with 3 bedroom(s), 3 bathrooms and 1 balcony. This flat is situated on the 11th floor of this 13 floors tall residential building. The flat is currently under construction stage and you can expect to get the possession of the property by april 2027. The vitrified flooring of this flat is beautiful...",https://www.99acres.com/3-bhk-bedroom-apartment-flat-for-sale-in-vision-ventilla-kudasan-gandhinagar-2205-sqft-spid-O91002644,3.0,3.0,1.0,11.0,13.0,,Kudasan,East,New,0,False,False,True,apartment,0.0,0.0,4.531308337389636,3.0,4167.0
"3 BHK Flatin Kudasan, Gandhinagar","Kudasan, Gandhinagar",105.0,4166.0,2529.0,"This is a east-Facing property. Constructed on a super built up area of 2529 sq.Ft., the flat comprises 3 bedroom(s), 3 bathrooms and 1 balcony. The residential building has 13 floors in total and the flat for sale is located on the 7th floor. The flat is currently under construction stage and you can expect to get the possession of the property by april 2027. The flat comes well built with vit...",https://www.99acres.com/3-bhk-bedroom-apartment-flat-for-sale-in-vision-ventilla-kudasan-gandhinagar-2529-sqft-spid-U91001476,3.0,3.0,1.0,7.0,13.0,unfurnished,Kudasan,East,New,0,False,False,True,apartment,2.0,0.0,4.663439094112067,3.0,4152.0
"2 BHK Flatin Gift City, Gandhinagar","Gift City, Gandhinagar",135.0,18096.0,746.0,It is preleased apartment with 40000 rental income for 3years in gift city. Call for details,https://www.99acres.com/2-bhk-bedroom-apartment-flat-for-sale-in-gift-city-gandhinagar-746-sq-ft-r6-spid-P79049563,2.0,2.0,1.0,,,,Gift City,,Unknown,1,False,True,False,apartment,0.0,0.0,4.912654885736052,2.0,18097.0
"3 BHK Flatin Sargasan, Gandhinagar","Sargasan, Gandhinagar",84.0,4531.0,1854.0,"This property faces the east direction. Constructed on a carpet area of 206 sq.Yards, the flat comprises 3 bedroom(s), 3 bathrooms and 1 balcony. The residential building has 10 floors in total and the flat for sale is located on the 2nd floor. As the project is already ready to move, so you can easily move into this 0-1 year old property. The floor of this flat is beautifully designed using vi...",https://www.99acres.com/3-bhk-bedroom-apartment-flat-for-sale-in-samved-greenvalley-sargasan-gandhinagar-1854-sqft-spid-E90582700,3.0,3.0,1.0,2.0,10.0,unfurnished,Sargasan,East,New,1,False,True,False,apartment,0.0,0.0,4.442651256490317,3.0,4531.0
"2 BHK Flatin Raysan, Gandhinagar","Raysan, Gandhinagar",80.0,4629.0,1728.0,"This is a east-Facing property. The flat occupies a super built up area of 1728 sq.Ft. That consists of 2 bedrooms, 2 bathrooms and 2 balconies. The property is located on the 5th floor of a 8 floors tall building. An added advantage of this 0-1 year old flat is that it is available for immediate possession as the project is already ready to move. The floor of this flat is beautifully designed ...",https://www.99acres.com/2-bhk-bedroom-apartment-flat-for-sale-in-vinayak-courtyard-raysan-gandhinagar-1728-sqft-spid-H90313680,2.0,2.0,2.0,5.0,8.0,unfurnished,Raysan,East,New,1,False,False,True,apartment,0.0,0.0,4.394449154672439,2.0,4630.0
"2 BHK Flatin Kudasan, Gandhinagar","Kudasan, Gandhinagar",56.0,4444.0,1260.0,"Looking for a 2 bhk property for sale in gandhinagar? Buy this 2 bhk flat in psy pramukh exotica that is situated in kudasan, gandhinagar. The flat is east-Facing. Constructed on a super built up area of 140 sq.Yards, the flat comprises 2 bedroom(s), 2 bathrooms and 1 balcony. This flat is situated on the 4th floor of this 5 floors tall residential building. An added advantage of this 5-10 year...",https://www.99acres.com/2-bhk-bedroom-apartment-flat-for-sale-in-psy-pramukh-exotica-kudasan-gandhinagar-1260-sqft-spid-N87355954,2.0,2.0,1.0,4.0,5.0,unfurnished,Kudasan,East,5-10 years,1,False,False,True,apartment,0.0,0.0,4.04305126783455,2.0,4444.0
"3 BHK Flatin Raysan, Gandhinagar","Raysan, Gandhinagar",99.0,4263.0,2322.0,"Check out this 3 bhk apartment for sale in saral skyline, a popular residential project that houses in-Demand flats in raysan, gandhinagar. The flat is facing the east direction. Containing 3 bedroom(s), 3 bathrooms and 3 balconies, this flat is spread over a carpet area of 2322 sq.Ft. This flat lies on the 8th level of a 11 storey building. This is a ready to move project and the property is 1...",https://www.99acres.com/3-bhk-bedroom-apartment-flat-for-sale-in-saral-skyline-raysan-gandhinagar-2322-sqft-r1-spid-J79563595,3.0,3.0,3.0,8.0,11.0,unfurnished,Raysan,East,Unknown,1,False,True,False,apartment,0.0,0.0,4.605170185988092,3.0,4264.0
"2 BHK Flatin Randesan, Gandhinagar","Randesan, Gandhinagar",75.0,4980.0,1506.0,2bhk fully furnished flat for sell golden opportunity for inverter 30000 rent running,https://www.99acres.com/2-bhk-bedroom-apartment-flat-for-sale-in-randesan-gandhinagar-1506-sq-ft-spid-T90097104,2.0,2.0,1.0,,,furnished,Randesan,,New,1,False,True,False,apartment,0.0,0.0,4.330733340286331,2.0,4980.0
"2 BHK Flatin Sargasan, Gandhinagar","Sargasan, Gandhinagar",58.0,4774.0,1215.0,"The flat is east-Facing. The flat occupies a super built up area of 135 sq.Yards that consists of 2 bedrooms, 2 bathrooms and 1 balcony. The property is located on the 4th floor of a 5 floors tall building. This is a ready to move project and the property is 10+ years old. The flat comes well built with vitrified flooring options. This residential property is situated near close to school, clos...",https://www.99acres.com/2-bhk-bedroom-apartment-flat-for-sale-in-saundarya-444-sargasan-gandhinagar-1215-sqft-spid-J90993784,2.0,2.0,1.0,4.0,5.0,semi-furnished,Sargasan,East,10-20 years,1,False,False,True,apartment,0.0,1.0,4.07753744390572,2.0,4774.0
"2 BHK Flatin Kudasan, Gandhinagar","Kudasan, Gandhinagar",62.0,4125.0,1503.0,"Constructed on a super built-Up area of 1503 sq. Ft., the flat comprises 2 bedrooms, 2 bathrooms, and 1 balcony. It is available on the 10th to 13th floors of a 13-Storey residential building. This under-Construction property will be ready for possession in approximately 2 months. The flat is designed to offer a modern lifestyle with amenities such as a fitness centre / gym, clubhouse, cctv sur...",https://www.99acres.com/2-bhk-bedroom-apartment-flat-for-sale-in-labh-vardhan-kudasan-gandhinagar-1503-sqft-r1-spid-M88917818,2.0,2.0,1.0,10.0,13.0,,Kudasan,,Unknown,0,False,False,True,apartment,5.0,0.0,4.143134726391533,2.0,4125.0
"1 BHK Flatin Vavol, Gandhinagar","Vavol, Gandhinagar",32.0,3704.0,864.0,"This lovely 1 bhk apartment/flat in vavol is available for sale in one of gandhinagar's most popular projects, shreeji homes. This property faces the east direction. Constructed on a super built up area of 96 sq.Yards, the flat comprises 1 bedroom(s), 1 bathroom . The residential building has 5 floors in total and the flat for sale is located on the 2nd floor. An added advantage of this 5-10 ye...",https://www.99acres.com/1-bhk-bedroom-apartment-flat-for-sale-in-vavol-gandhinagar-864-sqft-spid-O87234222,1.0,1.0,1.0,2.0,5.0,unfurnished,Vavol,East,5-10 years,1,False,False,True,apartment,0.0,0.0,3.4965075614664802,1.0,3704.0
"2 BHK Flatin Vavol, Gandhinagar","Vavol, Gandhinagar",40.0,3704.0,1080.0,"This 2 bhk apartment is available for sale in shri suraj residency, one of the most prominent projects for flats in vavol, gandhinagar. The flat is facing the east direction. The flat occupies a super built up area of 120 sq.Yards that consists of 2 bedrooms, 2 bathrooms and 1 balcony. This flat is situated on the top floor of this 7 floors tall residential building. An added advantage of this ...",https://www.99acres.com/2-bhk-bedroom-apartment-flat-for-sale-in-shri-suraj-residency-vavol-gandhinagar-1080-sqft-spid-N87227144,2.0,2.0,1.0,,7.0,unfurnished,Vavol,East,New,1,False,False,True,apartment,0.0,0.0,3.713572066704308,2.0,3704.0
"3 BHK Flatin Koba, Gandhinagar","Koba, Gandhinagar",86.0,5058.0,1700.0,"This beautiful 3 bhk flat in koba, gandhinagar is situated in surya suyash status, one of the popular residential society in gandhinagar. This property faces the east direction. Constructed on a super built up area of 1700 sq.Ft., the flat comprises 3 bedroom(s), 3 bathrooms and 1 balcony. The flat has a total of 5 floors and this property is situated on 4th floor. Being a ready to move project...",https://www.99acres.com/3-bhk-bedroom-apartment-flat-for-sale-in-surya-suyash-status-koba-gandhinagar-1700-sqft-spid-A87226624,3.0,3.0,1.0,4.0,5.0,unfurnished,Koba,East,New,1,False,False,True,apartment,0.0,0.0,4.465908118654584,3.0,5059.0
"2 BHK Flatin Sargasan, Gandhinagar","Sargasan, Gandhinagar",65.0,9462.0,686.0,"Shikshapatri sky park is one of gandhinagar's most sought after destination for apartments and this 2 bhk flat in sargasan is your opportunity to be a part of this community. This property faces the east direction. Constructed on a carpet area of 64 sq.M., the flat comprises 2 bedroom(s), 2 bathrooms and 1 balcony. The residential building has 12 floors in total and the flat for sale is located...",https://www.99acres.com/2-bhk-bedroom-apartment-flat-for-sale-in-shikshapatri-sky-park-sargasan-gandhinagar-687-sqft-spid-F87222460,2.0,2.0,1.0,,12.0,unfurnished,Sargasan,East,New,1,False,True,False,apartment,0.0,0.0,4.189654742026425,2.0,9475.0
"2 BHK Flatin Gift City, Gandhinagar","Gift City, Gandhinagar",140.0,18000.0,777.0,"Located in the popular residential address of gift city, gandhinagar, sangath ipl smart life is one of the most preferred destination for apartments in gandhinagar. This 2 bhk flat is your ticket to be a part of this community. The flat is north-Facing. The flat is over 777 sq.Ft. Carpet area and comes with 2 bedroom(s), 2 bathrooms and 1 balcony. The residential building has 24 floors in total...",https://www.99acres.com/2-bhk-bedroom-apartment-flat-for-sale-in-sangath-ipl-smart-life-gift-city-gandhinagar-777-sqft-r1-spid-D87583548,2.0,2.0,1.0,,24.0,unfurnished,Gift City,North,New,1,False,False,False,apartment,0.0,0.0,4.948759890378168,2.0,18018.0
"2 BHK Flatin Vavol, Gandhinagar","Vavol, Gandhinagar",50.0,3805.0,1314.0,"The jay visat mangalya flat occupies a super built up area of 146 sq.Yards that consists of 2 bedrooms, 2 bathrooms and 1 balcony. The flat has a total of 7 floors and this property is situated on 6th floor. Being a ready to move project, you can expect immediate possession of this 10 months old property. Na/noc available.",https://www.99acres.com/2-bhk-bedroom-apartment-flat-for-sale-in-vavol-gandhinagar-1314-sqft-spid-K91192158,2.0,2.0,1.0,6.0,7.0,,Vavol,,Unknown,1,False,False,True,apartment,0.0,0.0,3.9318256327243257,2.0,3805.0
"2 BHK Flatin Randesan, Gandhinagar","Randesan, Gandhinagar",45.0,3086.0,1458.0,"The vedika happy valley flat is over 162 sq.Yards super built up area and comes with 2 bedrooms, 2 bathrooms and 1 balcony. The residential building has 5 floors in total and the flat for sale is located on the 4th floor. This 8 years old property is available for immediate possession as the project is ready to move. Na/noc available.",https://www.99acres.com/2-bhk-bedroom-apartment-flat-for-sale-in-randesan-gandhinagar-1458-sqft-spid-R91189180,2.0,2.0,1.0,4.0,5.0,,Randesan,,Unknown,1,False,False,True,apartment,0.0,0.0,3.828641396489095,2.0,3086.0
"1 BHK Flatin Sargasan, Gandhinagar","Sargasan, Gandhinagar",35.0,4593.0,762.0,"1. Strategic location & connectivity. Proximity to essentials: The project is well-Positioned near essential services, including reputed schools .Access: It offers good connectivity to major parts of gandhinagar, making it convenient for professionals and families who rely on local transit or commuting to nearby commercial hubs. Convenience: Being situated in a developed sector, residents have ...",https://www.99acres.com/1-bhk-bedroom-apartment-flat-for-sale-in-sthapan-2-sargasan-gandhinagar-762-sq-ft-spid-T90847696,1.0,1.0,1.0,,,,Sargasan,,Unknown,1,False,False,True,apartment,0.0,1.0,3.58351893845611,1.0,4593.0
"3 BHK Flatin Raysan, Gandhinagar","Raysan, Gandhinagar",80.0,4678.0,1710.0,"This property faces the east direction. The floor plan additionally contains 3 bedroom(s), 3 bathrooms and 1 balcony. All in all, the flat is spread over a super built up area of 190 sq.Yards. The residential building has 10 floors in total and the flat for sale is located on the 7th floor. An added advantage of this 0-1 year old flat is that it is available for immediate possession as the proj...",https://www.99acres.com/3-bhk-bedroom-apartment-flat-for-sale-in-bhavya-devanshi-prime-raysan-gandhinagar-1710-sqft-spid-K90841990,3.0,3.0,1.0,7.0,10.0,unfurnished,Raysan,East,New,1,False,False,True,apartment,0.0,0.0,4.394449154672439,3.0,4678.0
"2 BHK Flatin Sargasan, Gandhinagar","Sargasan, Gandhinagar",47.0,4881.0,963.0,"The flat is facing the south direction. Constructed on a super built up area of 107 sq.Yards, the flat comprises 2 bedroom(s), 2 bathrooms and 1 balcony. The property is located on the 3rd floor of a 8 floors tall building. This 5-10 years old property is available for immediate possession as the project is ready to move. The well built vitrified flooring enhances the aesthetic appeal of this f...",https://www.99acres.com/2-bhk-bedroom-apartment-flat-for-sale-in-sargasan-gandhinagar-963-sqft-r1-spid-U88739814,2.0,2.0,1.0,3.0,8.0,unfurnished,Sargasan,South,5-10 years,1,False,False,True,apartment,0.0,0.0,3.871201010907891,2.0,4881.0
"1 BHK Flatin Pethapur, Gandhinagar","Pethapur, Gandhinagar",29.0,8430.0,344.0,"The viraj apartment additionally contains 1 bedroom(s), 1 bathroom . All in all, the flat is spread over a super built up area of 344 sq.Ft. This flat is situated on the top floor of this 5 floors tall residential building. This 10 years old property is available for immediate possession as the project is ready to move.",https://www.99acres.com/1-bhk-bedroom-apartment-flat-for-sale-in-pethapur-gandhinagar-344-sqft-r1-spid-M89245679,1.0,1.0,1.0,,5.0,,Pethapur,,10-20 years,1,False,False,True,apartment,0.0,0.0,3.4011973816621555,1.0,8430.0
"2 BHK Flatin Randesan, Gandhinagar","Randesan, Gandhinagar",60.0,4535.0,1323.0,"The flat is facing the east direction. The floor plan additionally contains 2 bedroom(s), 2 bathrooms and 1 balcony. All in all, the flat is spread over a super built up area of 147 sq.Yards. The property is located on the 5th floor of a 7 floors tall building. This is a ready to move project and the property is 0-1 year old. The beautifully designed vitrified flooring enhances the beauty of th...",https://www.99acres.com/2-bhk-bedroom-apartment-flat-for-sale-in-royal-riviera-randesan-gandhinagar-1323-sqft-spid-M90712562,2.0,2.0,1.0,5.0,7.0,unfurnished,Randesan,East,New,1,False,False,True,apartment,0.0,0.0,4.110873864173311,2.0,4535.0
"3 BHK Flatin Sargasan, Gandhinagar","Sargasan, Gandhinagar",80.0,4535.0,1764.0,"This residential flat is east-Facing direction. The flat occupies a super built up area of 196 sq.Yards that consists of 3 bedrooms, 3 bathrooms and 1 balcony. This flat is situated on the 1st floor of this 5 floors tall residential building. As the project is already ready to move, so you can easily move into this 5-10 years old property. The floor of this flat is beautifully designed using vi...",https://www.99acres.com/3-bhk-bedroom-apartment-flat-for-sale-in-b-and-m-divya-sanskar-city-sargasan-gandhinagar-1764-sqft-spid-B90704626,3.0,3.0,1.0,1.0,5.0,unfurnished,Sargasan,East,5-10 years,1,False,False,True,apartment,0.0,0.0,4.394449154672439,3.0,4535.0
"2 BHK Flatin Randesan, Gandhinagar","Randesan, Gandhinagar",60.0,4597.0,1305.0,"This 2 bhk apartment is available for sale in shree rang oasis, one of the most prominent projects for flats in randesan, gandhinagar. The flat is over 1305 sq.Ft. Super built up area and comes with 2 bedroom(s), 2 bathrooms and 1 balcony. This flat lies on the 2nd level of a 6 storey building. This is a ready to move project and the property is 5-10 years old. The flat will offer a modern life...",https://www.99acres.com/2-bhk-bedroom-apartment-flat-for-sale-in-shree-rang-oasis-randesan-gandhinagar-1305-sq-ft-r1-spid-I86656250,2.0,2.0,1.0,2.0,6.0,,Randesan,,5-10 years,1,False,False,True,apartment,0.0,0.0,4.110873864173311,2.0,4598.0
"3 BHK Flatin Sargasan, Gandhinagar","Sargasan, Gandhinagar",80.0,4315.0,1854.0,"This residential flat is east-Facing direction. The flat occupies a super built up area of 206 sq.Yards that consists of 3 bedrooms, 3 bathrooms and 2 balconies. This flat lies on the 9th level of a 13 storey building. This 0-1 year old property is available for immediate possession as the project is ready to move. The vitrified flooring of this flat is beautifully designed and helps to give it...",https://www.99acres.com/3-bhk-bedroom-apartment-flat-for-sale-in-sargasan-gandhinagar-1854-sqft-spid-N89864004,3.0,3.0,2.0,9.0,13.0,unfurnished,Sargasan,East,New,1,False,False,True,apartment,0.0,0.0,4.394449154672439,3.0,4315.0
"3 BHK Flatin Sargasan, Gandhinagar","Sargasan, Gandhinagar",75.0,9259.0,1800.0,"Containing 3 bedroom(s), 3 bathrooms and 3 balconies, this flat is spread over a super built up area of 200 sq.Yards. The property is located on the 1st floor of a 14 floors tall building. This residential flat is currently under construction and you can expect the possession of the same within 6 months.",https://www.99acres.com/3-bhk-bedroom-apartment-flat-for-sale-in-sargasan-gandhinagar-1800-sqft-spid-K89786550,3.0,3.0,3.0,1.0,14.0,,Sargasan,,New,0,False,False,True,apartment,0.0,0.0,4.330733340286331,3.0,4167.0
"3 BHK Flatin Kudasan, Gandhinagar","Kudasan, Gandhinagar",155.0,4338.0,3573.0,"This is a east-Facing property. Constructed on a built up area of 397 sq.Yards, the flat comprises 4 bedroom(s), 4 bathrooms and 3 balconies. The residential building has 21 floors in total and the flat for sale is located on the lower ground floor. Moreover, the flat is currently under construction and possession is expected by january 2029. The well built vitrified flooring enhances the aesth...",https://www.99acres.com/3-bhk-bedroom-apartment-flat-for-sale-in-kudasan-gandhinagar-3573-sqft-spid-H89792252,4.0,4.0,3.0,-1.0,21.0,,Kudasan,East,New,0,True,False,False,apartment,-1.0,0.0,5.049856007249537,3.0,4338.0
"2 BHK Flatin Dahegam, Gandhinagar","Dahegam, Gandhinagar",35.0,3240.0,1080.0,"This 2 bhk apartment is available for sale in sanidhya residency, one of the most prominent projects for flats in dahegam, gandhinagar. This property faces the west direction. The flat is over 1080 sq.Ft. Super built up area and comes with 2 bedroom(s), 2 bathrooms and 2 balconies. The residential building has 5 floors in total and the flat for sale is located on the top floor. This is a ready ...",https://www.99acres.com/2-bhk-bedroom-apartment-flat-for-sale-in-dhegam-gandhinagar-1080-sqft-r5-spid-Q84417804,2.0,2.0,2.0,,5.0,unfurnished,Dahegam,West,New,1,False,False,True,apartment,0.0,0.0,3.58351893845611,2.0,3241.0
"3 BHK Flatin Sargasan, Gandhinagar","Sargasan, Gandhinagar",118.0,4750.0,2484.0,,https://www.99acres.com/3-bhk-bedroom-apartment-flat-for-sale-in-atmos-by-solaire-sargasan-gandhinagar-2484-sqft-spid-K90063896,3.0,3.0,1.0,,,,Sargasan,,Unknown,1,False,True,False,apartment,,,4.77912349311153,3.0,4750.0
"3 BHK Flatin Sargasan, Gandhinagar","Sargasan, Gandhinagar",121.0,4664.431003601674,2594.0998999999997,"Near sg highway, prime location , educated locality, near mall, school , temple, garden, natural enviornment",https://www.99acres.com/3-bhk-bedroom-apartment-flat-for-sale-in-samved-greenvalley-sargasan-gandhinagar-241-sqft-spid-F90061712,3.0,3.0,1.0,,,,Sargasan,,Unknown,1,False,False,True,apartment,0.0,6.0,4.804021044733257,3.0,4664.0
"3 BHK Flatin Gift City, Gandhinagar","Gift City, Gandhinagar",229.0,8500.0,2695.0,Gift city sez zone Value for money deal Higher floor inventory,https://www.99acres.com/3-bhk-bedroom-apartment-flat-for-sale-in-shivalik-skyview-gift-city-gandhinagar-2695-sqft-r3-spid-H81751790,3.0,3.0,2.0,,,,Gift City,,Unknown,0,False,False,True,apartment,0.0,0.0,5.438079308923196,3.0,8497.0
"3 BHK Flatin Gift City, Gandhinagar","Gift City, Gandhinagar",155.0,8250.0,1875.0,,https://www.99acres.com/3-bhk-bedroom-apartment-flat-for-sale-in-shilp-north-sky-gift-city-gandhinagar-1875-sqft-r3-spid-Y78379839,3.0,3.0,2.0,,,,Gift City,,Unknown,0,False,False,True,apartment,,,5.049856007249537,3.0,8267.0
"3 BHK Flatin Sargasan, Gandhinagar","Sargasan, Gandhinagar",75.0,6944.0,1080.0,"This 3 bhk flat is located in atishay sky, which houses some of the most spacious flats in sargasan, gandhinagar. This property faces the east direction. The floor plan additionally contains 3 bedroom(s), 2 bathrooms and 2 balconies. All in all, the flat is spread over a super built up area of 1080 sq.Ft. The property is located on the 8th floor of a 13 floors tall building. As the project is a...",https://www.99acres.com/3-bhk-bedroom-apartment-flat-for-sale-in-atishay-sky-sargasan-gandhinagar-1080-sqft-spid-U87613822,3.0,2.0,2.0,8.0,13.0,unfurnished,Sargasan,East,New,1,False,False,True,apartment,0.0,0.0,4.330733340286331,3.0,6944.0
"3 BHK Flatin Gift City, Gandhinagar","Gift City, Gandhinagar",290.0,13744.0,2110.0,"The 3 bhk residences at sobha elysia offer thoughtfully designed apartments with efficient layouts, modern interiors, and ample natural light.Located in gift city, they provide access to top-Tier amenities like a clubhouse, swimming pool, and landscaped areas, combining convenience with upscale living.",https://www.99acres.com/3-bhk-bedroom-apartment-flat-for-sale-in-sobha-elysia-gift-city-gandhinagar-2110-sqft-spid-M89988180,3.0,3.0,2.0,,,,Gift City,,New,0,False,False,True,apartment,7.0,0.0,5.673323267171493,3.0,13744.0
"3 BHK Flatin Gift City, Gandhinagar","Gift City, Gandhinagar",247.00000000000003,13409.0,1842.0,"The 3 bhk residences at sobha elysia offer thoughtfully designed apartments with efficient layouts, modern interiors, and ample natural light.Located in gift city, they provide access to top-Tier amenities like a clubhouse, swimming pool, and landscaped areas, combining convenience with upscale living.",https://www.99acres.com/3-bhk-bedroom-apartment-flat-for-sale-in-sobha-elysia-gift-city-gandhinagar-1842-sqft-spid-R89988342,3.0,3.0,2.0,,,,Gift City,,New,0,False,False,True,apartment,7.0,0.0,5.5134287461649825,3.0,13409.0
"2 BHK Flatin Kudasan, Gandhinagar","Kudasan, Gandhinagar",65.0,3439.0,1890.0,"This is a north-East-Facing property. Constructed on a carpet area of 210 sq.Yards, the flat comprises 2 bedroom(s), 2 bathrooms and 2 balconies. The property is located on the 2nd floor of a 10 floors tall building. An added advantage of this 1-5 years old flat is that it is available for immediate possession as the project is already ready to move. Shreeji kanam residency is designed very wel...",https://www.99acres.com/2-bhk-bedroom-apartment-flat-for-sale-in-shreeji-kanam-residency-kudasan-gandhinagar-1890-sqft-spid-S89137449,2.0,2.0,2.0,2.0,10.0,unfurnished,Kudasan,North-East,1-5 years,1,False,True,False,apartment,0.0,0.0,4.189654742026425,2.0,3439.0
"3 BHK Flatin Kudasan, Gandhinagar","Kudasan, Gandhinagar",121.0,10206.0,2565.0,"This beautiful 3 bhk flat in kudasan, gandhinagar is situated in vision ventilla, one of the popular residential society in gandhinagar. The flat is over 1186 sq.Ft. Carpet area and comes with 3 bedroom(s), 3 bathrooms and 1 balcony. This flat lies on the 7th level of a 13 storey building. This residential property is still under construction and will be available for possession by december 202...",https://www.99acres.com/3-bhk-bedroom-apartment-flat-for-sale-in-vision-ventilla-kudasan-gandhinagar-2565-sqft-r3-spid-C85036710,3.0,3.0,1.0,7.0,13.0,,Kudasan,,New,0,False,False,False,apartment,0.0,0.0,4.804021044733257,3.0,4717.0
"3 BHK Flatin Khoraj, Gandhinagar","Khoraj, Gandhinagar",113.0,4555.0,2475.0,"The flat is east-Facing. The flat occupies a super built up area of 2475 sq.Ft. That consists of 3 bedrooms, 3 bathrooms and 1 balcony. This flat is situated on the 9th floor of this 10 floors tall residential building. This is a ready to move project and the property is 0-1 year old. The vitrified flooring of this flat is beautifully designed and helps to give it a pleasing look. The flat will...",https://www.99acres.com/3-bhk-bedroom-apartment-flat-for-sale-in-shree-keshvam-clifton-khoraj-gandhinagar-2475-sqft-spid-Z91002922,3.0,3.0,1.0,9.0,10.0,unfurnished,Khoraj,East,New,1,False,False,True,apartment,0.0,0.0,4.736198448394496,3.0,4566.0
"3 BHK Flatin Vavol, Gandhinagar","Vavol, Gandhinagar",91.5,3389.0,2700.0,"The flat is east-Facing. Constructed on a super built up area of 300 sq.Yards, the flat comprises 3 bedroom(s), 3 bathrooms and 1 balcony. The residential building has 10 floors in total and the flat for sale is located on the 5th floor. This residential property is still under construction and will be available for possession by december 2028. The vitrified flooring of this flat is beautifully...",https://www.99acres.com/3-bhk-bedroom-apartment-flat-for-sale-in-vavol-gandhinagar-2700-sqft-spid-U90671210,3.0,3.0,1.0,5.0,10.0,,Vavol,East,New,0,False,False,True,apartment,-1.0,0.0,4.52720864451838,3.0,3389.0
"3 BHK Flatin Kudasan, Gandhinagar","Kudasan, Gandhinagar",69.5,3767.0,1845.0,"The flat is facing the east direction. The floor plan additionally contains 3 bedroom(s), 3 bathrooms and 1 balcony. All in all, the flat is spread over a super built up area of 205 sq.Yards. The flat has a total of 8 floors and this property is situated on 7th floor. This 1-5 years old property is available for immediate possession as the project is ready to move. The floor of this flat is bea...",https://www.99acres.com/3-bhk-bedroom-apartment-flat-for-sale-in-shubh-saral-heights-kudasan-gandhinagar-1845-sqft-spid-W90570754,3.0,3.0,1.0,7.0,8.0,unfurnished,Kudasan,East,1-5 years,1,False,False,True,apartment,0.0,0.0,4.255612709818223,3.0,3767.0
"2 BHK Flatin Vavol, Gandhinagar","Vavol, Gandhinagar",42.0,3590.0,1170.0,"This beautiful 2 bhk flat in vavol, gandhinagar is situated in subham residency, one of the popular residential society in gandhinagar. The flat is facing the east direction. The flat is over 130 sq.Yards super built up area and comes with 2 bedroom(s), 2 bathrooms and 1 balcony. The property is located on the 1st floor of a 3 floors tall building. As the project is already ready to move, so yo...",https://www.99acres.com/2-bhk-bedroom-apartment-flat-for-sale-in-subham-residency-vavol-gandhinagar-1170-sqft-spid-Y87357832,2.0,2.0,1.0,1.0,3.0,unfurnished,Vavol,East,New,1,False,False,True,apartment,0.0,0.0,3.7612001156935624,2.0,3590.0
"3 BHK Flatin Khoraj, Gandhinagar","Khoraj, Gandhinagar",113.0,4556.0,2475.0,"Keshvam clifton is a premium residential project near vaishnodevi circle, ahmedabad, offering spacious and thoughtfully designed 3 bhk apartments with modern architecture and elegant interiors.",https://www.99acres.com/3-bhk-bedroom-apartment-flat-for-sale-in-shree-keshvam-clifton-khoraj-gandhinagar-2475-sqft-spid-X91030820,3.0,3.0,1.0,,,,Khoraj,,New,1,False,False,True,apartment,0.0,0.0,4.736198448394496,3.0,4566.0
"2 BHK Flatin Vavol, Gandhinagar","Vavol, Gandhinagar",45.0,3817.0,1179.0,"The flat is east-Facing. Constructed on a super built up area of 131 sq.Yards, the flat comprises 2 bedroom(s), 2 bathrooms and 1 balcony. The residential building has 8 floors in total and the flat for sale is located on the 5th floor. An added advantage of this 1-5 years old flat is that it is available for immediate possession as the project is already ready to move. The vitrified flooring o...",https://www.99acres.com/2-bhk-bedroom-apartment-flat-for-sale-in-siddharth-heights-vavol-gandhinagar-1179-sqft-spid-D91304202,2.0,2.0,1.0,5.0,8.0,unfurnished,Vavol,East,1-5 years,1,False,False,True,apartment,0.0,0.0,3.828641396489095,2.0,3817.0
"2 BHK Flatin Vavol, Gandhinagar","Vavol, Gandhinagar",43.0,3675.0,1170.0,"This is a east-Facing property. Constructed on a super built up area of 130 sq.Yards, the flat comprises 2 bedroom(s), 2 bathrooms and 1 balcony. This flat is situated on the 6th floor of this 7 floors tall residential building. As the project is already ready to move, so you can easily move into this 1-5 years old property. The vitrified flooring of this flat is beautifully designed and helps ...",https://www.99acres.com/2-bhk-bedroom-apartment-flat-for-sale-in-radhe-vrundavan-residency-vavol-gandhinagar-1170-sqft-spid-G91231534,2.0,2.0,1.0,6.0,7.0,unfurnished,Vavol,East,1-5 years,1,False,False,True,apartment,0.0,0.0,3.784189633918261,2.0,3675.0
"1 BHK Flatin Vavol, Gandhinagar","Vavol, Gandhinagar",34.0,4197.0,810.0,"This property faces the east direction. The floor plan additionally contains 1 bedroom(s), 1 bathroom and 1 balcony. All in all, the flat is spread over a super built up area of 90 sq.Yards. The residential building has 3 floors in total and the flat for sale is located on the 1st floor. As the project is already ready to move, so you can easily move into this 5-10 years old property. The vitri...",https://www.99acres.com/1-bhk-bedroom-apartment-flat-for-sale-in-vavol-gandhinagar-810-sqft-spid-R91034660,1.0,1.0,1.0,1.0,3.0,unfurnished,Vavol,East,5-10 years,1,False,False,True,apartment,0.0,0.0,3.5553480614894135,1.0,4198.0
"3 BHK Flatin Khoraj, Gandhinagar","Khoraj, Gandhinagar",61.5,3333.0,1845.0,"Own your dream home with a premium 3 bhk flat for sale at kb kalp heights in the rapidly developing locality of khoraj. Designed for modern families, this residential community offers all essential facilities and lifestyle amenities to ensure comfortable and convenient living. With multiple property options available across varied budget ranges, kb kalp heights is an ideal choice for homebuyers...",https://www.99acres.com/3-bhk-bedroom-apartment-flat-for-sale-in-kb-kalp-heights-khoraj-gandhinagar-1845-sqft-spid-W91031150,3.0,3.0,1.0,,,,Khoraj,,Unknown,0,False,False,True,apartment,0.0,0.0,4.135166556742356,3.0,3333.0
"3 BHK Flatin Kudasan, Gandhinagar","Kudasan, Gandhinagar",70.0,3794.0379403794036,1845.0,"The flat is south-East-Facing. Constructed on a carpet area of 127 sq.Ft., the flat comprises 3 bedroom(s), 3 bathrooms . The residential building has 13 floors in total and the flat for sale is located on the 9th floor. This 0-1 year old property is available for immediate possession as the project is ready to move. The beautifully designed ceramic flooring enhances the beauty of the flat. Thi...",https://www.99acres.com/3-bhk-bedroom-apartment-flat-for-sale-in-labh-vardhan-kudasan-gandhinagar-127-sqft-spid-A89938026,3.0,3.0,1.0,9.0,13.0,,Kudasan,South-East,New,1,False,False,True,apartment,0.0,0.0,4.2626798770413155,3.0,3794.0
"3 BHK Flatin Sargasan, Gandhinagar","Sargasan, Gandhinagar",130.0,5620.0,2313.0,"This is a east-Facing property. The flat occupies a super built up area of 257 sq.Yards that consists of 3 bedrooms, 3 bathrooms and 1 balcony. The flat has a total of 10 floors and this property is situated on top floor. This 1-5 years old property is available for immediate possession as the project is ready to move. The vitrified flooring of this flat is beautifully designed and helps to giv...",https://www.99acres.com/3-bhk-bedroom-apartment-flat-for-sale-in-sargasan-gandhinagar-2313-sqft-r1-spid-H88318872,3.0,3.0,1.0,,10.0,unfurnished,Sargasan,East,1-5 years,1,False,False,True,apartment,2.0,0.0,4.875197323201151,3.0,5620.0
"2 BHK Flatin Uvarsad, Gandhinagar","Uvarsad, Gandhinagar",55.0,4428.0,1242.0,"This property faces the east direction. Containing 2 bedroom(s), 2 bathrooms and 1 balcony, this flat is spread over a super built up area of 138 sq.Yards. The flat has a total of 7 floors and this property is situated on 6th floor. This 1-5 years old property is available for immediate possession as the project is ready to move. The vitrified flooring of this flat is beautifully designed and h...",https://www.99acres.com/2-bhk-bedroom-apartment-flat-for-sale-in-psy-pramukh-glory-uvarsad-gandhinagar-1242-sqft-spid-S89893094,2.0,2.0,1.0,6.0,7.0,unfurnished,Uvarsad,East,1-5 years,1,False,False,True,apartment,0.0,0.0,4.02535169073515,2.0,4428.0
"4 BHK Flatin Kudasan, Gandhinagar","Kudasan, Gandhinagar",135.0,4573.0,2952.0,"Low rise apartment, furniture ,near market , school, market place",https://www.99acres.com/4-bhk-bedroom-apartment-flat-for-sale-in-pratham-radhe-empire-kudasan-gandhinagar-2952-sq-ft-r1-spid-R84738322,4.0,4.0,2.0,,,unfurnished,Kudasan,,Unknown,1,True,False,False,apartment,0.0,2.0,4.912654885736052,4.0,4573.0
"3 BHK Flatin sargasan Tp 9, Gandhinagar","sargasan Tp 9, Gandhinagar",78.75,3888.0,2025.0,,https://www.99acres.com/3-bhk-bedroom-apartment-flat-for-sale-in-gandhinagar-2025-sqft-r1-spid-L84122238,3.0,3.0,1.0,,,,Sargasan,,Unknown,0,False,False,True,apartment,,,4.378896741664954,3.0,3889.0
"3 BHK Flatin Sargasan, Gandhinagar","Sargasan, Gandhinagar",85.85,4239.0,2025.0,"This residential flat is east-Facing direction. The floor plan additionally contains 3 bedroom(s), 3 bathrooms and 3 balconies. All in all, the flat is spread over a super built up area of 2025 sq.Ft. The flat has a total of 13 floors and this property is situated on 6th floor. The flat is currently under construction stage and you can expect to get the possession of the property by april 2026....",https://www.99acres.com/3-bhk-bedroom-apartment-flat-for-sale-in-sargasan-gandhinagar-2025-sqft-r1-spid-O84239712,3.0,3.0,3.0,6.0,13.0,,Sargasan,East,New,0,False,False,True,apartment,-1.0,0.0,4.464182492687114,3.0,4240.0
"3 BHK Flatin Sargasan, Gandhinagar","Sargasan, Gandhinagar",101.0,3778.0,2673.0,"Location near to 4b corner, sargasan gandhinagar gujarat. Key feature. Rto office near 1km and railway station near to 3km and metro station 3.5 km near by all facility. Unique dynamic design and up lifestyle apartments Good and nice locality and near to kh road.",https://www.99acres.com/3-bhk-bedroom-apartment-flat-for-sale-in-sargasan-gandhinagar-2673-sq-ft-r1-spid-C84392938,3.0,3.0,1.0,,,,Sargasan,,Unknown,1,False,True,False,apartment,2.0,10.0,4.624972813284271,3.0,3779.0
"2 BHK Flatin Kudasan, Gandhinagar","Kudasan, Gandhinagar",52.0,3985.0,1305.0,Available for sell 2bhk flat in kudasan gandhinagar. Near to reliance circle and near to all facility like school and hospital and shopping mall. Good flat and good locality and society is very well and near to marke,https://www.99acres.com/2-bhk-bedroom-apartment-flat-for-sale-in-kudasan-gandhinagar-1305-sq-ft-r2-spid-A85977552,2.0,2.0,1.0,,,,Kudasan,,New,1,True,False,False,apartment,0.0,4.0,3.970291913552122,2.0,3985.0
"3 BHK Flatin Sargasan, Gandhinagar","Sargasan, Gandhinagar",108.0,4056.0,2673.0,"This project in kh road to rto circle, near to shanidev and hanuman mandir sertor 4 gandhinagar. New project and ready to move, good location. One tower and only 46 family unit in tower. Near to all facility like school and shopping malls. Call for more details",https://www.99acres.com/3-bhk-bedroom-apartment-flat-for-sale-in-sargasan-gandhinagar-2673-sqft-r1-spid-R87649246,3.0,3.0,1.0,,,,Sargasan,,New,1,True,False,False,apartment,0.0,3.0,4.6913478822291435,3.0,4040.0
"2 BHK Flatin Sargasan, Gandhinagar","Sargasan, Gandhinagar",62.0,4444.0,1395.0,"The flat is over 1395 sq.Ft. Built up area and comes with 2 bedroom(s), 2 bathrooms and 1 balcony. The residential building has 11 floors in total and the flat for sale is located on the 5th floor. This 0-1 year old property is available for immediate possession as the project is ready to move. The flat comes well built with vitrified flooring options. Moreover, this property offers close proxi...",https://www.99acres.com/2-bhk-bedroom-apartment-flat-for-sale-in-shreeji-sahajanand-shayona-sargasan-gandhinagar-1395-sqft-spid-B91185798,2.0,2.0,1.0,5.0,11.0,semi-furnished,Sargasan,,New,1,True,False,False,apartment,0.0,0.0,4.143134726391533,2.0,4444.0
"2 BHK Flatin Sargasan, Gandhinagar","Sargasan, Gandhinagar",67.0,4205.0,1593.0,"The flat occupies a carpet area of 1593 sq.Ft. That consists of 2 bedrooms, 2 bathrooms and 1 balcony. This flat lies on the 4th level of a 13 storey building. The flat is currently under construction stage and you can expect to get the possession of the property within 3 months. The flat comes well built with vitrified flooring options. This residential property is situated near close to schoo...",https://www.99acres.com/2-bhk-bedroom-apartment-flat-for-sale-in-psy-pramukh-praise-sargasan-gandhinagar-1593-sqft-spid-K91086314,2.0,2.0,1.0,4.0,13.0,,Sargasan,,Unknown,0,False,True,False,apartment,0.0,1.0,4.219507705176107,2.0,4206.0
"3 BHK Flatin Sargasan, Gandhinagar","Sargasan, Gandhinagar",134.0,5805.0,2308.0,"Containing 3 bedroom(s), 3 bathrooms and 2 balconies, this flat is spread over a carpet area of 2308 sq.Ft. The residential building has 14 floors in total and the flat for sale is located on the 13th floor. The flat is currently under construction stage and you can expect to get the possession of the property within 6 months. The vitrified flooring of this flat is beautifully designed and help...",https://www.99acres.com/3-bhk-bedroom-apartment-flat-for-sale-in-savla-palasa-sargasan-gandhinagar-2308-sqft-spid-M90870650,3.0,3.0,2.0,13.0,14.0,,Sargasan,,Unknown,0,False,True,False,apartment,0.0,0.0,4.90527477843843,3.0,5806.0
"2 BHK Flatin Sargasan, Gandhinagar","Sargasan, Gandhinagar",62.0,4502.0,1377.0,"Constructed on a super built up area of 1377 sq.Ft., the flat comprises 2 bedroom(s), 2 bathrooms and 2 balconies. The property is located on the 1st floor of a 6 floors tall building. This 5-10 years old property is available for immediate possession as the project is ready to move. The floor of this flat is beautifully designed using vitrified flooring, giving the flat an alluring look. Moreo...",https://www.99acres.com/2-bhk-bedroom-apartment-flat-for-sale-in-devnandan-summit-sargasan-gandhinagar-1377-sqft-spid-S90869274,2.0,2.0,2.0,1.0,6.0,,Sargasan,,5-10 years,1,False,False,True,apartment,0.0,0.0,4.143134726391533,2.0,4503.0
"2 BHK Flatin Kudasan, Gandhinagar","Kudasan, Gandhinagar",58.0,3703.0,1566.0,"The flat is over 1566 sq.Ft. Super built up area and comes with 2 bedroom(s), 2 bathrooms and 1 balcony. This flat is situated on the 7th floor of this 14 floors tall residential building. The flat is currently under construction stage and you can expect to get the possession of the property by march 2028. The floor of this flat is beautifully designed using vitrified flooring, giving the flat ...",https://www.99acres.com/2-bhk-bedroom-apartment-flat-for-sale-in-vlee-iris-kudasan-gandhinagar-1566-sqft-spid-B90704976,2.0,2.0,1.0,7.0,14.0,,Kudasan,,New,0,False,False,True,apartment,0.0,0.0,4.07753744390572,2.0,3704.0
"3 BHK Flatin Sargasan, Gandhinagar","Sargasan, Gandhinagar",98.0,3974.0,2466.0,"The flat is over 274 sq.Yards super built up area and comes with 3 bedroom(s), 3 bathrooms and 2 balconies. The property is located on the 5th floor of a 14 floors tall building. This residential property is still under construction and will be available for possession by december 2028. The beautifully designed vitrified flooring enhances the beauty of the flat. The flat will offer a modern lif...",https://www.99acres.com/3-bhk-bedroom-apartment-flat-for-sale-in-brij-azalea-sargasan-gandhinagar-2466-sqft-spid-V90691122,3.0,3.0,2.0,5.0,14.0,,Sargasan,,New,0,False,False,True,apartment,0.0,0.0,4.59511985013459,3.0,3974.0
"3 BHK Flatin Sargasan, Gandhinagar","Sargasan, Gandhinagar",92.0,3962.0,2322.0,"Constructed on a built up area of 2322 sq.Ft., the flat comprises 3 bedroom(s), 3 bathrooms and 2 balconies. The property is located on the 7th floor of a 14 floors tall building. As the property is currently under construction , you can expect to get the possession by december 2028. The well built vitrified flooring enhances the aesthetic appeal of this flat. Many of the modern amenities being...",https://www.99acres.com/3-bhk-bedroom-apartment-flat-for-sale-in-brij-azalea-sargasan-gandhinagar-2322-sqft-spid-I90689938,3.0,3.0,2.0,7.0,14.0,,Sargasan,,New,0,True,False,False,apartment,0.0,0.0,4.532599493153256,3.0,3962.0
"3 BHK Flatin Sargasan, Gandhinagar","Sargasan, Gandhinagar",81.0,9321.0,869.0,"The flat occupies a carpet area of 869 sq.Ft. That consists of 3 bedrooms, 3 bathrooms and 2 balconies. The flat has a total of 11 floors and this property is situated on 7th floor. As the project is already ready to move, so you can easily move into this 0-1 year old property. The flat comes well built with vitrified flooring options. All the modern amenities such as fitness centre / gym, park...",https://www.99acres.com/3-bhk-bedroom-apartment-flat-for-sale-in-satva-satvam-glory-sargasan-gandhinagar-869-sqft-spid-B90682284,3.0,3.0,2.0,7.0,11.0,,Sargasan,,New,1,False,True,False,apartment,7.0,0.0,4.406719247264253,3.0,9321.0
"4 BHK Flatin Sargasan, Gandhinagar","Sargasan, Gandhinagar",140.0,4457.0,3141.0,"Constructed on a super built up area of 3141 sq.Ft., the flat comprises 4 bedroom(s), 4 bathrooms and 3 balconies. The flat has a total of 10 floors and this property is situated on 5th floor. Moreover, the flat is currently under construction and possession is expected by december 2026. The flat comes well built with vitrified flooring options. The society complex is in the close vicinity of c...",https://www.99acres.com/4-bhk-bedroom-apartment-flat-for-sale-in-sargam-sarita-sargasan-gandhinagar-3141-sqft-spid-R90681920,4.0,4.0,3.0,5.0,10.0,semi-furnished,Sargasan,,New,0,False,False,True,apartment,-1.0,10.0,4.948759890378168,4.0,4457.0
"3 BHK Flatin Uvarsad, Gandhinagar","Uvarsad, Gandhinagar",94.85,3889.0,2439.0,"The flat is over 271 sq.Yards super built up area and comes with 3 bedroom(s), 3 bathrooms and 3 balconies. This flat is situated on the 5th floor of this 14 floors tall residential building. This residential property is still under construction and will be available for possession by december 2027. The beautifully designed vitrified flooring enhances the beauty of the flat. All the modern amen...",https://www.99acres.com/3-bhk-bedroom-apartment-flat-for-sale-in-sahjanand-shreehari-uvarsad-gandhinagar-2439-sqft-spid-S90543176,3.0,3.0,3.0,5.0,14.0,,Uvarsad,,New,0,False,False,True,apartment,14.0,0.0,4.562784469491653,3.0,3889.0
"2 BHK Flatin Koba, Gandhinagar","Koba, Gandhinagar",53.0,3312.0,1600.0,,https://www.99acres.com/2-bhk-bedroom-apartment-flat-for-sale-in-shiv-orchid-koba-gandhinagar-1600-sqft-spid-R90171560,2.0,2.0,1.0,,,,Koba,,Unknown,1,True,False,False,apartment,,,3.9889840465642745,2.0,3312.0
"3 BHK Flatin Randesan, Gandhinagar","Randesan, Gandhinagar",120.0,6006.0,1998.0,"Maruti pratishtha heights is one of gandhinagar's most sought after destination for apartments and this 3 bhk flat in randesan is your opportunity to be a part of this community. The flat is east-Facing. The flat occupies a super built up area of 222 sq.Yards that consists of 3 bedrooms, 3 bathrooms and 1 balcony. The residential building has 13 floors in total and the flat for sale is located ...",https://www.99acres.com/3-bhk-bedroom-apartment-flat-for-sale-in-maruti-pratishtha-heights-randesan-gandhinagar-1998-sqft-r1-spid-D87468806,3.0,3.0,1.0,,13.0,,Randesan,East,New,1,False,False,True,apartment,0.0,0.0,4.795790545596741,3.0,6006.0
"3 BHK Flatin Sargasan, Gandhinagar","Sargasan, Gandhinagar",81.81,4545.0,1800.0,3bhk on sell at sargasan. 200 sqyd size. All flats are same size. Near to sg highway.,https://www.99acres.com/3-bhk-bedroom-apartment-flat-for-sale-in-sargasan-gandhinagar-1800-sqft-spid-F89974478,3.0,3.0,1.0,,,,Sargasan,,New,1,False,False,True,apartment,0.0,3.0,4.416548827045609,3.0,4545.0
"3 BHK Flatin Kudasan, Gandhinagar","Kudasan, Gandhinagar",93.07,4056.0,2295.0,"All 3 bhk flats 255 sqyd Project basics Only 112 units G-Floor retail 18m (60 ft) road Location usp Close vicinity from 100 ft palm road 3 min distance from sg highway Frontage on 18 mt road Guda garden on the back side of the plot Lifetime open south-West (Wind direction) due to adjoining ongc plot Premium 3,4 & 5 bhk projects in the pocket Plan level usp/details No vehicle zone on g-Floor 2 b...",https://www.99acres.com/3-bhk-bedroom-apartment-flat-for-sale-in-kudasan-gandhinagar-2295-sqft-spid-O89963536,3.0,3.0,1.0,0.0,,unfurnished,Kudasan,South-West,New,0,False,False,True,apartment,6.0,3.0,4.54403918598386,3.0,4055.0
"2 BHK Flatin Randheja, Gandhinagar","Randheja, Gandhinagar",46.0,2871.0,1602.0,"Constructed on a super built up area of 178 sq.Yards, the flat comprises 2 bedroom(s), 2 bathrooms and 3 balconies. The shreenand ananta residential building has 13 floors in total and the flat for sale is located on the 2nd floor. As the property is currently under construction , you can expect to get the possession by june 2027.",https://www.99acres.com/2-bhk-bedroom-apartment-flat-for-sale-in-randheja-gandhinagar-1602-sqft-r1-spid-I88796996,2.0,2.0,3.0,2.0,13.0,,Randheja,,New,0,False,False,True,apartment,0.0,0.0,3.8501476017100584,2.0,2871.0
"3 BHK Flatin Raysan, Gandhinagar","Raysan, Gandhinagar",80.0,4678.0,1710.0,"Ready possession Available in prime location Modular kitchen with gas line Basement parking, dual lift Children play area, sitting gazebo",https://www.99acres.com/3-bhk-bedroom-apartment-flat-for-sale-in-raysan-gandhinagar-1710-sqft-spid-F89842154,3.0,3.0,1.0,,,,Raysan,,Unknown,1,False,True,False,apartment,4.0,0.0,4.394449154672439,3.0,4678.0
"2 BHK Flatin Randheja, Gandhinagar","Randheja, Gandhinagar",47.0,3165.0,1485.0,"The vraj 15 residency flat is over 165 sq.Yards super built up area and comes with 2 bedrooms, 2 bathrooms and 3 balconies. The residential building has 7 floors in total and the flat for sale is located on the 1st floor. This is a ready to move project and the property is 0-1 year old. (6.45 lacs additional charges).",https://www.99acres.com/2-bhk-bedroom-apartment-flat-for-sale-in-randheja-gandhinagar-1485-sqft-spid-J89822632,2.0,2.0,3.0,1.0,7.0,,Randheja,,New,1,False,False,True,apartment,0.0,0.0,3.871201010907891,2.0,3165.0
"2 BHK Flatin Gift City, Gandhinagar","Gift City, Gandhinagar",128.0,8471.0,1511.0,,https://www.99acres.com/2-bhk-bedroom-apartment-flat-for-sale-in-shilp-north-sky-gift-city-gandhinagar-1511-sqft-r3-spid-E85882030,2.0,2.0,1.0,,,,Gift City,,Unknown,0,False,False,True,apartment,,,4.859812404361672,2.0,8471.0
"2 BHK Flatin Sargasan, Gandhinagar","Sargasan, Gandhinagar",50.0,5555.0,900.0,"This property faces the east direction. Containing 2 bedroom(s), 2 bathrooms and 2 balconies, this flat is spread over a carpet area of 900 sq.Ft. The flat has a total of 7 floors and this property is situated on 2nd floor. This is a ready to move project and the property is 1-5 years old. The well built vitrified flooring enhances the aesthetic appeal of this flat. This flat is located near cl...",https://www.99acres.com/2-bhk-bedroom-apartment-flat-for-sale-in-sahjanand-status-sargasan-gandhinagar-900-sqft-spid-K90835212,2.0,2.0,2.0,2.0,7.0,unfurnished,Sargasan,East,1-5 years,1,False,True,False,apartment,2.0,10.0,3.9318256327243257,2.0,5556.0
"3 BHK Flatin Raysan, Gandhinagar","Raysan, Gandhinagar",98.0,7424.0,1320.0,"Premium 3 bhk fully furnished flat available for sale at prime location near pdpu road, bhaijipura, gandhinagar. Special highlights: All 3 bedrooms with lifetime open view hall & bedrooms with full ventilation and natural sunlight peaceful & well-Developed area property features. Fully furnished (Ready to move) high quality interiors open & airy layout location advantages: Near gift city close ...",https://www.99acres.com/3-bhk-bedroom-apartment-flat-for-sale-in-sai-texas-3-raysan-gandhinagar-1320-sqft-spid-V90377628,3.0,3.0,1.0,,,furnished,Raysan,,New,1,False,True,False,apartment,0.0,5.0,4.59511985013459,3.0,7424.0
"2 BHK Flatin Sargasan, Gandhinagar","Sargasan, Gandhinagar",60.0,5291.0,1134.0,"The flat is facing the north-East direction. Containing 2 bedroom(s), 2 bathrooms and 1 balcony, this flat is spread over a super built up area of 1134 sq.Ft. The flat has a total of 5 floors and this property is situated on 3rd floor. An added advantage of this 1-5 years old flat is that it is available for immediate possession as the project is already ready to move. The flat comes well built...",https://www.99acres.com/2-bhk-bedroom-apartment-flat-for-sale-in-psy-pramukh-paramount-sargasan-gandhinagar-1134-sqft-r1-spid-R88312932,2.0,2.0,1.0,3.0,5.0,furnished,Sargasan,North-East,1-5 years,1,False,False,True,apartment,0.0,0.0,4.110873864173311,2.0,5291.0
"2 BHK Flatin Sargasan, Gandhinagar","Sargasan, Gandhinagar",61.0,5842.0,1044.0,"Located in the popular residential address of sargasan, gandhinagar, swagat pelican is one of the most preferred destination for apartments in gandhinagar. This 2 bhk flat is your ticket to be a part of this community. This property faces the east direction. Constructed on a super built up area of 1044 sq.Ft., the flat comprises 2 bedroom(s), 2 bathrooms and 2 balconies. The flat has a total of...",https://www.99acres.com/2-bhk-bedroom-apartment-flat-for-sale-in-swagat-pelican-sargasan-gandhinagar-1044-sqft-r1-spid-P87439582,2.0,2.0,2.0,,,unfurnished,Sargasan,East,New,1,False,False,True,apartment,0.0,0.0,4.127134385045092,2.0,5843.0
"3 BHK Flatin Khoraj, Gandhinagar","Khoraj, Gandhinagar",70.0,3794.0,1845.0,"This 3 bhk flat is located in omkar vivanta lake view, which houses some of the most spacious flats in khoraj, gandhinagar. The flat is facing the east direction. Constructed on a super built up area of 1845 sq.Ft., the flat comprises 3 bedroom(s), 3 bathrooms and 1 balcony. This flat lies on the 4th level of a 14 storey building. As the property is currently under construction , you can expect...",https://www.99acres.com/3-bhk-bedroom-apartment-flat-for-sale-in-omkar-vivanta-lake-view-khoraj-gandhinagar-1845-sqft-r2-spid-O86566028,3.0,3.0,1.0,4.0,14.0,,Khoraj,East,New,0,False,False,True,apartment,0.0,0.0,4.2626798770413155,3.0,3794.0
"1 BHK Flatin Gift City, Gandhinagar","Gift City, Gandhinagar",111.0,11109.0,1000.0,"This 1 bhk apartment is available for sale in vida by nila spaces, one of the most prominent projects for flats in gift city, gandhinagar. This is a east-Facing property. The flat occupies a super built up area of 1000 sq.Ft. That consists of 1 bedroom, 2 bathrooms and 1 balcony. This flat is situated on the 5th floor of this 33 floors tall residential building. This residential flat is current...",https://www.99acres.com/1-bhk-bedroom-apartment-flat-for-sale-in-vida-by-nila-spaces-gift-city-gandhinagar-1000-sqft-r11-spid-Z74870245,1.0,2.0,1.0,5.0,33.0,unfurnished,Gift City,East,New,0,False,False,True,apartment,0.0,0.0,4.718498871295094,1.0,11100.0
"3 BHK Flatin Gift City, Gandhinagar","Gift City, Gandhinagar",248.0,12267.0,2020.0,"This 3 bhk flat is located in vida by nila spaces, which houses some of the most spacious flats in gift city, gandhinagar. This residential flat is east-Facing direction. The flat occupies a super built up area of 2020 sq.Ft. That consists of 3 bedrooms, 3 bathrooms and 2 balconies. The residential building has 33 floors in total and the flat for sale is located on the 9th floor. This residenti...",https://www.99acres.com/3-bhk-bedroom-apartment-flat-for-sale-in-vida-by-nila-spaces-gift-city-gandhinagar-2020-sqft-r11-spid-I74870327,3.0,3.0,2.0,9.0,33.0,,Gift City,East,New,0,False,False,True,apartment,0.0,0.0,5.517452896464707,3.0,12277.0
"1 BHK Flatin Gift City, Gandhinagar","Gift City, Gandhinagar",80.0,10000.0,800.0,"This 1 bhk apartment is available for sale in new launch, one of the most prominent projects for flats in gift city, gandhinagar. This is a east-Facing property. The floor plan additionally contains 1 bedroom(s), 1 bathroom and 1 balcony. All in all, the flat is spread over a super built up area of 800 sq.Ft. This flat is situated on the 8th floor of this 33 floors tall residential building. Mo...",https://www.99acres.com/1-bhk-bedroom-apartment-flat-for-sale-in-gift-city-gandhinagar-800-sqft-r11-spid-D74097269,1.0,1.0,1.0,8.0,33.0,unfurnished,Gift City,East,New,0,False,False,True,apartment,0.0,0.0,4.394449154672439,1.0,10000.0
"2 BHK Flatin Gift City, Gandhinagar","Gift City, Gandhinagar",183.0,13065.0,1400.0,"Vida by nila spaces is one of the most popular destination for buying apartments/ flats in gift city, gandhinagar. You too can be a part of this society by purchasing this 2 bhk flat here. This residential flat is east-Facing direction. Containing 2 bedroom(s), 2 bathrooms and 2 balconies, this flat is spread over a super built up area of 1400 sq.Ft. The property is located on the 10th floor of...",https://www.99acres.com/2-bhk-bedroom-apartment-flat-for-sale-in-vida-by-nila-spaces-gift-city-gandhinagar-1400-sqft-r11-spid-C74870293,2.0,2.0,2.0,10.0,,unfurnished,Gift City,East,New,0,False,False,True,apartment,0.0,0.0,5.214935757608986,2.0,13071.0
"2 BHK Flatin Gift City, Gandhinagar","Gift City, Gandhinagar",130.0,8666.0,1500.0,There are apartments for sale . This society will have all basic facilities and amenities to suit homebuyers needs and requirements.,https://www.99acres.com/2-bhk-bedroom-apartment-flat-for-sale-in-gift-city-gandhinagar-1500-sqft-r19-spid-A64238850,2.0,2.0,1.0,,,,Gift City,,Unknown,0,False,False,True,apartment,0.0,0.0,4.875197323201151,2.0,8667.0
"1 BHK Flatin Sargasan, Gandhinagar","Sargasan, Gandhinagar",34.0,5666.0,600.0,Stapan 2 is heart of sargasan area this scheme is nearby radiant school semi furnished flat price not negotiable 34 lk,https://www.99acres.com/1-bhk-bedroom-apartment-flat-for-sale-in-sthapan-2-sargasan-gandhinagar-600-sqft-spid-D91017232,1.0,1.0,1.0,,,semi-furnished,Sargasan,,New,1,False,True,False,apartment,0.0,1.0,3.5553480614894135,1.0,5667.0
"2 BHK Flatin Sargasan, Gandhinagar","Sargasan, Gandhinagar",48.0,4267.0,1125.0,"The flat is facing the north-East direction. The floor plan additionally contains 2 bedroom(s), 2 bathrooms and 1 balcony. All in all, the flat is spread over a carpet area of 125 sq.Yards. This flat is situated on the 5th floor of this 10 floors tall residential building. This 1-5 years old property is available for immediate possession as the project is ready to move. The vitrified flooring o...",https://www.99acres.com/2-bhk-bedroom-apartment-flat-for-sale-in-sayona-heights-sargasan-gandhinagar-1125-sqft-r1-spid-L88481032,2.0,2.0,1.0,5.0,10.0,unfurnished,Sargasan,North-East,1-5 years,1,False,True,False,apartment,0.0,0.0,3.8918202981106265,2.0,4267.0
"2 BHK Flatin Sargasan, Gandhinagar","Sargasan, Gandhinagar",50.0,3968.0,1260.0,"This property faces the east direction. The flat occupies a super built up area of 1260 sq.Ft. That consists of 2 bedrooms, 2 bathrooms and 1 balcony. The flat has a total of 5 floors and this property is situated on 4th floor. Being a ready to move project, you can expect immediate possession of this 10+ years old property. The beautifully designed vitrified flooring enhances the beauty of the...",https://www.99acres.com/2-bhk-bedroom-apartment-flat-for-sale-in-saundarya-444-sargasan-gandhinagar-1260-sq-ft-spid-V90799838,2.0,2.0,1.0,4.0,5.0,unfurnished,Sargasan,East,10-20 years,1,False,False,True,apartment,0.0,0.0,3.9318256327243257,2.0,3968.0
"2 BHK Flatin Gift City, Gandhinagar","Gift City, Gandhinagar",128.0,8500.0,1511.0,,https://www.99acres.com/2-bhk-bedroom-apartment-flat-for-sale-in-shilp-north-sky-gift-city-gandhinagar-1511-sqft-r3-spid-F78379215,2.0,2.0,1.0,,,,Gift City,,Unknown,0,False,False,True,apartment,,,4.859812404361672,2.0,8471.0
"2 BHK Flatin Kalol, Gandhinagar","Kalol, Gandhinagar",40.0,3703.0,1080.0,Ananya vidhyalaya -10 minute Adarsh hospital -10 minute D - Mart -5 minute Sindbad mahesana highway v. Good trasport connectivity,https://www.99acres.com/2-bhk-bedroom-apartment-flat-for-sale-in-kalol-gandhinagar-1080-sqft-spid-K91259680,2.0,2.0,1.0,,,,Kalol,,Unknown,1,False,True,False,apartment,0.0,0.0,3.713572066704308,2.0,3704.0
"1 BHK Flatin Kalol, Gandhinagar","Kalol, Gandhinagar",18.0,2222.0,810.0,Near dmar - 2 minute Gayatri mandir - 5 minute Ananya vidhyalaya -10 minute Good transportation in mehsana highway Rajesh hospital - 10 minute,https://www.99acres.com/1-bhk-bedroom-apartment-flat-for-sale-in-kalol-gandhinagar-810-sqft-spid-F91259096,1.0,1.0,1.0,,,,Kalol,,Unknown,1,False,True,False,apartment,0.0,10.0,2.9444389791664403,1.0,2222.0
"2 BHK Flatin Urjanagar, Randesan, Gandhinagar","Urjanagar, Randesan, Gandhinagar",46.0,5380.0,855.0,2bhk specius flat for sell in randesan near metro and rever front,https://www.99acres.com/2-bhk-bedroom-apartment-flat-for-sale-in-ganesh-kesar-aangan-urjanagar-gandhinagar-855-sqft-r1-spid-L87704636,2.0,2.0,1.0,,,,Randesan,,New,1,False,True,False,apartment,0.0,3.0,3.8501476017100584,2.0,5380.0
"2 BHK Flatin Sargasan, Gandhinagar","Sargasan, Gandhinagar",58.51,4167.0,1404.0,"This residential flat is east-Facing direction. The flat occupies a super built up area of 1404 sq.Ft. That consists of 2 bedrooms, 2 bathrooms and 2 balconies. This flat is situated on the 2nd floor of this 11 floors tall residential building. The flat is currently under construction stage and you can expect to get the possession of the property within 6 months. Tp 9 is designed very well to p...",https://www.99acres.com/2-bhk-bedroom-apartment-flat-for-sale-in-sargasan-gandhinagar-1404-sqft-r1-spid-X84733772,2.0,2.0,2.0,2.0,11.0,,Sargasan,East,New,0,False,False,True,apartment,-1.0,0.0,4.086144365656761,2.0,4167.0
"3 BHK Flatin Sargasan, Gandhinagar","Sargasan, Gandhinagar",70.0,4159.0,1683.0,"This is a north-East-Facing property. Containing 3 bedroom(s), 3 bathrooms and 1 balcony, this flat is spread over a built up area of 187 sq.Yards. This flat is situated on the 8th floor of this 11 floors tall residential building. Being a ready to move project, you can expect immediate possession of this 0-1 year old property. The flat comes well built with vitrified flooring options. Many of ...",https://www.99acres.com/3-bhk-bedroom-apartment-flat-for-sale-in-ashwamegh-elite-sargasan-gandhinagar-1683-sqft-spid-M88912452,3.0,3.0,1.0,8.0,11.0,semi-furnished,Sargasan,North-East,New,1,True,False,False,apartment,0.0,0.0,4.2626798770413155,3.0,4159.0
"2 BHK Flatin Raysan, Gandhinagar","Raysan, Gandhinagar",65.0,4404.0,1476.0,"This is a east-Facing property. The floor plan additionally contains 2 bedroom(s), 2 bathrooms and 1 balcony. All in all, the flat is spread over a super built up area of 164 sq.Yards. This flat is situated on the 4th floor of this 13 floors tall residential building. This is a ready to move project and the property is 1-5 years old. The floor of this flat is beautifully designed using vitrifie...",https://www.99acres.com/2-bhk-bedroom-apartment-flat-for-sale-in-raysan-gandhinagar-1476-sqft-spid-C89752416,2.0,2.0,1.0,4.0,13.0,unfurnished,Raysan,East,1-5 years,1,False,False,True,apartment,0.0,0.0,4.189654742026425,2.0,4404.0
"3 BHK Flatin Sargasan, Gandhinagar","Sargasan, Gandhinagar",95.0,7569.0,1255.0,"This lovely 3 bhk apartment/flat in sargasan is available for sale in one of gandhinagar's most popular projects, hrudhya. This is a west-Facing property. The flat occupies a carpet area of 1255 sq.Ft. That consists of 3 bedrooms, 3 bathrooms and 3 balconies. The property is located on the 2nd floor of a 14 floors tall building. An added advantage of this 0-1 year old flat is that it is availab...",https://www.99acres.com/3-bhk-bedroom-apartment-flat-for-sale-in-hrudhya-sargasan-gandhinagar-1255-sqft-spid-D87820816,3.0,3.0,3.0,2.0,14.0,unfurnished,Sargasan,West,New,1,False,True,False,apartment,0.0,0.0,4.564348191467836,3.0,7570.0
"1 BHK Flatin Sargasan, Gandhinagar","Sargasan, Gandhinagar",40.0,4444.0,900.0,"This property faces the east direction. Constructed on a super built up area of 100 sq.Yards, the flat comprises 1 bedroom(s), 1 bathroom and 1 balcony. The flat has a total of 8 floors and this property is situated on 3rd floor. Moreover, the flat is currently under construction and possession is expected by september 2027. The vitrified flooring of this flat is beautifully designed and helps ...",https://www.99acres.com/1-bhk-bedroom-apartment-flat-for-sale-in-sargasan-gandhinagar-900-sqft-spid-M90566706,1.0,1.0,1.0,3.0,8.0,,Sargasan,East,New,0,False,False,True,apartment,2.0,0.0,3.713572066704308,1.0,4444.0
"2 BHK Flatin Sargasan, Gandhinagar","Sargasan, Gandhinagar",50.0,3831.0,1305.0,"This property faces the east direction. Constructed on a super built up area of 145 sq.Yards, the flat comprises 2 bedroom(s), 2 bathrooms and 1 balcony. The residential building has 8 floors in total and the flat for sale is located on the 2nd floor. The flat is currently under construction stage and you can expect to get the possession of the property by november 2027. The vitrified flooring ...",https://www.99acres.com/2-bhk-bedroom-apartment-flat-for-sale-in-sargasan-gandhinagar-1305-sqft-spid-H90565754,2.0,2.0,1.0,2.0,8.0,unfurnished,Sargasan,East,New,0,False,False,True,apartment,0.0,0.0,3.9318256327243257,2.0,3831.0
"3 BHK Flatin Randesan, Gandhinagar","Randesan, Gandhinagar",118.0,5223.0,2259.0,3bhk flat for sell in randesan near dholeswar mahadev and randesan metro station near gift city,https://www.99acres.com/3-bhk-bedroom-apartment-flat-for-sale-in-pramukh-omkar-rivanta-randesan-gandhinagar-2259-sqft-r1-spid-G87704780,3.0,3.0,1.0,,,,Randesan,,Unknown,1,False,False,True,apartment,0.0,4.0,4.77912349311153,3.0,5224.0
"3 BHK Flatin Sargasan, Gandhinagar","Sargasan, Gandhinagar",72.0,4167.0,1728.0,"This property faces the north-East direction. The flat is over 192 sq.Yards built up area and comes with 3 bedroom(s), 3 bathrooms and 3 balconies. The residential building has 13 floors in total and the flat for sale is located on the 12th floor. Being a ready to move project, you can expect immediate possession of this 0-1 year old property. The well built vitrified flooring enhances the aest...",https://www.99acres.com/3-bhk-bedroom-apartment-flat-for-sale-in-sahajanand-elite-sargasan-gandhinagar-1728-sqft-spid-G90982256,3.0,3.0,3.0,12.0,13.0,unfurnished,Sargasan,North-East,New,1,True,False,False,apartment,0.0,0.0,4.290459441148391,3.0,4167.0
"3 BHK Flatin Sargasan, Gandhinagar","Sargasan, Gandhinagar",92.0,3363.0,2736.0,"The flat is north-East-Facing. Constructed on a built up area of 304 sq.Yards, the flat comprises 3 bedroom(s), 3 bathrooms and more than 3 balconies. This flat is situated on the top floor of this 13 floors tall residential building. This is a ready to move project and the property is 0-1 year old. The floor of this flat is beautifully designed using vitrified flooring, giving the flat an allu...",https://www.99acres.com/3-bhk-bedroom-apartment-flat-for-sale-in-sahajanand-elite-sargasan-gandhinagar-2736-sqft-spid-P90981526,3.0,3.0,3.0,,13.0,,Sargasan,North-East,New,1,True,False,False,apartment,0.0,0.0,4.532599493153256,3.0,3363.0
"3 BHK Flatin Raysan, Gandhinagar","Raysan, Gandhinagar",67.0,7386.0,907.0,"This residential flat is north-East-Facing direction. The flat occupies a carpet area of 907 sq.Ft. That consists of 3 bedrooms, 3 bathrooms and 2 balconies. This flat lies on the 7th level of a 8 storey building. Being a ready to move project, you can expect immediate possession of this 0-1 year old property. The vitrified flooring of this flat is beautifully designed and helps to give it a pl...",https://www.99acres.com/3-bhk-bedroom-apartment-flat-for-sale-in-raysan-gandhinagar-907-sqft-spid-Z90735824,3.0,3.0,2.0,7.0,8.0,unfurnished,Raysan,North-East,New,1,False,True,False,apartment,0.0,0.0,4.219507705176107,3.0,7387.0
"1 BHK Flatin Randheja, Gandhinagar","Randheja, Gandhinagar",25.0,3387.0,738.0,"The maruti nandan avenue flat is over 82 sq.Yards super built up area and comes with 1 bedroom(s), 1 bathroom and 1 balcony. The flat has a total of 3 floors and this property is situated on top floor. This is a ready to move project and the property is 9 years old.",https://www.99acres.com/1-bhk-bedroom-apartment-flat-for-sale-in-randheja-gandhinagar-738-sqft-spid-L90284864,1.0,1.0,1.0,,3.0,,Randheja,,Unknown,1,False,False,True,apartment,0.0,0.0,3.258096538021482,1.0,3388.0
"2 BHK Flatin Sargasan, Gandhinagar","Sargasan, Gandhinagar",60.0,4301.0,1395.0,"This property faces the north-East direction. The floor plan additionally contains 2 bedroom(s), 2 bathrooms and more than 3 balconies. All in all, the flat is spread over a built up area of 155 sq.Yards. The residential building has 7 floors in total and the flat for sale is located on the 5th floor. Being a ready to move project, you can expect immediate possession of this 1-5 years old prope...",https://www.99acres.com/2-bhk-bedroom-apartment-flat-for-sale-in-sargasan-gandhinagar-1395-sqft-spid-I90182856,2.0,2.0,3.0,5.0,7.0,unfurnished,Sargasan,North-East,1-5 years,1,True,False,False,apartment,0.0,0.0,4.110873864173311,2.0,4301.0
"3 BHK Flatin Sargasan, Gandhinagar","Sargasan, Gandhinagar",105.0,5608.0,1872.0,"This residential flat is east-Facing direction. Constructed on a super built up area of 1872 sq.Ft., the flat comprises 3 bedroom(s), 3 bathrooms and 1 balcony. This flat is situated on the 7th floor of this 15 floors tall residential building. Being a ready to move project, you can expect immediate possession of this 0-1 year old property. The flat comes well built with wood flooring options. ...",https://www.99acres.com/3-bhk-bedroom-apartment-flat-for-sale-in-shivala-sadbhav-sargasan-gandhinagar-1872-sqft-spid-C88484072,3.0,3.0,1.0,7.0,15.0,semi-furnished,Sargasan,East,New,1,False,False,True,apartment,0.0,0.0,4.663439094112067,3.0,5609.0
"2 BHK Flatin Sargasan, Gandhinagar","Sargasan, Gandhinagar",50.0,3968.0,1260.0,"This residential flat is north-East-Facing direction. Containing 2 bedroom(s), 2 bathrooms and 3 balconies, this flat is spread over a built up area of 140 sq.Yards. The property is located on the 1st floor of a 5 floors tall building. This 5-10 years old property is available for immediate possession as the project is ready to move. The floor of this flat is beautifully designed using vitrifie...",https://www.99acres.com/2-bhk-bedroom-apartment-flat-for-sale-in-saundarya-444-sargasan-gandhinagar-1260-sq-ft-spid-S90811652,2.0,2.0,3.0,1.0,5.0,unfurnished,Sargasan,North-East,5-10 years,1,True,False,False,apartment,0.0,0.0,3.9318256327243257,2.0,3968.0
"2 BHK Flatin Sargasan, Gandhinagar","Sargasan, Gandhinagar",55.0,4337.0,1268.0,"The floor plan additionally contains 2 bedroom(s), 2 bathrooms and 1 balcony. All in all, the flat is spread over a super built up area of 1268 sq.Ft. This flat is situated on the 5th floor of this 6 floors tall residential building. This is a ready to move project and the property is 5-10 years old. The floor of this flat is beautifully designed using vitrified flooring, giving the flat an all...",https://www.99acres.com/2-bhk-bedroom-apartment-flat-for-sale-in-prathna-greens-sargasan-gandhinagar-1268-sqft-spid-N89866466,2.0,2.0,1.0,5.0,6.0,,Sargasan,,5-10 years,1,False,False,True,apartment,0.0,0.0,4.02535169073515,2.0,4338.0
"2 BHK Flatin Sargasan, Gandhinagar","Sargasan, Gandhinagar",55.0,4428.0,1242.0,"Constructed on a carpet area of 138 sq.Yards, the flat comprises 2 bedroom(s), 2 bathrooms and 1 balcony. The flat has a total of 6 floors and this property is situated on 1st floor. As the project is already ready to move, so you can easily move into this 5-10 years old property. The well built vitrified flooring enhances the aesthetic appeal of this flat.",https://www.99acres.com/2-bhk-bedroom-apartment-flat-for-sale-in-bansal-shiva-blessing-1-sargasan-gandhinagar-1242-sqft-spid-U89865110,2.0,2.0,1.0,1.0,6.0,,Sargasan,,5-10 years,1,False,True,False,apartment,0.0,0.0,4.02535169073515,2.0,4428.0
"2 BHK Flatin Sargasan, Gandhinagar","Sargasan, Gandhinagar",66.0,6321.0,1044.0,"Containing 2 bedroom(s), 2 bathrooms and 2 balconies, this flat is spread over a super built up area of 1044 sq.Ft. The flat has a total of 11 floors and this property is situated on 7th floor. This 1-5 years old property is available for immediate possession as the project is ready to move. The well built vitrified flooring enhances the aesthetic appeal of this flat. Swagat pelican is designed...",https://www.99acres.com/2-bhk-bedroom-apartment-flat-for-sale-in-swagat-pelican-sargasan-gandhinagar-1044-sqft-spid-E89853518,2.0,2.0,2.0,7.0,11.0,,Sargasan,,1-5 years,1,False,False,True,apartment,0.0,0.0,4.204692619390966,2.0,6322.0
"2 BHK Flatin Sargasan, Gandhinagar","Sargasan, Gandhinagar",60.0,3870.0,1550.0,"The flat is over 1550 sq.Ft. Carpet area and comes with 2 bedroom(s), 2 bathrooms and 3 balconies. This flat is situated on the 10th floor of this 14 floors tall residential building. This residential property is still under construction and will be available for possession by december 2027. The vitrified flooring of this flat is beautifully designed and helps to give it a pleasing look. All th...",https://www.99acres.com/2-bhk-bedroom-apartment-flat-for-sale-in-psy-pramukh-praise-sargasan-gandhinagar-1550-sqft-spid-K89851634,2.0,2.0,3.0,10.0,14.0,,Sargasan,,New,0,False,False,False,apartment,0.0,0.0,4.110873864173311,2.0,3871.0
"2 BHK Flatin Gift City, Gandhinagar","Gift City, Gandhinagar",118.0,10776.0,1095.0,"The flat is east-Facing. The flat is over 1095 sq.Ft. Super built up area and comes with 2 bedroom(s), 2 bathrooms and 2 balconies. This flat lies on the 21st level of a 33 storey building. Being a ready to move project, you can expect immediate possession of this 0-1 year old property. The ceramic flooring of this flat is beautifully designed and helps to give it a pleasing look. Many of the m...",https://www.99acres.com/2-bhk-bedroom-apartment-flat-for-sale-in-sobha-dream-heights-gift-city-gandhinagar-1095-sqft-spid-Q89929994,2.0,2.0,2.0,21.0,33.0,unfurnished,Gift City,East,New,1,False,False,True,apartment,0.0,0.0,4.77912349311153,2.0,10776.0
"2 BHK Flatin Kudasan, Gandhinagar","Kudasan, Gandhinagar",60.0,3809.0,1575.0,"Looking for a 2 bhk property for sale in gandhinagar? Buy this 2 bhk flat in vlee iris that is situated in kudasan, gandhinagar. This property faces the east direction. Constructed on a super built up area of 1575 sq.Ft., the flat comprises 2 bedroom(s), 2 bathrooms and 1 balcony. This flat lies on the 3rd level of a 14 storey building. This residential flat is currently under construction and ...",https://www.99acres.com/2-bhk-bedroom-apartment-flat-for-sale-in-vlee-iris-kudasan-gandhinagar-1575-sqft-r1-spid-F86932888,2.0,2.0,1.0,3.0,14.0,unfurnished,Kudasan,East,New,0,False,False,True,apartment,0.0,0.0,4.110873864173311,2.0,3810.0
"2 BHK Flatin Koba, Gandhinagar","Koba, Gandhinagar",44.0,3595.0,1224.0,"The mahavir hills 2 floor plan additionally contains 2 bedroom(s), 2 bathrooms and 1 balcony. All in all, the flat is spread over a super built up area of 136 sq.Yards. The flat has a total of 7 floors and this property is situated on 6th floor. This 7 years old property is available for immediate possession as the project is ready to move.",https://www.99acres.com/2-bhk-bedroom-apartment-flat-for-sale-in-koba-gandhinagar-1224-sqft-r1-spid-L89557880,2.0,2.0,1.0,6.0,7.0,,Koba,,Unknown,1,False,False,True,apartment,0.0,0.0,3.8066624897703196,2.0,3595.0
"1 BHK Flatin Sargasan, Gandhinagar","Sargasan, Gandhinagar",40.0,6349.0,630.0,"This is a north-East-Facing property. The flat occupies a carpet area of 70 sq.Yards that consists of 1 bedroom, 1 bathroom and 1 balcony. The residential building has 10 floors in total and the flat for sale is located on the 1st floor. This is a ready to move project and the property is 10+ years old. Many of the modern amenities being offered, like park and lift(s), will provide a pleasant l...",https://www.99acres.com/1-bhk-bedroom-apartment-flat-for-sale-in-vrundavan-appartment-sargasan-gandhinagar-630-sq-ft-spid-L89137557,1.0,1.0,1.0,1.0,10.0,unfurnished,Sargasan,North-East,10-20 years,1,False,True,False,apartment,3.0,0.0,3.713572066704308,1.0,6349.0
"3 BHK Flatin Kudasan, Gandhinagar","Kudasan, Gandhinagar",142.0,9016.0,2637.0,"This is a north-East-Facing property. The flat occupies a built up area of 293 sq.Yards that consists of 3 bedrooms, 3 bathrooms and 3 balconies. The property is located on the 3rd floor of a 7 floors tall building. An added advantage of this 1-5 years old flat is that it is available for immediate possession as the project is already ready to move. The vitrified flooring of this flat is beauti...",https://www.99acres.com/3-bhk-bedroom-apartment-flat-for-sale-in-shivalay-parisar-kudasan-gandhinagar-2637-sqft-spid-C90478458,3.0,3.0,3.0,3.0,7.0,unfurnished,Kudasan,North-East,1-5 years,1,True,False,False,apartment,0.0,0.0,4.962844630259907,3.0,5385.0
"3 BHK Flatin Randesan, Gandhinagar","Randesan, Gandhinagar",98.0,4474.0,2190.0,"The flat is over 2190 sq.Ft. Super built up area and comes with 3 bedroom(s), 3 bathrooms and 3 balconies. The property is located on the 6th floor of a 13 floors tall building. As the project is already ready to move, so you can easily move into this 0-1 year old property.",https://www.99acres.com/3-bhk-bedroom-apartment-flat-for-sale-in-randesan-gandhinagar-2190-sq-ft-r1-spid-N84914756,3.0,3.0,3.0,6.0,13.0,,Randesan,,New,1,False,False,True,apartment,0.0,0.0,4.59511985013459,3.0,4475.0
"2 BHK Flatin Sargasan, Gandhinagar","Sargasan, Gandhinagar",53.0,4428.0,1197.0,"The flat is facing the east direction. Containing 2 bedroom(s), 2 bathrooms and 1 balcony, this flat is spread over a super built up area of 1675 sq.Ft. The flat has a total of 5 floors and this property is situated on 2nd floor. Being a ready to move project, you can expect immediate possession of this 5-10 years old property. The beautifully designed vitrified flooring enhances the beauty of ...",https://www.99acres.com/2-bhk-bedroom-apartment-flat-for-sale-in-swagat-afford-sargasan-gandhinagar-1197-sqft-spid-M90059210,2.0,2.0,1.0,2.0,5.0,unfurnished,Sargasan,East,5-10 years,1,False,False,True,apartment,0.0,0.0,3.9889840465642745,2.0,4428.0
"2 BHK Flatin Sargasan, Gandhinagar","Sargasan, Gandhinagar",52.0,4069.0,1278.0,"Constructed on a built up area of 142 sq.Yards, the flat comprises 2 bedroom(s), 2 bathrooms and 1 balcony. This flat lies on the 4th level of a 6 storey building. An added advantage of this 5-10 years old flat is that it is available for immediate possession as the project is already ready to move. The well built vitrified flooring enhances the aesthetic appeal of this flat. The flat will offe...",https://www.99acres.com/2-bhk-bedroom-apartment-flat-for-sale-in-shrimad-residency-sargasan-gandhinagar-1278-sqft-spid-B89875576,2.0,2.0,1.0,4.0,6.0,,Sargasan,,5-10 years,1,True,False,False,apartment,0.0,0.0,3.970291913552122,2.0,4069.0
"2 BHK Flatin Uvarsad, Gandhinagar","Uvarsad, Gandhinagar",58.0,4603.0,1260.0,"The flat is over 140 sq.Yards carpet area and comes with 2 bedroom(s), 2 bathrooms and 1 balcony. This flat lies on the 1st level of a 6 storey building. This is a ready to move project and the property is 5-10 years old. The vitrified flooring of this flat is beautifully designed and helps to give it a pleasing look. All the modern amenities such as lift(s), park and shopping centre will make ...",https://www.99acres.com/2-bhk-bedroom-apartment-flat-for-sale-in-psy-pramukh-glory-uvarsad-gandhinagar-1260-sqft-spid-U89868848,2.0,2.0,1.0,1.0,6.0,semi-furnished,Uvarsad,,5-10 years,1,False,True,False,apartment,3.0,0.0,4.07753744390572,2.0,4603.0
"4 BHK Flatin Sargasan, Gandhinagar","Sargasan, Gandhinagar",190.0,4979.0,3816.0,"The flat is facing the north-East direction. Constructed on a carpet area of 424 sq.Yards, the flat comprises 4 bedroom(s), 4 bathrooms and more than 3 balconies. This flat is situated on the top floor of this 13 floors tall residential building. An added advantage of this 1-5 years old flat is that it is available for immediate possession as the project is already ready to move. The flat comes...",https://www.99acres.com/4-bhk-bedroom-apartment-flat-for-sale-in-sargasan-gandhinagar-3816-sqft-spid-A89864050,4.0,4.0,3.0,,13.0,,Sargasan,North-East,1-5 years,1,False,True,False,apartment,0.0,0.0,5.25227342804663,4.0,4979.0
"3 BHK Flatin Raysan, Gandhinagar","Raysan, Gandhinagar",118.0,4682.0,2520.0,"The flat is facing the east direction. The floor plan additionally contains 3 bedroom(s), 2 bathrooms and 2 balconies. All in all, the flat is spread over a super built up area of 2520 sq.Ft. The residential building has 8 floors in total and the flat for sale is located on the 5th floor. This is a ready to move project and the property is 0-1 year old. All the modern amenities such as fitness ...",https://www.99acres.com/3-bhk-bedroom-apartment-flat-for-sale-in-vinayak-courtyard-raysan-gandhinagar-2520-sqft-spid-B90313652,3.0,2.0,2.0,5.0,8.0,unfurnished,Raysan,East,New,1,False,False,True,apartment,6.0,0.0,4.77912349311153,3.0,4683.0
"3 BHK Flatin Raysan, Gandhinagar","Raysan, Gandhinagar",130.0,4444.0,2925.0,Location at pdpu road. Only 3bhk flats Sky gym & rooftop amenities Pdpu road touch,https://www.99acres.com/3-bhk-bedroom-apartment-flat-for-sale-in-raysan-gandhinagar-2925-sqft-spid-Y89966812,3.0,3.0,1.0,,,,Raysan,,New,0,False,False,True,apartment,8.0,0.0,4.875197323201151,3.0,4444.0
"3 BHK Flatin Sargasan, Gandhinagar","Sargasan, Gandhinagar",78.0,6061.0,1287.0,"The shivala sadbhav floor plan additionally contains 3 bedroom(s), 3 bathrooms and 1 balcony. All in all, the flat is spread over a super built up area of 143 sq.Yards. The property is located on the 8th floor of a 13 floors tall building. This is a ready to move project and the property is 0-1 year old. The society is well equipped with many modern amenities, including fitness centre / gym, pa...",https://www.99acres.com/3-bhk-bedroom-apartment-flat-for-sale-in-shivala-sadbhav-sargasan-gandhinagar-1287-sqft-spid-F89920652,3.0,3.0,1.0,8.0,13.0,,Sargasan,,New,1,False,False,True,apartment,8.0,0.0,4.3694478524670215,3.0,6061.0
"1 BHK Flatin Sargasan, Gandhinagar","Sargasan, Gandhinagar",35.0,5185.0,675.0,"This 1 bhk apartment is available for sale in kalp capitol flora, one of the most prominent projects for flats in sargasan, gandhinagar. This residential flat is south-West-Facing direction. The flat occupies a built up area of 655 sq.Yards that consists of 1 bedroom, 2 bathrooms . The property is located on the 4th floor of a 5 floors tall building. Being a ready to move project, you can expec...",https://www.99acres.com/1-bhk-bedroom-apartment-flat-for-sale-in-kalp-capitol-flora-sargasan-gandhinagar-675-sqft-r2-spid-M83907392,1.0,2.0,1.0,4.0,5.0,unfurnished,Sargasan,South-West,New,1,False,True,False,apartment,0.0,0.0,3.58351893845611,1.0,5185.0
"2 BHK Flatin Vavol, Gandhinagar","Vavol, Gandhinagar",38.0,3248.0,1170.0,"This is a east-Facing property. The flat is over 130 sq.Yards super built up area and comes with 2 bedroom(s), 2 bathrooms and 1 balcony. The property is located on the 2nd floor of a 3 floors tall building. An added advantage of this 5-10 years old flat is that it is available for immediate possession as the project is already ready to move. The well built vitrified flooring enhances the aesth...",https://www.99acres.com/2-bhk-bedroom-apartment-flat-for-sale-in-sankalp-residency-vavol-gandhinagar-1170-sqft-spid-F90954344,2.0,2.0,1.0,2.0,3.0,unfurnished,Vavol,East,5-10 years,1,False,False,True,apartment,0.0,0.0,3.6635616461296463,2.0,3248.0
"2 BHK Flatin Sargasan, Gandhinagar","Sargasan, Gandhinagar",50.0,3912.0,1278.0,"This newly colored and semi-Furnished 2bhk flat in the well-Known shiva blessing apartment, sargasan, gandhinagar, is now available for sale at a competitive price of 50 lakh. This ready-To-Move property offers a fresh and vibrant living environment, having been recently repainted to provide a modern and clean aesthetic for its next owners. The apartment is thoughtfully designed to maximize nat...",https://www.99acres.com/2-bhk-bedroom-apartment-flat-for-sale-in-bansal-shiva-blessing-1-sargasan-gandhinagar-1278-sqft-spid-J88715848,2.0,2.0,1.0,,,semi-furnished,Sargasan,,New,1,False,False,True,apartment,0.0,0.0,3.9318256327243257,2.0,3912.0
"2 BHK Flatin Koba, Gandhinagar","Koba, Gandhinagar",65.0,8125.0,796.536,"Situated on the 2nd floor of a low-Rise building in satyamev surya, koba, this 10+ year old 2 bhk flat offers 800 sqft of well-Maintained living space. Ready for immediate possession, it features 2 bedrooms, 1 bathroom, and is partially furnished. Enjoy nearby amenities like a clubhouse, lift access, and proximity to health focus physiotherapy clinic, infocity, and pandit deendayal petroleum un...",https://www.99acres.com/2-bhk-bedroom-apartment-flat-for-sale-in-satyamev-surya-koba-gandhinagar-800-sqft-spid-U91322076,2.0,1.0,1.0,2.0,,semi-furnished,Koba,,10-20 years,1,False,True,False,apartment,3.0,4.0,4.189654742026425,2.0,8160.0
"2 BHK Builder Floorin Vavol, Gandhinagar","Vavol, Gandhinagar",27.0,2500.0,1080.0,"2 bhk builder floor in vavol, gandhinagar available for sale. This spacious builder floor provides you 2 bedrooms, 2 bathrooms . It's an unfurnished property. This property spans over built up area of 120 sq.Yards. This builder floor is situated at the top floor of 3 floors building. This 0-1 year old builder floor is ready to move in. This builder floor is owned under freehold contract. You ca...",https://www.99acres.com/2-bhk-bedroom-independent-builder-floor-for-sale-in-vavol-gandhinagar-1080-sqft-r1-spid-Q82066006,2.0,2.0,1.0,,3.0,unfurnished,Vavol,,New,1,False,False,False,builder floor,0.0,0.0,3.332204510175204,2.0,2500.0
"4 BHK Flatin Koba, Gandhinagar","Koba, Gandhinagar",150.0,11227.0,1334.736,"This 4 bhk flat in hilltown the overa, koba, gandhinagar, offers 1336 sqft of modern living space on the 6th floor of a 15-Floor high-Rise. Under construction and ready by june 2027, it features 4 bedrooms and 4 bathrooms, comes unfurnished, includes a lift, and is close to a swimming pool. Conveniently near motera stadium metro and key amenities.",https://www.99acres.com/4-bhk-bedroom-apartment-flat-for-sale-in-hilltown-the-overa-koba-gandhinagar-1336-sqft-spid-W91308058,4.0,4.0,2.0,6.0,15.0,unfurnished,Koba,,New,0,False,True,False,apartment,4.0,4.0,5.017279836814924,4.0,11238.0
"3 BHK Builder Floorin Urjanagar 1, Randesan, Gandhinagar","Urjanagar 1, Randesan, Gandhinagar",82.0,4846.0,1692.0,,https://www.99acres.com/3-bhk-bedroom-independent-builder-floor-for-sale-in-urjanagar-1-gandhinagar-1692-sqft-spid-O91306558,3.0,3.0,1.0,,,,Randesan,,Unknown,1,False,False,False,builder floor,,,4.418840607796598,3.0,4846.0
"3 BHK Builder Floorin Gift City, Gandhinagar","Gift City, Gandhinagar",80.0,4728.0,1692.0,"3 bhk builder floor in gift city enjoys a prime property in gandhinagar. This apartment is just the type of property you are looking for. 3 bedrooms, 3 bathrooms and 1 balcony are present in this builder floor. The furnishing status of the builder floor is furnished. This builder floor spreads over super built up area of 188 sq.Yards. You can find this spectacular builder floor on the 2nd floor...",https://www.99acres.com/3-bhk-bedroom-independent-builder-floor-for-sale-in-aawas-riverfront-gift-city-gandhinagar-1692-sqft-spid-T91299902,3.0,3.0,1.0,2.0,,furnished,Gift City,,New,1,False,False,False,builder floor,0.0,0.0,4.394449154672439,3.0,4728.0
"2 BHK Flatin Kalol, Gandhinagar","Kalol, Gandhinagar",22.0,3798.0,579.3130979999999,"Located in tata shubh griha, kalol, this 2 bhk flat on the 2nd floor of a low-Rise building offers 55 sqft of comfortable living. Ready for immediate sale, it features vitrified flooring, a gated society with lift access, and park views. Close to schools, healthcare, and shri hanumanji temple, its a practical choice in gandhinagars growing neighborhood.",https://www.99acres.com/2-bhk-bedroom-apartment-flat-for-sale-in-tata-shubh-griha-kalol-gandhinagar-55-sqft-spid-Z91248840,2.0,2.0,1.0,2.0,,unfurnished,Kalol,Other,New,1,False,True,False,apartment,5.0,1.0,3.1354942159291497,2.0,3798.0
"3 BHK Flatin Sargasan, Gandhinagar","Sargasan, Gandhinagar",85.0,4584.0,1854.0,"The flat is over 1854 sq.Ft. Built up area and comes with 3 bedroom(s), 3 bathrooms and 1 balcony. This flat is situated on the ground floor of this 1 floor tall residential building. An added advantage of this 0-1 year old flat is that it is available for immediate possession as the project is already ready to move.",https://www.99acres.com/3-bhk-bedroom-apartment-flat-for-sale-in-sargasan-gandhinagar-1854-sqft-spid-M91244378,3.0,3.0,1.0,0.0,1.0,,Sargasan,,New,1,True,False,False,apartment,0.0,0.0,4.454347296253507,3.0,4585.0
"2 BHK Flatin Ambika Nagar, Kalol, Gandhinagar","Ambika Nagar, Kalol, Gandhinagar",32.0,3200.0,1001.052,"Located in sahjanand apartment, ambika nagar, this 2 bhk flat on the 1st floor of a low-Rise building offers 1000 sqft of comfortable living space. With 2 bedrooms and 2 bathrooms, the apartment is over 10 years old and available immediately. Nearby are key hospitals and the shri hanumanji temple, enhancing convenience.",https://www.99acres.com/2-bhk-bedroom-apartment-flat-for-sale-in-ambika-nagar-gandhinagar-1000-sqft-spid-R91225648,2.0,2.0,1.0,1.0,,,Kalol,,New,1,False,True,False,apartment,0.0,2.0,3.4965075614664802,2.0,3197.0
"2 BHK Flatin Vavol, Gandhinagar","Vavol, Gandhinagar",42.0,3589.0,1173.2759999999998,"Available immediately, this 2 bhk flat in nilkanth vila, vavol offers 117 sqft of well-Planned space on the 2nd floor of a low-Rise building. With 2 bedrooms and 2 bathrooms, the 5-10 year old apartment comes unfurnished. Located near key medical facilities in gandhinagar, its ideal for convenient living.",https://www.99acres.com/2-bhk-bedroom-apartment-flat-for-sale-in-vavol-gandhinagar-1170-sqft-spid-J91199502,2.0,2.0,1.0,2.0,,unfurnished,Vavol,,5-10 years,1,False,True,False,apartment,0.0,0.0,3.7612001156935624,2.0,3580.0
"2 BHK Flatin Gift City, Gandhinagar","Gift City, Gandhinagar",28.0,2113.0,1325.0,"We are the proud owners of this 2 bhk apartment available in shilp north sky, gift city, gandhinagar. This semi-Furnished apartment it is a and the unit is located on 2nd floor and has a super built-Up area of 925 sq.Ft. . It has 2 bathroom(s) and 1 balcony(s). The ownership is freehold type.",https://www.99acres.com/2-bhk-bedroom-apartment-flat-for-sale-in-shilp-north-sky-gift-city-gandhinagar-1325-sqft-r1-spid-N84908850,2.0,2.0,1.0,2.0,,semi-furnished,Gift City,,New,1,False,False,True,apartment,0.0,0.0,3.367295829986474,2.0,2113.0
"1 BHK Flatin Chiloda, Gandhinagar","Chiloda, Gandhinagar",12.0,2589.0,463.45047839999995,"This 1 bhk flat, located on the 2nd floor of a 3-Story building in shubhlabh aavas yojna conop joi soc, chiloda, gandhinagar, offers 46 sqft of space. The 10+ year-Old residential property is available immediately and includes 1 bedroom and 1 bathroom, making it a practical choice for comfortable living.",https://www.99acres.com/1-bhk-bedroom-apartment-flat-for-sale-in-chiloda-gandhinagar-46-sqft-spid-S91072330,1.0,1.0,1.0,2.0,3.0,,Chiloda,,10-20 years,1,False,True,False,apartment,0.0,0.0,2.5649493574615367,1.0,2589.0
"1 BHK Builder Floorin Vavol, Gandhinagar","Vavol, Gandhinagar",35.0,2168.0,1614.585,"Discover smartly planned 1 bhk builder floor in vavol, an ideal space for your family in gandhinagar. This spacious builder floor provides you 1 bedroom, 1 bathroom . It's a semi-Furnished property. Built up area of the property is 150 sq.Ft. It is located on ground floor of 1 storey building. It is 0-1 year old ready to move property. The nature of ownership of this builder floor is freehold. ...",https://www.99acres.com/1-bhk-bedroom-independent-builder-floor-for-sale-in-vavol-gandhinagar-150-sqft-spid-B91011202,1.0,1.0,1.0,0.0,1.0,semi-furnished,Vavol,,New,1,True,False,False,builder floor,0.0,0.0,3.58351893845611,1.0,2168.0
"1 BHK Flatin Moti Bhoyan, Gandhinagar","Moti Bhoyan, Gandhinagar",21.0,5468.0,384.0,"This property faces the west direction. The flat is over 384 sq.Ft. Carpet area and comes with 1 bedroom(s), 1 bathroom . This flat is situated on the 1st floor of this 4 floors tall residential building. This is a ready to move project and the property is 1-5 years old.",https://www.99acres.com/1-bhk-bedroom-apartment-flat-for-sale-in-moti-bhoyan-gandhinagar-384-sqft-spid-R90991578,1.0,1.0,1.0,1.0,4.0,unfurnished,Kalol,West,1-5 years,1,False,False,False,apartment,0.0,0.0,3.091042453358316,1.0,5469.0
"1 BHK Flatin Raysan, Gandhinagar","Raysan, Gandhinagar",120.0,4762.0,2520.0,"Constructed on a built up area of 280 sq.Yards, the flat comprises 1 bedroom(s), 1 bathroom . The property is located on the ground floor of a 1 floor tall building. This 0-1 year old property is available for immediate possession as the project is ready to move.",https://www.99acres.com/1-bhk-bedroom-apartment-flat-for-sale-in-raysan-gandhinagar-2520-sqft-spid-J90966206,1.0,1.0,1.0,0.0,1.0,,Raysan,,New,1,True,False,False,apartment,0.0,0.0,4.795790545596741,1.0,4762.0
"3 BHK Flatin Raysan, Gandhinagar","Raysan, Gandhinagar",110.0,4200.0,2619.0,,https://www.99acres.com/3-bhk-bedroom-apartment-flat-for-sale-in-raysan-gandhinagar-2619-sqft-spid-G90942502,3.0,3.0,1.0,,,,Raysan,,Unknown,1,False,True,False,apartment,,,4.709530201312334,3.0,4200.0
"2 BHK Builder Floorin Pethapur, Gandhinagar","Pethapur, Gandhinagar",38.0,3199.0,1188.0,"Looking for magnificent 2 bhk builder floors in pethapur gandhinagar? This property is the best deal for you. 2 bedrooms, 2 bathrooms are present in this builder floor. It's an unfurnished property. This property spans over built up area of 1188 sq.Ft. This beautiful property resides at ground floor of 1 floor building. It is 0-1 year old ready to move property. The type of ownership of this pr...",https://www.99acres.com/2-bhk-bedroom-independent-builder-floor-for-sale-in-pethapur-gandhinagar-1188-sqft-spid-K90937386,2.0,2.0,1.0,0.0,1.0,unfurnished,Pethapur,,New,1,True,False,False,builder floor,0.0,0.0,3.6635616461296463,2.0,3199.0
"2 BHK Flatin Kudasan, Gandhinagar","Kudasan, Gandhinagar",50.0,4026.0,1242.0,,https://www.99acres.com/2-bhk-bedroom-apartment-flat-for-sale-in-divyajivan-heights-kudasan-gandhinagar-1242-sqft-r2-spid-E81802414,2.0,2.0,1.0,,,,Kudasan,,Unknown,1,False,True,False,apartment,,,3.9318256327243257,2.0,4026.0
"3 BHK Flatin Chiloda, Gandhinagar","Chiloda, Gandhinagar",70.0,7000.0,1000.0,,https://www.99acres.com/3-bhk-bedroom-apartment-flat-for-sale-in-sai-flora-chiloda-gandhinagar-1000-sqft-spid-P90897254,3.0,3.0,3.0,,,,Chiloda,,Unknown,1,False,True,False,apartment,,,4.2626798770413155,3.0,7000.0
"3 BHK Flatin Raysan, Gandhinagar","Raysan, Gandhinagar",125.0,5490.0,2277.0,Beat location for home The owner needs money so he has to sell it urgently.,https://www.99acres.com/3-bhk-bedroom-apartment-flat-for-sale-in-satvan-bellevue-raysan-gandhinagar-2277-sqft-spid-N90859994,3.0,3.0,1.0,,,,Raysan,,Unknown,1,False,True,False,apartment,0.0,0.0,4.836281906951478,3.0,5490.0
"1 BHK Flatin Kalol, Gandhinagar","Kalol, Gandhinagar",20.0,3787.0,528.0,Residential apartment for sell.Located on 1st floor out of the 4 located in kalol.It is a semifurnished property.The property has 1 bedroom with 1 bathroom .Available at an expected price of rs 2000000.The property comes with a good construction quality which ages 5-10 years old property,https://www.99acres.com/1-bhk-bedroom-apartment-flat-for-sale-in-tata-new-heaven-compact-kalol-gandhinagar-528-sqft-r3-spid-W74783613,1.0,1.0,1.0,1.0,4.0,semi-furnished,Kalol,,5-10 years,1,False,False,True,apartment,0.0,0.0,3.044522437723423,1.0,3788.0
"1 BHK Flatin Sargasan, Gandhinagar","Sargasan, Gandhinagar",35.0,6021.499160603017,581.2506,,https://www.99acres.com/1-bhk-bedroom-apartment-flat-for-sale-in-sthapan-2-sargasan-gandhinagar-54-sqft-spid-G90831682,1.0,1.0,1.0,,,,Sargasan,,Unknown,1,True,False,False,apartment,,,3.58351893845611,1.0,6021.0
"3 BHK Flatin Sargasan, Gandhinagar","Sargasan, Gandhinagar",78.0,4207.0,1854.0,"Located in shivala sadbhav, sargasan, this newly constructed 3 bhk flat offers 1854 sq.Ft. Of unfurnished living space on the 8th floor of a 14-Story high-Rise. With 3 bedrooms and 3 bathrooms, the property includes access to a clubhouse and gym. Immediate availability ensures easy move-In, with excellent connectivity to malls and highways nearby.",https://www.99acres.com/3-bhk-bedroom-apartment-flat-for-sale-in-shivala-sadbhav-sargasan-gandhinagar-1854-sqft-spid-W90798854,3.0,3.0,1.0,8.0,14.0,unfurnished,Sargasan,,New,1,False,False,True,apartment,4.0,2.0,4.3694478524670215,3.0,4207.0
"1 BHK Flatin Gift City, Gandhinagar","Gift City, Gandhinagar",111.0,20983.0,529.0,"Located in vida by nila spaces, gift city, this under-Construction 1 bhk apartment spans 529 sq.Ft. On the 7th floor of a 33-Story high-Rise. Featuring 2 bathrooms, lift access, and amenities like a gym and pool, it offers modern living with excellent connectivity near pdpu metro and national highway 48. Available from june 2028, ideal for residential sale.",https://www.99acres.com/1-bhk-bedroom-apartment-flat-for-sale-in-vida-by-nila-spaces-gift-city-gandhinagar-529-sqft-spid-M90792018,1.0,2.0,1.0,7.0,33.0,,Gift City,,New,0,False,True,False,apartment,6.0,3.0,4.718498871295094,1.0,20983.0
"4 BHK Flatin Sector 8B Gandhinagar, Sector 8 Gandhinagar","Sector 8B Gandhinagar, Sector 8 Gandhinagar",221.0,8500.0,2600.0,"Located in sector 8b gandhinagar, this 10+ year old, furnished 4 bhk flat on the top floor of a low-Rise building offers 2600 sq.Ft. Of comfortable living. Centrally air-Conditioned with parking available, it includes 4 bathrooms and is ready for immediate possession near key hospitals and religious sites.",https://www.99acres.com/4-bhk-bedroom-apartment-flat-for-sale-in-sector-8b-gandhinagar-2600-sqft-spid-K90779128,4.0,4.0,3.0,,,furnished,Sector 8,,10-20 years,1,False,True,False,apartment,4.0,2.0,5.402677381872279,4.0,8500.0
"3 BHK Flatin Uvarsad, Gandhinagar","Uvarsad, Gandhinagar",86.0,5368.0,1602.0,"Situated in psy pramukh trinity, uvarsad, gandhinagar, this 3 bhk furnished flat spans 1602 sq.Ft. On the 12th floor of a 14-Story high-Rise. Newly constructed and available immediately, it features 2 bathrooms, modular kitchen, central ac, parking, gym, clubhouse, pool, rainwater harvesting, and power backup. Close to schools, hospitals, and banks.",https://www.99acres.com/3-bhk-bedroom-apartment-flat-for-sale-in-psy-pramukh-trinity-uvarsad-gandhinagar-1602-sqft-spid-H90774530,3.0,2.0,3.0,12.0,14.0,furnished,Uvarsad,,New,1,False,False,True,apartment,10.0,3.0,4.465908118654584,3.0,5368.0
"1 BHK Flatin Pratap Pura, Kalol, Gandhinagar","Pratap Pura, Kalol, Gandhinagar",56.0,14000.0,400.0,"Located in janaadhar mangala, pratap pura, kalol, this 1 bhk flat spans 400 sq.Ft. On the 1st floor of a low-Rise, 3-Floor building. Semi-Furnished and just 1-5 years old, it offers immediate availability. The corner property overlooks a park and features vitrified flooring, gated society, parking, and proximity to metro, market, hospital, and school.",https://www.99acres.com/1-bhk-bedroom-apartment-flat-for-sale-in-janaadhar-mangala-pratap-pura-gandhinagar-400-sqft-spid-E90755828,1.0,1.0,1.0,1.0,3.0,semi-furnished,Kalol,Other,1-5 years,1,False,True,False,apartment,7.0,6.0,4.04305126783455,1.0,14000.0
"2 BHK Builder Floorin Sargasan, Gandhinagar","Sargasan, Gandhinagar",32.0,2634.0,1215.0,"Looking for magnificent 2 bhk builder floors in sargasan gandhinagar? This property is the best deal for you. This property has 2 bedrooms, 2 bathrooms . This is a semi-Furnished builder floor. This builder floor spreads over built up area of 135 sq.Yards. This builder floor apartment is located at top floor in a building of total 5 floors. It is 0-1 year old ready to move property. The type of...",https://www.99acres.com/2-bhk-bedroom-independent-builder-floor-for-sale-in-sargasan-gandhinagar-1215-sqft-spid-T90738748,2.0,2.0,1.0,,5.0,semi-furnished,Sargasan,,New,1,True,False,False,builder floor,0.0,0.0,3.4965075614664802,2.0,2634.0
"2 BHK Flatin Pethapur, Gandhinagar","Pethapur, Gandhinagar",75.0,5000.0,1500.0,"The flat occupies a super built up area of 1500 sq.Ft. That consists of 2 bedrooms, 2 bathrooms and 2 balconies. The residential building has 7 floors in total and the flat for sale is located on the 5th floor. This is a ready to move project and the property is 5-10 years old.",https://www.99acres.com/2-bhk-bedroom-apartment-flat-for-sale-in-pethapur-gandhinagar-1500-sqft-spid-C90730770,2.0,2.0,2.0,5.0,7.0,,Pethapur,,5-10 years,1,False,False,True,apartment,0.0,0.0,4.330733340286331,2.0,5000.0
"2 BHK Flatin Sargasan, Gandhinagar","Sargasan, Gandhinagar",47.0,4079.0,1152.0,"This residential flat is east-Facing direction. Constructed on a super built up area of 1152 sq.Ft., the flat comprises 2 bedroom(s), 2 bathrooms and 1 balcony. This flat is situated on the top floor of this 5 floors tall residential building. This 5-10 years old property is available for immediate possession as the project is ready to move. The vitrified flooring of this flat is beautifully de...",https://www.99acres.com/2-bhk-bedroom-apartment-flat-for-sale-in-sampad-prime-sargasan-gandhinagar-1152-sq-ft-r1-spid-M89119821,2.0,2.0,1.0,,5.0,unfurnished,Sargasan,East,5-10 years,1,False,False,True,apartment,0.0,0.0,3.871201010907891,2.0,4080.0
"2 BHK Flatin Sargasan, Gandhinagar","Sargasan, Gandhinagar",52.0,4344.0,1197.0,"This is a north-Facing property. The flat is over 133 sq.Yards built up area and comes with 2 bedroom(s), 2 bathrooms . The property is located on the top floor of a 5 floors tall building. This is a ready to move project and the property is 1-5 years old.",https://www.99acres.com/2-bhk-bedroom-apartment-flat-for-sale-in-swagat-aford-sargasan-gandhinagar-1197-sqft-spid-Z90714802,2.0,2.0,1.0,,5.0,,Sargasan,North,1-5 years,1,True,False,False,apartment,0.0,0.0,3.970291913552122,2.0,4344.0
"2 BHK Flatin Sargasan, Gandhinagar","Sargasan, Gandhinagar",48.0,7058.0,680.0,"The flat is facing the north-East direction. The flat is over 680 sq.Ft. Carpet area and comes with 2 bedroom(s), 2 bathrooms and 1 balcony. The flat has a total of 8 floors and this property is situated on 2nd floor. As the project is already ready to move, so you can easily move into this 1-5 years old property. The floor of this flat is beautifully designed using vitrified flooring, giving t...",https://www.99acres.com/2-bhk-bedroom-apartment-flat-for-sale-in-sargasan-gandhinagar-680-sqft-spid-M90712260,2.0,2.0,1.0,2.0,8.0,unfurnished,Sargasan,North-East,1-5 years,1,False,False,False,apartment,0.0,0.0,3.8918202981106265,2.0,7059.0
"3 BHK Flatin Raysan, Gandhinagar","Raysan, Gandhinagar",65.0,8227.0,790.0,"This residential flat is north-East-Facing direction. The floor plan additionally contains 3 bedroom(s), 3 bathrooms and 2 balconies. All in all, the flat is spread over a carpet area of 790 sq.Ft. The residential building has 12 floors in total and the flat for sale is located on the 8th floor. Being a ready to move project, you can expect immediate possession of this 0-1 year old property. Th...",https://www.99acres.com/3-bhk-bedroom-apartment-flat-for-sale-in-raysan-gandhinagar-790-sqft-spid-G90711578,3.0,3.0,2.0,8.0,12.0,unfurnished,Raysan,North-East,New,1,False,True,False,apartment,0.0,0.0,4.189654742026425,3.0,8228.0
"3 BHK Flatin Sargasan, Gandhinagar","Sargasan, Gandhinagar",95.0,7569.0,1255.0,"This residential flat is north-East-Facing direction. Constructed on a carpet area of 117 sq.M., the flat comprises 3 bedroom(s), 3 bathrooms and 2 balconies. This flat is situated on the 6th floor of this 14 floors tall residential building. This is a ready to move project and the property is 0-1 year old. The vitrified flooring of this flat is beautifully designed and helps to give it a pleas...",https://www.99acres.com/3-bhk-bedroom-apartment-flat-for-sale-in-sargasan-gandhinagar-1255-sqft-spid-V90711394,3.0,3.0,2.0,6.0,14.0,unfurnished,Sargasan,North-East,New,1,False,True,False,apartment,0.0,0.0,4.564348191467836,3.0,7570.0
"2 BHK Flatin Sargasan, Gandhinagar","Sargasan, Gandhinagar",70.0,5847.0,1197.0,"This 10+ year old 2 bhk flat on the 5th floor of a low-Rise building in swagat afford, sargasan, gandhinagar offers 1197 sq.Ft. Of immediate availability. Featuring 2 bedrooms and 2 bathrooms, its furnished and includes parking, lift access, a gym, and swimming pool. Nearby are several temples, adding cultural value to the location.",https://www.99acres.com/2-bhk-bedroom-apartment-flat-for-sale-in-swagat-afford-sargasan-gandhinagar-1197-sq-ft-spid-A90710544,2.0,2.0,1.0,5.0,,furnished,Sargasan,,New,1,False,True,False,apartment,6.0,1.0,4.2626798770413155,2.0,5848.0
"3 BHK Flatin Sargasan, Gandhinagar","Sargasan, Gandhinagar",127.0,5076.0,2502.0,"Situated on the top floor of a mid-Rise building in vv akshat paradise, this 3 bhk flat spans 2502 sq.Ft. Semi-Furnished and 1-5 years old, it features vaastu compliance, a modular kitchen, and overlooks both the main road and a park. Amenities include a gym, clubhouse, and pool. Immediate availability, with parking and lift access, close to schools, hospital, and shopping.",https://www.99acres.com/3-bhk-bedroom-apartment-flat-for-sale-in-vv-akshat-paradise-sargasan-gandhinagar-2502-sqft-spid-D90706690,3.0,3.0,1.0,,,semi-furnished,Sargasan,Other,1-5 years,1,True,False,False,apartment,15.0,4.0,4.852030263919617,3.0,5076.0
"2 BHK Flatin Kudasan, Gandhinagar","Kudasan, Gandhinagar",55.0,4365.0,1260.0,"Looking for a 2 bhk property for sale in gandhinagar? Buy this 2 bhk flat in shubh candid that is situated in kudasan, gandhinagar. Constructed on a built up area of 1260 sq.Ft., the flat comprises 2 bedroom(s), 2 bathrooms and 2 balconies. This flat lies on the 4th level of a 5 storey building. Being a ready to move project, you can expect immediate possession of this 1-5 years old property.",https://www.99acres.com/2-bhk-bedroom-apartment-flat-for-sale-in-kudasan-gandhinagar-1260-sqft-r1-spid-B84719706,2.0,2.0,2.0,4.0,5.0,,Kudasan,,1-5 years,1,True,False,False,apartment,0.0,0.0,4.02535169073515,2.0,4365.0
"3 BHK Flatin Sargasan, Gandhinagar","Sargasan, Gandhinagar",83.0,4434.0,1872.0,"Located in shivala sadbhav, sargasan, this 3 bhk flat on the 8th floor of a 14-Story high-Rise offers 1872 sq.Ft. Of living space. Available immediately, the 0-1 year old residence comes unfurnished and features 3 bedrooms and 3 bathrooms. Enjoy proximity to shopping malls, connectivity via s.G. And koba highways, plus a fitness center and clubhouse.",https://www.99acres.com/3-bhk-bedroom-apartment-flat-for-sale-in-shivala-sadbhav-sargasan-gandhinagar-1872-sqft-spid-Y90701802,3.0,3.0,1.0,8.0,14.0,unfurnished,Sargasan,,New,1,False,False,True,apartment,4.0,2.0,4.430816798843313,3.0,4434.0
"3 BHK Flatin Sargasan, Gandhinagar","Sargasan, Gandhinagar",80.0,4338.0,1844.0,"Constructed on a super built up area of 1844 sq.Ft., the flat comprises 3 bedroom(s), 3 bathrooms and 2 balconies. This flat is situated on the 2nd floor of this 5 floors tall residential building. An added advantage of this 5-10 years old flat is that it is available for immediate possession as the project is already ready to move. The well built vitrified flooring enhances the aesthetic appea...",https://www.99acres.com/3-bhk-bedroom-apartment-flat-for-sale-in-siddhraj-zold-sargasan-gandhinagar-1844-sqft-spid-J90683642,3.0,3.0,2.0,2.0,5.0,,Sargasan,,5-10 years,1,False,False,True,apartment,0.0,0.0,4.394449154672439,3.0,4338.0
"3 BHK Flatin Sargasan, Gandhinagar","Sargasan, Gandhinagar",95.0,7569.0,1255.0,"The flat is over 1255 sq.Ft. Carpet area and comes with 3 bedroom(s), 3 bathrooms and 1 balcony. This flat is situated on the 7th floor of this 14 floors tall residential building. This 0-1 year old property is available for immediate possession as the project is ready to move. Hrudhya is designed very well to provide modern facilities such as swimming pool, fitness centre / gym, grocery shop, ...",https://www.99acres.com/3-bhk-bedroom-apartment-flat-for-sale-in-hrudhya-sargasan-gandhinagar-1255-sqft-spid-I90669278,3.0,3.0,1.0,7.0,14.0,,Sargasan,,New,1,False,False,False,apartment,7.0,0.0,4.564348191467836,3.0,7570.0
"2 BHK Flatin Raysan, Gandhinagar","Raysan, Gandhinagar",50.0,6761.0,739.0,"The flat is facing the north-East direction. The floor plan additionally contains 2 bedroom(s), 2 bathrooms and 1 balcony. All in all, the flat is spread over a carpet area of 69 sq.M. The property is located on the 1st floor of a 8 floors tall building. This is a ready to move project and the property is 2-5 year old. The beautifully designed vitrified flooring enhances the beauty of the flat....",https://www.99acres.com/2-bhk-bedroom-apartment-flat-for-sale-in-raysan-gandhinagar-739-sqft-spid-X90667734,2.0,2.0,1.0,1.0,8.0,unfurnished,Raysan,North-East,1-5 years,1,False,True,False,apartment,0.0,0.0,3.9318256327243257,2.0,6766.0
"3 BHK Flatin Vavol, Gandhinagar","Vavol, Gandhinagar",62.0,3533.0,1755.0,"This 3 bhk flat on the 9th floor of an 11-Story high-Rise in tatva integrity, vavol, gandhinagar offers 1755 sq.Ft. Of modern living space. Ready for immediate possession, the nearly new apartment features 3 bedrooms, 3 bathrooms, and comes unfurnished. Residents enjoy access to a gym, clubhouse, lift, and proximity to top educational institutions and shopping hubs.",https://www.99acres.com/3-bhk-bedroom-apartment-flat-for-sale-in-tatva-integrity-vavol-gandhinagar-1755-sqft-spid-U90637258,3.0,3.0,2.0,9.0,11.0,unfurnished,Vavol,,New,1,False,True,False,apartment,5.0,1.0,4.143134726391533,3.0,3533.0
"2 BHK Flatin Urjanagar 1, Randesan, Gandhinagar","Urjanagar 1, Randesan, Gandhinagar",37.0,3670.0,1008.0,"This beautiful 2 bhk flat in urjanagar 1, gandhinagar is situated in sheetal vedika happy valley, one of the popular residential society in gandhinagar. The flat is facing the south-East direction. Constructed on a super built up area of 1008 sq.Ft., the flat comprises 2 bedroom(s), 2 bathrooms . The residential building has 5 floors in total and the flat for sale is located on the 3rd floor. A...",https://www.99acres.com/2-bhk-bedroom-apartment-flat-for-sale-in-sheetal-vedika-happy-valley-urjanagar-1-gandhinagar-1008-sqft-r2-spid-T83907540,2.0,2.0,1.0,3.0,5.0,,Randesan,South-East,New,1,False,False,True,apartment,0.0,0.0,3.6375861597263857,2.0,3671.0
"2 BHK Flatin Koba, Gandhinagar","Koba, Gandhinagar",42.0,3442.0,1260.0,"Located in the popular residential address of koba, gandhinagar, shubh associates shubh pioneer is one of the most preferred destination for apartments in gandhinagar. This 2 bhk flat is your ticket to be a part of this community. This property faces the south direction. Containing 2 bedroom(s), 2 bathrooms and 1 balcony, this flat is spread over a super built up area of 1260 sq.Ft. The flat ha...",https://www.99acres.com/2-bhk-bedroom-apartment-flat-for-sale-in-shubh-associates-shubh-pioneer-koba-gandhinagar-1260-sqft-r2-spid-U84952460,2.0,2.0,1.0,,,unfurnished,Koba,South,New,1,False,False,True,apartment,0.0,0.0,3.7612001156935624,2.0,3333.0
"2 BHK Flatin Kalol, Gandhinagar","Kalol, Gandhinagar",32.0,2666.0,1200.0,"The floor plan additionally contains 2 bedroom(s), 2 bathrooms and 1 balcony. All in all, the flat is spread over a carpet area of 1200 sq.Ft. The property is located on the 4th floor of a 5 floors tall building. An added advantage of this 5-10 years old flat is that it is available for immediate possession as the project is already ready to move.",https://www.99acres.com/2-bhk-bedroom-apartment-flat-for-sale-in-ratna-villa-sagar-kalol-gandhinagar-1200-sqft-spid-O90608652,2.0,2.0,1.0,4.0,5.0,,Kalol,,5-10 years,1,False,True,False,apartment,0.0,0.0,3.4965075614664802,2.0,2667.0
"4 BHK Flatin Sargasan, Gandhinagar","Sargasan, Gandhinagar",250.0,8680.0,2880.0,"Located in the heart of gandhinagars swagat agacia, this furnished 4 bhk flat offers 2880 sq.Ft. Of airy, east-Facing living space on the 7th floor of a 14-Story high-Rise. With four bathrooms, modular kitchen, central a/c, and access to a gym and pool, its perfect for comfortable family living. Immediate availability in a gated society near schools, malls, and connectivity hubs.",https://www.99acres.com/4-bhk-bedroom-apartment-flat-for-sale-in-swagat-agacia-sargasan-gandhinagar-2880-sqft-spid-D90607860,4.0,4.0,2.0,7.0,14.0,furnished,Sargasan,East,New,1,False,False,True,apartment,5.0,3.0,5.5254529391317835,4.0,8681.0
"3 BHK Flatin Sargasan, Gandhinagar","Sargasan, Gandhinagar",160.0,10709.0,1494.0,"It's in main location near the highway , dmart,mall , companies you can easily access everything",https://www.99acres.com/3-bhk-bedroom-apartment-flat-for-sale-in-maruti-amrakunj-2-sargasan-gandhinagar-1494-sqft-spid-W90605516,3.0,3.0,1.0,,,,Sargasan,,Unknown,1,False,True,False,apartment,0.0,5.0,5.081404364984463,3.0,10710.0
"2 BHK Flatin Randheja, Gandhinagar","Randheja, Gandhinagar",50.0,3846.0,1300.0,"Fully wooden furnished, tv unit, tendom moduler kitchen + chimney, standing temple , pop with decorative light, 2 wardrobe + upper storage in both bed room, fixed 6x6 bed, attractive certain, wall mounted table for study in balcony",https://www.99acres.com/2-bhk-bedroom-apartment-flat-for-sale-in-randheja-gandhinagar-1300-sqft-spid-L90605176,2.0,2.0,2.0,,,furnished,Randheja,,Unknown,1,True,False,False,apartment,0.0,0.0,3.9318256327243257,2.0,3846.0
"1 BHK Flatin Vavol, Gandhinagar","Vavol, Gandhinagar",33.51,3896.0,860.0,"We are the proud owners of this 1 bhk apartment available in shivesh 195, vavol, gandhinagar. This it is a and the unit is located on 3rd floor and has a super built-Up area of 860 sq.Ft. . It has 2 bathroom(s) and 1 balcony(s). The ownership is freehold type.",https://www.99acres.com/1-bhk-bedroom-apartment-flat-for-sale-in-shivesh-195-vavol-gandhinagar-860-sqft-r1-spid-W82513682,1.0,2.0,1.0,3.0,,,Vavol,,New,1,False,False,True,apartment,0.0,0.0,3.541249137109912,1.0,3897.0
"1 BHK Flatin Kalol, Gandhinagar","Kalol, Gandhinagar",25.0,4223.0,592.0145,"Situated in a well-Maintained society in kalol, gandhinagar, this 1 bhk flat offers 55 sq.Ft. Of unfurnished space on the 6th floor of a 7-Story mid-Rise building. Built 1-5 years ago, it features marble flooring, high ceilings, and essential amenities like visitor parking and on-Call maintenance. Immediate availability near key hospitals and a religious site enhances convenience.",https://www.99acres.com/1-bhk-bedroom-apartment-flat-for-sale-in-kalol-gandhinagar-55-sqft-spid-K90578694,1.0,1.0,1.0,6.0,7.0,unfurnished,Kalol,,1-5 years,1,False,True,False,apartment,2.0,1.0,3.258096538021482,1.0,4223.0
"1 BHK Flatin Kalol, Gandhinagar","Kalol, Gandhinagar",22.5,3801.0,592.0145,"This unfurnished 1 bhk flat on the 6th floor of a 7-Story mid-Rise building in kalol offers 55 sq.Ft. Of comfortable living space. With marble flooring, high ceilings, and lift access, its ideal for immediate sale. Located near key hospitals and shree satay narayan mandir, the home ensures convenience and accessibility, including visitor parking and on-Call maintenance.",https://www.99acres.com/1-bhk-bedroom-apartment-flat-for-sale-in-kalol-gandhinagar-55-sqft-spid-T90578608,1.0,1.0,1.0,6.0,7.0,unfurnished,Kalol,,New,1,False,True,False,apartment,3.0,0.0,3.1570004211501135,1.0,3801.0
"3 BHK Flatin Sargasan, Gandhinagar","Sargasan, Gandhinagar",64.51,3833.0,1683.0,"The ashwamegh elite flat is over 187 sq.Yards super built up area and comes with 3 bedrooms, 3 bathrooms and 1 balcony. The property is located on the 8th floor of a 11 floors tall building. This is a ready to move project and the property is 1 year old. Na/noc available.",https://www.99acres.com/3-bhk-bedroom-apartment-flat-for-sale-in-ashwamegh-elite-sargasan-gandhinagar-1683-sqft-spid-B90568020,3.0,3.0,1.0,8.0,11.0,unfurnished,Sargasan,,New,1,False,False,True,apartment,0.0,0.0,4.182202802743785,3.0,3833.0
"3 BHK Flatin Kudasan, Gandhinagar","Kudasan, Gandhinagar",78.0,3994.0,1953.0,"Containing 3 bedroom(s), 2 bathrooms and 1 balcony, this flat is spread over a carpet area of 217 sq.Ft. This flat lies on the 3rd level of a 7 storey building. Being a ready to move project, you can expect immediate possession of this 1-5 years old property. The society is well equipped with many modern amenities, including fitness centre / gym, club house and lift(s).",https://www.99acres.com/3-bhk-bedroom-apartment-flat-for-sale-in-kudasan-gandhinagar-1953-sqft-spid-M90534390,3.0,2.0,1.0,3.0,7.0,,Kudasan,,1-5 years,1,False,True,False,apartment,5.0,0.0,4.3694478524670215,3.0,3994.0
"2 BHK Flatin Sargasan, Gandhinagar",Swagat RaForest 4,45.0,3750.0,1200.0,"It's kh road touch house in a prime location of sargasan.One can enjoy road side view with safe distance without bothering about dust.It comes with allotted parking.Most of the festivals are celebrated here with great enthusiasm.Maintenance charge is 1500 rs.Per month.If you intend to buy as an investor,you don't need find a tenant as this flat is already on rent with monthly income of 15000/- ...",https://www.99acres.com/2-bhk-bedroom-apartment-flat-for-sale-in-swagat-rain-forest-4-sargasan-gandhinagar-1200-sqft-spid-N90525252,2.0,2.0,1.0,,,,Sargasan,,Unknown,1,False,True,False,apartment,0.0,0.0,3.828641396489095,2.0,3750.0
"2 BHK Flatin Gift City, Gandhinagar","Gift City, Gandhinagar",65.0,7975.0,815.0,"The flat occupies a carpet area of 815 sq.Ft. That consists of 2 bedrooms, 2 bathrooms and 1 balcony. The residential building has 6 floors in total and the flat for sale is located on the 3rd floor. This is a ready to move project and the property is 1-5 years old. The flat will offer a modern lifestyle as it is presented with many of the amenities such as fitness centre / gym, club house, par...",https://www.99acres.com/2-bhk-bedroom-apartment-flat-for-sale-in-shree-rang-pearl-by-kaavyaratna-group-gift-city-gandhinagar-815-sqft-spid-L88701378,2.0,2.0,1.0,3.0,6.0,,Gift City,,1-5 years,1,False,True,False,apartment,5.0,0.0,4.189654742026425,2.0,7975.0
"2 BHK Flatin Sargasan, Gandhinagar","Sargasan, Gandhinagar",50.0,4444.0,1125.0,"Located in psy pramukh oasis, sargasan, gandhinagar, this 5-10 year old 2 bhk flat offers 1125 sq.Ft. Of well-Designed space on the 3rd floor of a low-Rise building. With 2 bedrooms, 2 bathrooms, lift access, power backup, rainwater harvesting, and vaastu compliance, its available for immediate sale near key temples and healthcare centers. Furnished status not specified.",https://www.99acres.com/2-bhk-bedroom-apartment-flat-for-sale-in-psy-pramukh-oasis-sargasan-gandhinagar-1125-sqft-spid-Q90502038,2.0,2.0,1.0,3.0,,,Sargasan,,5-10 years,1,False,True,False,apartment,6.0,1.0,3.9318256327243257,2.0,4444.0
"5 BHK Flatin Pethapur, Gandhinagar","Pethapur, Gandhinagar",190.0,13571.0,1400.0,"Located in siddhivinayak bunglows, pethapur, gandhinagar, this 10+ year old 5 bhk flat spans 1400 sq.Ft. On the top floor of a low-Rise, 2-Floor building. Featuring 5 bathrooms, its fully furnished and available immediately. Close to key hospitals and ambe mata mandir, this residential sale balances comfort with convenience.",https://www.99acres.com/5-bhk-bedroom-apartment-flat-for-sale-in-pethapur-gandhinagar-1400-sqft-spid-H90491282,5.0,5.0,3.0,,2.0,furnished,Pethapur,,10-20 years,1,False,True,False,apartment,0.0,1.0,5.25227342804663,5.0,13571.0
"2 BHK Flatin Urjanagar 1, Randesan, Gandhinagar","Urjanagar 1, Randesan, Gandhinagar",40.0,3968.0,1008.0,"The flat is facing the east direction. The flat is over 1008 sq.Ft. Super built up area and comes with 2 bedroom(s), 2 bathrooms and 1 balcony. The property is located on the 4th floor of a 5 floors tall building. Being a ready to move project, you can expect immediate possession of this 5-10 years old property. The flat comes well built with vitrified flooring options.",https://www.99acres.com/2-bhk-bedroom-apartment-flat-for-sale-in-sheetal-vedika-happy-valley-urjanagar-1-gandhinagar-1008-sqft-spid-C90490366,2.0,2.0,1.0,4.0,5.0,unfurnished,Randesan,East,5-10 years,1,False,False,True,apartment,0.0,0.0,3.713572066704308,2.0,3968.0
"2 BHK Flatin Kudasan, Gandhinagar","Kudasan, Gandhinagar",63.0,3933.0,1602.0,,https://www.99acres.com/2-bhk-bedroom-apartment-flat-for-sale-in-kudasan-gandhinagar-1602-sqft-spid-C90484116,2.0,2.0,1.0,,,,Kudasan,,Unknown,0,False,True,False,apartment,,,4.1588830833596715,2.0,3933.0
"2 BHK Flatin Kalol, Gandhinagar","Kalol, Gandhinagar",35.0,3703.0,945.0,"This 2 bhk flat, spread over 945 sq.Ft., is located on the 4th floor of a low-Rise building in s shapath height, kalol, gandhinagar. Perfect for immediate occupancy, the 5-10 year old apartment offers 2 bedrooms, 2 bathrooms, and easy access to the lift. Nearby amenities include several hospitals and shree satay narayan mandir.",https://www.99acres.com/2-bhk-bedroom-apartment-flat-for-sale-in-s-shapath-height-kalol-gandhinagar-945-sqft-spid-L90479118,2.0,2.0,1.0,4.0,,,Kalol,,5-10 years,1,False,False,True,apartment,1.0,1.0,3.58351893845611,2.0,3704.0
"1 BHK Flatin Gift City, Gandhinagar","Gift City, Gandhinagar",95.0,17958.0,529.0,"Constructed on a built up area of 529 sq.Ft., the flat comprises 1 bedroom(s), 2 bathrooms and 2 balconies. The property is located on the ground floor of a 1 floor tall building. Being a ready to move project, you can expect immediate possession of this 0-1 year old property.",https://www.99acres.com/1-bhk-bedroom-apartment-flat-for-sale-in-gift-city-gandhinagar-529-sqft-spid-C90477042,1.0,2.0,2.0,0.0,1.0,,Gift City,,New,1,True,False,False,apartment,0.0,0.0,4.564348191467836,1.0,17958.0
"3 BHK Flatin Sargasan, Gandhinagar","Sargasan, Gandhinagar",85.0,4197.0,2025.0,"Per floor 2 flats, No common wall between 2 flats, 2 seprate seating area",https://www.99acres.com/3-bhk-bedroom-apartment-flat-for-sale-in-atishay-shivalay-3-sargasan-gandhinagar-2025-sqft-r1-spid-V83891872,3.0,3.0,1.0,,,,Sargasan,,Unknown,1,True,False,False,apartment,0.0,0.0,4.454347296253507,3.0,4198.0
"2 BHK Flatin Sargasan, Gandhinagar","Sargasan, Gandhinagar",49.0,4220.0,1161.0,"The floor plan additionally contains 2 bedroom(s), 2 bathrooms and 1 balcony. All in all, the flat is spread over a super built up area of 1161 sq.Ft. The flat has a total of 7 floors and this property is situated on 4th floor. Being a ready to move project, you can expect immediate possession of this 5-10 years old property. The vitrified flooring of this flat is beautifully designed and helps...",https://www.99acres.com/2-bhk-bedroom-apartment-flat-for-sale-in-psy-pramukh-elysium-sargasan-gandhinagar-1161-sqft-spid-J90454770,2.0,2.0,1.0,4.0,7.0,,Sargasan,,5-10 years,1,False,False,True,apartment,0.0,0.0,3.912023005428146,2.0,4220.0
"2 BHK Flatin Kudasan, Gandhinagar","Kudasan, Gandhinagar",51.0,4197.0,1216.332,"Urban comfort meets suburban peace at mahavir hills 2 Looking for a spacious home that keeps you close to the action but away from the noise? This 1215 sqft, 2 bhk high-Rise apartment offers the perfect blend of modern living and convenience. Located directly opposite shree kamlam on koba road, you are perfectly positioned between ahmedabad and gandhinagar. Space to breathe: Generous 1215 sqft ...",https://www.99acres.com/2-bhk-bedroom-apartment-flat-for-sale-in-mahavir-hills-kudasan-gandhinagar-1215-sqft-spid-P90421844,2.0,2.0,1.0,,,unfurnished,Kudasan,,New,1,False,True,False,apartment,2.0,10.0,3.9512437185814275,2.0,4193.0
"2 BHK Flatin Raysan, Gandhinagar","Raysan, Gandhinagar",56.0,4444.0,1260.0,"Situated on the 9th floor of a high-Rise in ariverview 77 raysan, this 0-1 year old 2 bhk flat offers 1260 sq.Ft. Of living space with 2 bathrooms. Ready for immediate sale, the unfurnished apartment boasts modern design and proximity to health clinics, infocity office complex, and pandit deendayal petroleum university.",https://www.99acres.com/2-bhk-bedroom-apartment-flat-for-sale-in-raysan-gandhinagar-1260-sqft-spid-Q90394386,2.0,2.0,1.0,9.0,,unfurnished,Raysan,,New,1,False,True,False,apartment,0.0,0.0,4.04305126783455,2.0,4444.0
"2 BHK Flatin Sargasan, Gandhinagar","Sargasan, Gandhinagar",72.0,5095.0,1413.0,"This beautiful 2 bhk flat in sargasan, gandhinagar is situated in siddharth xclusive, one of the popular residential society in gandhinagar. This is an east-Facing property with open view. Constructed on a super built-Up area of 1413 sq.Ft., the flat comprises 2 bedroom(s), 2 bathrooms and 3 balconies. The flat has a total of 13 floors and this property is situated on 9th floor. As the project ...",https://www.99acres.com/2-bhk-bedroom-apartment-flat-for-sale-in-skj-siddharth-xclusive-sargasan-gandhinagar-1413-sqft-r1-spid-J88108796,2.0,2.0,3.0,9.0,13.0,unfurnished,Sargasan,East,New,1,False,False,True,apartment,0.0,0.0,4.290459441148391,2.0,5096.0
"2 BHK Flatin Sargasan, Gandhinagar","Sargasan, Gandhinagar",42.5,3871.0,1098.0,"The sharan residency flat is over 122 sq.Yards super built up area and comes with 2 bedrooms, 2 bathrooms and 1 balcony. The residential building has 5 floors in total and the flat for sale is located on the 1st floor. Being a ready to move project, you can expect immediate possession of this 10 years old property.",https://www.99acres.com/2-bhk-bedroom-apartment-flat-for-sale-in-sharan-residency-sargasan-gandhinagar-1098-sqft-r1-spid-E88819224,2.0,2.0,1.0,1.0,5.0,,Sargasan,,10-20 years,1,False,False,True,apartment,0.0,0.0,3.7727609380946383,2.0,3871.0
"3 BHK Flatin Sargasan, Gandhinagar","Sargasan, Gandhinagar",80.0,3704.0,2160.0,"We are the proud owners of this 3 bhk apartment available in shubhaarambh shilp serenity, sargasan, gandhinagar. This it is a and the unit is located on 6th floor and has a super built-Up area of 240 sq.Yards. It has 3 bathroom(s) and 3 balcony(s). The ownership is freehold type.",https://www.99acres.com/3-bhk-bedroom-apartment-flat-for-sale-in-shubhaarambh-shilp-serenity-sargasan-gandhinagar-2160-sqft-spid-F90360990,3.0,3.0,3.0,6.0,,,Sargasan,,New,1,False,False,True,apartment,0.0,0.0,4.394449154672439,3.0,3704.0
"3 BHK Flatin Randesan, Gandhinagar","Randesan, Gandhinagar",110.0,4948.0,2223.0,"The flat is facing the east direction. The flat occupies a super built up area of 247 sq.Yards that consists of 3 bedrooms, 3 bathrooms and 1 balcony. The property is located on the 5th floor of a 13 floors tall building. This is a ready to move project and the property is 0-1 year old. The floor of this flat is beautifully designed using vitrified flooring, giving the flat an alluring look. Th...",https://www.99acres.com/3-bhk-bedroom-apartment-flat-for-sale-in-siddhraj-zoey-randesan-gandhinagar-2223-sqft-r1-spid-L88768476,3.0,3.0,1.0,5.0,13.0,unfurnished,Randesan,East,New,1,False,False,True,apartment,0.0,0.0,4.709530201312334,3.0,4948.0
"3 BHK Flatin Kudasan, Gandhinagar","Kudasan, Gandhinagar",85.0,7727.0,1100.0,"This residential flat is north-Facing direction. The flat occupies a carpet area of 1100 sq.Ft. That consists of 3 bedrooms, 3 bathrooms . This flat is situated on the top floor of this 5 floors tall residential building. This is a ready to move project and the property is 5-10 years old.",https://www.99acres.com/3-bhk-bedroom-apartment-flat-for-sale-in-kudasan-gandhinagar-1100-sqft-spid-S90312264,3.0,3.0,1.0,,5.0,unfurnished,Kudasan,North,5-10 years,1,False,True,False,apartment,0.0,0.0,4.454347296253507,3.0,7727.0
"2 BHK Flatin Pethapur, Gandhinagar","Pethapur, Gandhinagar",35.0,3268.0,1071.0,"Located in nilkanth villa, pethapur, gandhinagar, this 2 bhk apartment offers 1,071 sq.Ft. Of well-Planned space. Situated on the ground floor of a 5-Floor low-Rise building, the 1-5 year old flat includes 2 bedrooms and 2 bathrooms. Ready for immediate sale, its close to hospitals and the ambe mata mandir, making it a practical choice for convenient living.",https://www.99acres.com/2-bhk-bedroom-apartment-flat-for-sale-in-nilkanth-villa-pethapur-gandhinagar-1071-sqft-spid-L90309784,2.0,2.0,1.0,0.0,5.0,,Pethapur,,1-5 years,1,False,True,False,apartment,0.0,1.0,3.58351893845611,2.0,3268.0
"3 BHK Flatin Kudasan, Gandhinagar","Kudasan, Gandhinagar",130.0,6419.0,2025.0,"Located in shivalay sharnam, kudasan, this 3 bhk flat offers 2025 sq.Ft. Of well-Planned living space on the 9th floor of a 13-Floor high-Rise. Ready for immediate sale, the 1-5 year old apartment features 3 bedrooms and 3 bathrooms, furnished with essential amenities. Close to temples, clinics, and a fitness center, it blends convenience with comfort in gandhinagar.",https://www.99acres.com/3-bhk-bedroom-apartment-flat-for-sale-in-shivalay-sharnam-kudasan-gandhinagar-2025-sqft-spid-P90308788,3.0,3.0,1.0,9.0,13.0,furnished,Kudasan,,1-5 years,1,False,True,False,apartment,2.0,2.0,4.875197323201151,3.0,6420.0
"2 BHK Flatin Sargasan, Gandhinagar","Sargasan, Gandhinagar",50.0,3779.0,1323.0,"This residential flat is east-Facing direction. Constructed on a super built up area of 1323 sq.Ft., the flat comprises 2 bedroom(s), 2 bathrooms and 1 balcony. The property is located on the 2nd floor of a 5 floors tall building. This 1-5 years old property is available for immediate possession as the project is ready to move. The floor of this flat is beautifully designed using vitrified floo...",https://www.99acres.com/2-bhk-bedroom-apartment-flat-for-sale-in-swagat-flamingo-sargasan-gandhinagar-1323-sqft-spid-Z90306296,2.0,2.0,1.0,2.0,5.0,unfurnished,Sargasan,East,1-5 years,1,False,False,True,apartment,0.0,0.0,3.9318256327243257,2.0,3779.0
"2 BHK Flatin Sargasan, Gandhinagar","Sargasan, Gandhinagar",42.0,4361.0,963.0,"This is a east-Facing property. Containing 2 bedroom(s), 2 bathrooms and 1 balcony, this flat is spread over a super built up area of 963 sq.Ft. The property is located on the 2nd floor of a 5 floors tall building. This is a ready to move project and the property is 1-5 years old. The beautifully designed vitrified flooring enhances the beauty of the flat. The flat will offer a modern lifestyle...",https://www.99acres.com/2-bhk-bedroom-apartment-flat-for-sale-in-swagat-afford-sargasan-gandhinagar-963-sqft-spid-N90306186,2.0,2.0,1.0,2.0,5.0,unfurnished,Sargasan,East,1-5 years,1,False,False,True,apartment,0.0,0.0,3.7612001156935624,2.0,4361.0
"1 BHK Flatin Sargasan, Gandhinagar","Sargasan, Gandhinagar",36.5,5480.0,666.0,"The flat is east-Facing. Containing 1 bedroom(s), 1 bathroom and 1 balcony, this flat is spread over a carpet area of 666 sq.Ft. The flat has a total of 5 floors and this property is situated on 1st floor. This 0-1 year old property is available for immediate possession as the project is ready to move. The vitrified flooring of this flat is beautifully designed and helps to give it a pleasing l...",https://www.99acres.com/1-bhk-bedroom-apartment-flat-for-sale-in-kalp-capitol-flora-sargasan-gandhinagar-666-sq-ft-spid-B90305992,1.0,1.0,1.0,1.0,5.0,unfurnished,Sargasan,East,New,1,False,True,False,apartment,0.0,0.0,3.624340932976365,1.0,5480.0
"3 BHK Flatin Kudasan, Gandhinagar","Kudasan, Gandhinagar",220.00000000000003,6975.661631200766,3153.8226999999997,,https://www.99acres.com/3-bhk-bedroom-apartment-flat-for-sale-in-shivalay-parisar-kudasan-gandhinagar-293-sqft-spid-T90296646,3.0,3.0,1.0,,,,Kudasan,,Unknown,1,False,True,False,apartment,,,5.398162701517753,3.0,6976.0
"2 BHK Flatin Sargasan, Gandhinagar","Sargasan, Gandhinagar",70.0,3716.0,1883.0,"We are the proud owners of this 2 bhk apartment available in shikshapatri shreeji swastik, sargasan, gandhinagar. This it is a and the unit is located on 9th floor and has a super built-Up area of 175 sq.M. . It has 2 bathroom(s) and 2 balcony(s). The ownership is freehold type.",https://www.99acres.com/2-bhk-bedroom-apartment-flat-for-sale-in-shikshapatri-shreeji-swastik-sargasan-gandhinagar-1884-sqft-spid-W90231690,2.0,2.0,2.0,9.0,,,Sargasan,,New,1,False,False,True,apartment,0.0,0.0,4.2626798770413155,2.0,3717.0
"2 BHK Flatin Kudasan, Gandhinagar","Kudasan, Gandhinagar",54.0,4286.0,1260.0,1 allotted car parking All balcony covered with the grill with extra space. Great view from the balcony.,https://www.99acres.com/2-bhk-bedroom-apartment-flat-for-sale-in-shree-krishna-sunshine-heights-2-kudasan-gandhinagar-1260-sqft-spid-X90226138,2.0,2.0,1.0,,,,Kudasan,,Unknown,1,False,False,True,apartment,0.0,0.0,4.007333185232471,2.0,4286.0
"2 BHK Flatin Gift City, Gandhinagar","Gift City, Gandhinagar",115.0,10502.0,1095.0,"This residential flat is east-Facing direction. The flat is over 1095 sq.Ft. Super built up area and comes with 2 bedroom(s), 2 bathrooms and 2 balconies. The residential building has 33 floors in total and the flat for sale is located on the 9th floor. This is a ready to move project and the property is 1-5 years old. The flat comes well built with marble flooring options. The flat will offer ...",https://www.99acres.com/2-bhk-bedroom-apartment-flat-for-sale-in-sobha-dream-heights-gift-city-gandhinagar-1095-sqft-spid-A90223096,2.0,2.0,2.0,9.0,33.0,semi-furnished,Gift City,East,1-5 years,1,False,False,True,apartment,0.0,0.0,4.7535901911063645,2.0,10502.0
"2 BHK Flatin Sargasan, Gandhinagar","Sargasan, Gandhinagar",70.0,4142.0,1689.9323,"Available immediately, this 2 bhk flat on the 9th floor of a 13-Story high-Rise offers 157 sq.Ft. Of semi-Furnished living space in shikshapatri shreeji swastik, sargasan, gandhinagar. Features include a modular kitchen, power backup, lift, and parking. Conveniently connected to mini market, sikshapatri road, vaishnodevi circle, and gift city.",https://www.99acres.com/2-bhk-bedroom-apartment-flat-for-sale-in-shikshapatri-shreeji-swastik-sargasan-gandhinagar-157-sqft-spid-E90220484,2.0,2.0,1.0,9.0,13.0,semi-furnished,Sargasan,,New,1,False,True,False,apartment,4.0,6.0,4.2626798770413155,2.0,4142.0
"1 BHK Flatin Kolavada, Gandhinagar","Kolavada, Gandhinagar",18.5,2936.0,630.0,Property is in the prime location. Please contatct for further information.,https://www.99acres.com/1-bhk-bedroom-apartment-flat-for-sale-in-swarna-amrut-heights-kolavada-gandhinagar-630-sqft-spid-V90214182,1.0,1.0,1.0,,,,Kolavada,,Unknown,1,False,False,True,apartment,0.0,0.0,2.970414465569701,1.0,2937.0
"3 BHK Flatin Kudasan, Gandhinagar","Kudasan, Gandhinagar",100.0,3968.0,2520.0,Property is in the prime location. Please contatct for further information.,https://www.99acres.com/3-bhk-bedroom-apartment-flat-for-sale-in-shreeji-kanam-residency-kudasan-gandhinagar-2520-sqft-spid-I90213834,3.0,3.0,1.0,,,,Kudasan,,Unknown,1,False,False,True,apartment,0.0,0.0,4.61512051684126,3.0,3968.0
"2 BHK Flatin Kudasan, Gandhinagar","Kudasan, Gandhinagar",65.0,4980.0,1305.0,"Constructed on a super built up area of 1305 sq.Ft., the flat comprises 2 bedroom(s), 2 bathrooms and 1 balcony. This flat lies on the 2nd level of a 7 storey building. This is a ready to move project and the property is 5-10 years old. The flat will offer a modern lifestyle as it is presented with many of the amenities such as fitness centre / gym, club house, park, shopping centre, lift(s), s...",https://www.99acres.com/2-bhk-bedroom-apartment-flat-for-sale-in-shree-ugati-heights-kudasan-gandhinagar-1305-sqft-spid-Z90213688,2.0,2.0,1.0,2.0,7.0,semi-furnished,Kudasan,,5-10 years,1,False,False,True,apartment,9.0,0.0,4.189654742026425,2.0,4981.0
3 BHK Flatin at Gandhinagar,at Gandhinagar,37.71,3016.0,1250.0,"ideal for families & investment If you are looking for a peaceful, spacious, and well-Located 3 bhk apartment in gandhinagar, this property in sitaram spring valley enclave, kolavada is an excellent opportunity for both end-Users and investors. This 3 bhk ap...",https://www.99acres.com/3-bhk-bedroom-apartment-flat-for-sale-in-gandhinagar-1250-sqft-spid-Z90198694,3.0,2.0,3.0,,,,Gandhinagar Taluka,,New,1,False,True,False,apartment,0.0,0.0,3.6560979645895566,3.0,3017.0
"3 BHK Flatin Sargasan, Gandhinagar",OrigParrk,150.0,5291.0,2835.0,"Containing 3 bedroom(s), 3 bathrooms and 1 balcony, this flat is spread over a super built up area of 2835 sq.Ft. The flat has a total of 13 floors and this property is situated on top floor. This is a ready to move project and the property is 1-5 years old.",https://www.99acres.com/3-bhk-bedroom-apartment-flat-for-sale-in-sargasan-gandhinagar-2835-sqft-spid-S90181440,3.0,3.0,1.0,,13.0,,Sargasan,,1-5 years,1,False,False,True,apartment,0.0,0.0,5.017279836814924,3.0,5291.0
"2 BHK Flatin Sargasan, Gandhinagar","Sargasan, Gandhinagar",49.0,4083.0,1200.0,"We are the proud owners of this 2 bhk apartment available in psy pramukh elysium, sargasan, gandhinagar. This it is a and the unit is located on 4th floor and has a super built-Up area of 1200 sq.Ft. . It has 2 bathroom(s) and 3 balcony(s). The ownership is freehold type.",https://www.99acres.com/2-bhk-bedroom-apartment-flat-for-sale-in-psy-pramukh-elysium-sargasan-gandhinagar-1200-sqft-r1-spid-Q88749600,2.0,2.0,3.0,4.0,,,Sargasan,,New,1,False,False,True,apartment,0.0,0.0,3.912023005428146,2.0,4083.0
"2 BHK Flatin Chiloda, Gandhinagar","Chiloda, Gandhinagar",38.0,3166.0,1200.0,,https://www.99acres.com/2-bhk-bedroom-apartment-flat-for-sale-in-psy-pramukh-orchid-chiloda-gandhinagar-1200-sqft-r3-spid-L68555626,2.0,2.0,2.0,,,,Chiloda,,Unknown,1,False,True,False,apartment,,,3.6635616461296463,2.0,3167.0
"4 BHK Flatin Koba, Gandhinagar","Koba, Gandhinagar",180.0,4444.0,4050.0,"Available from march 2027, this under-Construction 4 bhk flat offers 4050 sq.Ft. On the 5th floor of an 18-Storey high-Rise at kumbh avyanna, koba, gandhinagar. Featuring 4 bedrooms and 4 bathrooms, the well-Planned layout suits residential needs. Close to healthcare facilities and pandit deendayal petroleum university, it combines comfort with convenience.",https://www.99acres.com/4-bhk-bedroom-apartment-flat-for-sale-in-kumbh-avyanna-koba-gandhinagar-4050-sqft-spid-Q90171692,4.0,4.0,2.0,5.0,18.0,,Koba,,New,0,False,False,True,apartment,0.0,1.0,5.198497031265826,4.0,4444.0
"2 BHK Flatin Pethapur, Gandhinagar","Pethapur, Gandhinagar",55.0,5050.0,1089.0,"The floor plan additionally contains 2 bedroom(s), 2 bathrooms . All in all, the flat is spread over a built up area of 1089 sq.Ft. The flat has a total of 1 floor and this property is situated on ground floor. This 0-1 year old property is available for immediate possession as the project is ready to move.",https://www.99acres.com/2-bhk-bedroom-apartment-flat-for-sale-in-pethapur-gandhinagar-1089-sqft-spid-F90168404,2.0,2.0,1.0,0.0,1.0,,Pethapur,,New,1,True,False,False,apartment,0.0,0.0,4.02535169073515,2.0,5051.0
"3 BHK Flatin Kudasan, Gandhinagar","Kudasan, Gandhinagar",85.0,4794.0,1773.0,"Constructed on a built up area of 1773 sq.Ft., the flat comprises 3 bedroom(s), 3 bathrooms and 2 balconies. The property is located on the ground floor of a 1 floor tall building. Being a ready to move project, you can expect immediate possession of this 0-1 year old property.",https://www.99acres.com/3-bhk-bedroom-apartment-flat-for-sale-in-kudasan-gandhinagar-1773-sqft-spid-T90168402,3.0,3.0,2.0,0.0,1.0,,Kudasan,,New,1,True,False,False,apartment,0.0,0.0,4.454347296253507,3.0,4794.0
"3 BHK Flatin Sargasan, Gandhinagar","Sargasan, Gandhinagar",80.5,4341.0,1854.0,"Set in shivala sadbhav, sargasan, gandhinagar, this unfurnished 3 bhk flat on the 10th floor of a 14-Story high-Rise offers 1854 sq.Ft. Of modern living. Newly constructed and corner-Positioned, it features 3 bedrooms, 3 bathrooms, a clubhouse, gym, and parking. Available immediately, it benefits from nearby malls and excellent connectivity via s.G. And koba highways.",https://www.99acres.com/3-bhk-bedroom-apartment-flat-for-sale-in-shivala-sadbhav-sargasan-gandhinagar-1854-sqft-spid-R90135558,3.0,3.0,1.0,10.0,14.0,unfurnished,Sargasan,,New,1,False,False,True,apartment,7.0,5.0,4.400603020246817,3.0,4342.0
"3 BHK Flatin Sargasan, Gandhinagar","Sargasan, Gandhinagar",75.0,4201.0,1785.0,"Reachability to twin city. Aaksha multi speciality hospital and guda garden, rcc main sargasan road, prime location.",https://www.99acres.com/3-bhk-bedroom-apartment-flat-for-sale-in-swagat-blossom-sargasan-gandhinagar-1785-sqft-r1-spid-Z78934873,3.0,3.0,1.0,,,,Sargasan,,Unknown,1,False,True,False,apartment,0.0,3.0,4.330733340286331,3.0,4202.0
"2 BHK Flatin Gift City, Gandhinagar","Gift City, Gandhinagar",138.0,8094.0,1700.0,"Located in vida by nila spaces, gift city, this 0-1 year old unfurnished 2 bhk flat offers 1700 sq.Ft. On the 17th floor of a 33-Floor high-Rise. With two bedrooms and bathrooms, it features north-Facing views, full power backup, and visitor parking. Immediate availability in a gated society near metro, school, hospital, and market ensures convenient urban living.",https://www.99acres.com/2-bhk-bedroom-apartment-flat-for-sale-in-vida-by-nila-spaces-gift-city-gandhinagar-1700-sqft-spid-J90078402,2.0,2.0,1.0,17.0,33.0,unfurnished,Gift City,North,New,1,False,False,True,apartment,3.0,6.0,4.9344739331306915,2.0,8118.0
"2 BHK Flatin Gift City, Gandhinagar","Gift City, Gandhinagar",160.0,12075.0,1325.0,"We are the proud owners of this 2 bhk apartment available in shilp north sky, gift city, gandhinagar. This furnished apartment it is a and the unit is located on 21st floor and has a super built-Up area of 1325 sq.Ft. . It has 2 bathroom(s) and 2 balcony(s). The ownership is freehold type.",https://www.99acres.com/2-bhk-bedroom-apartment-flat-for-sale-in-shilp-north-sky-gift-city-gandhinagar-1325-sqft-spid-L90067320,2.0,2.0,2.0,21.0,25.0,furnished,Gift City,,New,1,False,False,True,apartment,0.0,0.0,5.081404364984463,2.0,12075.0
"Studio Apartments / 1 RK Flatsin Gift City, Gandhinagar","Gift City, Gandhinagar",110.0,22774.0,483.0,Property is in the prime location. Please contatct for further information.,https://www.99acres.com/studio-apartment-flat-for-sale-in-vida-by-nila-spaces-gift-city-gandhinagar-483-sqft-spid-T90064230,1.0,1.0,1.0,,,,Gift City,,Unknown,1,False,True,False,apartment,0.0,0.0,4.709530201312334,1.0,22774.0
"1 BHK Flatin Gift City, Gandhinagar","Gift City, Gandhinagar",95.0,15833.0,600.0,Property is in the prime location. Please contatct for further information.,https://www.99acres.com/1-bhk-bedroom-apartment-flat-for-sale-in-sobha-avalon-gift-city-gandhinagar-600-sqft-spid-O90058722,1.0,1.0,1.0,,,,Gift City,,Unknown,0,False,False,True,apartment,0.0,0.0,4.564348191467836,1.0,15833.0
"2 BHK Flatin Sargasan, Gandhinagar","Sargasan, Gandhinagar",65.0,8154.0,797.0,,https://www.99acres.com/2-bhk-bedroom-apartment-flat-for-sale-in-swagat-kingsland-sargasan-gandhinagar-797-sqft-r1-spid-I86589394,2.0,2.0,1.0,,,,Sargasan,,Unknown,1,False,True,False,apartment,,,4.189654742026425,2.0,8156.0
"2 BHK Flatin Koba, Gandhinagar","Koba, Gandhinagar",45.0,3704.0,1215.0,"This residential flat is east-Facing direction. The flat occupies a super built up area of 135 sq.Yards that consists of 2 bedrooms, 2 bathrooms and 1 balcony. The residential building has 8 floors in total and the flat for sale is located on the 5th floor. This 5-10 years old property is available for immediate possession as the project is ready to move. The beautifully designed vitrified floo...",https://www.99acres.com/2-bhk-bedroom-apartment-flat-for-sale-in-psy-pramukh-elegance-koba-gandhinagar-1215-sqft-spid-Y90046008,2.0,2.0,1.0,5.0,8.0,unfurnished,Koba,East,5-10 years,1,False,False,True,apartment,0.0,0.0,3.828641396489095,2.0,3704.0
"2 BHK Flatin Sargasan, Gandhinagar","Sargasan, Gandhinagar",40.0,4153.0,963.0,"This property faces the east direction. Constructed on a super built up area of 963 sq.Ft., the flat comprises 2 bedroom(s), 2 bathrooms and 1 balcony. The residential building has 5 floors in total and the flat for sale is located on the top floor. An added advantage of this 10+ years old flat is that it is available for immediate possession as the project is already ready to move. The vitrifi...",https://www.99acres.com/2-bhk-bedroom-apartment-flat-for-sale-in-swagat-afford-sargasan-gandhinagar-963-sqft-spid-L90028826,2.0,2.0,1.0,,5.0,unfurnished,Sargasan,East,10-20 years,1,False,False,True,apartment,0.0,0.0,3.713572066704308,2.0,4154.0
"4 BHK Flatin Sargasan, Gandhinagar","Sargasan, Gandhinagar",140.0,7551.0,1854.0,"This unfurnished 4 bhk flat spans 1854 sq.Ft. On the 5th floor of a 13-Story high-Rise in atmos by solaire, sargasan, gandhinagar. Just a year old and ready for immediate sale, it offers 4 bathrooms, parking, a gym, clubhouse, pool, and lift. Conveniently close to pramukh tangent, swagat holiday mall, top schools, and aashka hospital.",https://www.99acres.com/4-bhk-bedroom-apartment-flat-for-sale-in-atmos-by-solaire-sargasan-gandhinagar-1854-sqft-spid-T90022500,4.0,4.0,2.0,5.0,13.0,unfurnished,Sargasan,,New,1,False,True,False,apartment,9.0,4.0,4.948759890378168,4.0,7551.0
"3 BHK Flatin Palaj, Gandhinagar","Palaj, Gandhinagar",60.0,4518.0,1328.0,"The flat is east-Facing. The flat is over 1328 sq.Ft. Carpet area and comes with 3 bedroom(s), 2 bathrooms and 3 balconies. The flat has a total of 5 floors and this property is situated on 3rd floor. This is a ready to move project and the property is 1-5 years old. The flat comes well built with marble flooring options. The flat will offer a modern lifestyle as it is presented with many of th...",https://www.99acres.com/3-bhk-bedroom-apartment-flat-for-sale-in-jeet-residency-palaj-gandhinagar-1328-sqft-spid-S90019862,3.0,2.0,3.0,3.0,5.0,semi-furnished,Gandhinagar Taluka,East,1-5 years,1,False,False,False,apartment,0.0,0.0,4.110873864173311,3.0,4518.0
"2 BHK Flatin Vavol, Gandhinagar","Vavol, Gandhinagar",48.5,3031.0,1600.0,"The floor plan additionally contains 2 bedroom(s), 2 bathrooms and 1 balcony. All in all, the flat is spread over a carpet area of 126 sq.Ft. This flat is situated on the top floor of this 6 floors tall residential building. Being a ready to move project, you can expect immediate possession of this 1-5 years old property.",https://www.99acres.com/2-bhk-bedroom-apartment-flat-for-sale-in-vavol-gandhinagar-1600-sqft-spid-O90007912,2.0,2.0,1.0,,6.0,,Vavol,,1-5 years,1,False,True,False,apartment,0.0,0.0,3.901972669574645,2.0,3031.0
"2 BHK Flatin Gift City, Gandhinagar","Gift City, Gandhinagar",107.0,7447.0,1430.0,"Available by 2027, this under-Construction 2 bhk flat in shilp north sky, gift city offers 1430 sq.Ft. Of living space on the 8th floor of a 25-Story high-Rise. The residence includes 2 bedrooms and 2 bathrooms, is semi-Furnished, and features amenities like a clubhouse, swimming pool, lift, and power backup. Close to schools, malls, and nh 48 connectivity.",https://www.99acres.com/2-bhk-bedroom-apartment-flat-for-sale-in-shilp-north-sky-gift-city-gandhinagar-1430-sqft-spid-A90007648,2.0,2.0,1.0,8.0,25.0,semi-furnished,Gift City,,New,0,False,False,True,apartment,8.0,3.0,4.68213122712422,2.0,7483.0
"2 BHK Flatin Vavol, Gandhinagar","Vavol, Gandhinagar",44.0,4793.0,918.0,"Located in snkj siddharth status, vavol, gandhinagar, this furnished 2 bhk flat spans 918 sq.Ft. On the 2nd floor of a low-Rise 3-Floor building. Over 10 years old, it offers immediate availability and includes a modular kitchen, power backup, lift, and central ac. Nearby are multiple hospitals, enhancing convenience for residents.",https://www.99acres.com/2-bhk-bedroom-apartment-flat-for-sale-in-snkj-siddharth-status-vavol-gandhinagar-918-sqft-spid-K89981062,2.0,2.0,1.0,2.0,3.0,furnished,Vavol,,10-20 years,1,False,False,True,apartment,6.0,1.0,3.8066624897703196,2.0,4793.0
"2 BHK Flatin Raysan, Gandhinagar","Raysan, Gandhinagar",53.64,4000.0,1341.0,Only 2bhk flats in projects. 2bhk size 149 to 171. 3 side open project. Nr to raysan metro station.,https://www.99acres.com/2-bhk-bedroom-apartment-flat-for-sale-in-raysan-gandhinagar-1341-sqft-spid-F89975684,2.0,2.0,1.0,,,,Raysan,,New,1,False,False,True,apartment,0.0,3.0,4.0007662152625345,2.0,4000.0
"3 BHK Flatin Koba, Gandhinagar","Koba, Gandhinagar",135.0,4644.0,2907.0,This project is located to k raheja road. Only 3 & 4 bhk flats. Gated community with security.,https://www.99acres.com/3-bhk-bedroom-apartment-flat-for-sale-in-koba-gandhinagar-2907-sqft-spid-L89973032,3.0,3.0,1.0,,,,Koba,,New,1,False,False,True,apartment,0.0,0.0,4.912654885736052,3.0,4644.0
"4 BHK Flatin Sargasan, Gandhinagar","Sargasan, Gandhinagar",116.0,3906.0,2970.0,"This is a north-East-Facing property. The floor plan additionally contains 4 bedroom(s), 4 bathrooms and more than 3 balconies. All in all, the flat is spread over a carpet area of 330 sq.Yards. The residential building has 14 floors in total and the flat for sale is located on the 3rd floor. This 0-1 year old property is available for immediate possession as the project is ready to move. The f...",https://www.99acres.com/4-bhk-bedroom-apartment-flat-for-sale-in-sargasan-gandhinagar-2970-sqft-spid-P89935668,4.0,4.0,3.0,3.0,14.0,,Sargasan,North-East,New,1,False,True,False,apartment,0.0,0.0,4.762173934797756,4.0,3906.0
"2 BHK Flatin Gift City, Gandhinagar","Gift City, Gandhinagar",112.0,8450.0,1875.0,"Shilp northsky gift city Live where the world does business Set within indias only global financial hub, shilp northsky introduces a new standard of urban livingcrafted for professionals, visionaries, and families shaping tomorrow. Why this address matters Spacious 2bhk residences A striking 25-Storey contemporary tower All master-Bedroo...",https://www.99acres.com/2-bhk-bedroom-apartment-flat-for-sale-in-gift-city-gandhinagar-1325-sqft-r11-spid-B72528656,2.0,2.0,1.0,,25.0,,Gift City,,New,0,False,False,True,apartment,0.0,0.0,4.727387818712341,2.0,5973.0
"3 BHK Flatin Palaj, Gandhinagar","Palaj, Gandhinagar",60.0,4040.0,1485.0,"Allotted parking, 24/7 power and water supply with inverter, large foyer, fully furnished, near iit gandhinagar, 5 km from gift city circle.",https://www.99acres.com/3-bhk-bedroom-apartment-flat-for-sale-in-jeet-residency-palaj-gandhinagar-1485-sqft-spid-N89928766,3.0,2.0,3.0,,,furnished,Gandhinagar Taluka,,New,1,False,False,True,apartment,0.0,0.0,4.110873864173311,3.0,4040.0
"2 BHK Flatin Sargasan, Gandhinagar","Sargasan, Gandhinagar",70.0,7000.0,1000.0,"The flat is over 1000 sq.Ft. Built up area and comes with 2 bedroom(s), 2 bathrooms and 2 balconies. The flat has a total of 5 floors and this property is situated on top floor. This is a ready to move project and the property is 1-5 years old.",https://www.99acres.com/2-bhk-bedroom-apartment-flat-for-sale-in-sargasan-gandhinagar-1000-sqft-spid-B89923192,2.0,2.0,2.0,,5.0,,Sargasan,,1-5 years,1,True,False,False,apartment,0.0,0.0,4.2626798770413155,2.0,7000.0
"2 BHK Flatin Sargasan, Gandhinagar",OrigHeights,67.0,3990.0,1679.1684,"This 2 bhk flat in origin heights, sargasan offers 156 sq.Ft. Of comfortable living on the 12th floor of a 13-Floor high-Rise. Available immediately, the 1-5 year old apartment features 2 bedrooms, 2 bathrooms, is semi-Furnished, and includes access to a clubhouse, gym, and lift. Nearby amenities include super mall, reputed schools, and shraddha womens hospital.",https://www.99acres.com/2-bhk-bedroom-apartment-flat-for-sale-in-origin-heights-sargasan-gandhinagar-156-sqft-spid-X89912732,2.0,2.0,1.0,12.0,13.0,semi-furnished,Sargasan,,1-5 years,1,False,True,False,apartment,5.0,0.0,4.219507705176107,2.0,3990.0
"2 BHK Flatin Kalol, Gandhinagar","Kalol, Gandhinagar",26.5,2677.0,990.0,"It is nearby highway property only 100metres Nearby ambica bus stand,vegetable market and hotels Everything comes around 100-200 metres",https://www.99acres.com/2-bhk-bedroom-apartment-flat-for-sale-in-kalol-gandhinagar-990-sqft-spid-Q89887770,2.0,2.0,1.0,,,,Kalol,,Unknown,1,False,False,True,apartment,0.0,4.0,3.3141860046725258,2.0,2677.0
"2 BHK Flatin Sargasan, Gandhinagar","Sargasan, Gandhinagar",55.0,4020.0,1368.0,"The floor plan additionally contains 2 bedroom(s), 2 bathrooms and 1 balcony. All in all, the flat is spread over a built up area of 152 sq.Yards. The flat has a total of 7 floors and this property is situated on 5th floor. This is a ready to move project and the property is 5-10 years old. The well built vitrified flooring enhances the aesthetic appeal of this flat. All the modern amenities su...",https://www.99acres.com/2-bhk-bedroom-apartment-flat-for-sale-in-maruti-amrakunj-sargasan-gandhinagar-1368-sqft-spid-I89879734,2.0,2.0,1.0,5.0,7.0,semi-furnished,Sargasan,,5-10 years,1,True,False,False,apartment,16.0,0.0,4.02535169073515,2.0,4020.0
"3 BHK Flatin Randesan, Gandhinagar","Randesan, Gandhinagar",84.24,3900.0,2160.0,3bhk flat at prime location. 240 sqyd. Lowrise apartment. Nr to rakshashkti and gift city.,https://www.99acres.com/3-bhk-bedroom-apartment-flat-for-sale-in-royal-riviera-randesan-gandhinagar-2160-sqft-spid-T89878962,3.0,3.0,1.0,,,,Randesan,,New,1,False,False,True,apartment,2.0,10.0,4.445470807230416,3.0,3900.0
"2 BHK Flatin Sargasan, Gandhinagar","Sargasan, Gandhinagar",46.0,3932.0,1170.0,"Constructed on a super built up area of 130 sq.Yards, the flat comprises 2 bedroom(s), 2 bathrooms and 1 balcony. This flat lies on the 5th level of a 7 storey building. This is a ready to move project and the property is 5-10 years old. The vitrified flooring of this flat is beautifully designed and helps to give it a pleasing look. Sanskar santoor grace is designed very well to provide modern...",https://www.99acres.com/2-bhk-bedroom-apartment-flat-for-sale-in-sanskar-santoor-grace-sargasan-gandhinagar-1170-sqft-spid-Q89878752,2.0,2.0,1.0,5.0,7.0,semi-furnished,Sargasan,,5-10 years,1,False,False,True,apartment,0.0,0.0,3.8501476017100584,2.0,3932.0
"2 BHK Flatin Sargasan, Gandhinagar","Sargasan, Gandhinagar",71.0,5556.0,1278.0,"The flat occupies a built up area of 142 sq.Yards that consists of 2 bedrooms, 2 bathrooms and 1 balcony. The property is located on the 5th floor of a 13 floors tall building. Being a ready to move project, you can expect immediate possession of this 0-1 year old property. The floor of this flat is beautifully designed using vitrified flooring, giving the flat an alluring look. The flat will o...",https://www.99acres.com/2-bhk-bedroom-apartment-flat-for-sale-in-sahajanand-elite-sargasan-gandhinagar-1278-sqft-spid-O89874136,2.0,2.0,1.0,5.0,13.0,,Sargasan,,New,1,True,False,False,apartment,0.0,0.0,4.276666119016055,2.0,5556.0
"1 BHK Flatin Sargasan, Gandhinagar","Sargasan, Gandhinagar",40.0,5714.0,700.0,"Containing 2 bedroom(s), 2 bathrooms , this flat is spread over a carpet area of 700 sq.Ft. This flat is situated on the top floor of this 7 floors tall residential building. An added advantage of this 1-5 years old flat is that it is available for immediate possession as the project is already ready to move. The society is well equipped with many modern amenities, including fitness centre / gy...",https://www.99acres.com/1-bhk-bedroom-apartment-flat-for-sale-in-kalp-capitol-flora-sargasan-gandhinagar-700-sqft-spid-F89870488,2.0,2.0,0.0,,7.0,,Sargasan,,1-5 years,1,False,True,False,apartment,2.0,0.0,3.713572066704308,1.0,5714.0
"2 BHK Flatin Sargasan, Gandhinagar","Sargasan, Gandhinagar",45.0,6455.0,697.0,"The floor plan additionally contains 2 bedroom(s), 2 bathrooms and 3 balconies. All in all, the flat is spread over a built up area of 65 sq.M. This flat lies on the 3rd level of a 4 storey building. This is a ready to move project and the property is 10+ years old.",https://www.99acres.com/2-bhk-bedroom-apartment-flat-for-sale-in-b-and-m-divya-sanskar-city-sargasan-gandhinagar-697-sqft-spid-J89867614,2.0,2.0,3.0,3.0,4.0,,Sargasan,,10-20 years,1,True,False,False,apartment,0.0,0.0,3.828641396489095,2.0,6456.0
"2 BHK Flatin Sargasan, Gandhinagar","Sargasan, Gandhinagar",45.0,4000.0,1125.0,"The flat occupies a carpet area of 125 sq.Yards that consists of 2 bedrooms, 2 bathrooms and 1 balcony. The flat has a total of 6 floors and this property is situated on 5th floor. As the project is already ready to move, so you can easily move into this 5-10 years old property. The vitrified flooring of this flat is beautifully designed and helps to give it a pleasing look. The society complex...",https://www.99acres.com/2-bhk-bedroom-apartment-flat-for-sale-in-pramukh-nagar-phase-2-sargasan-gandhinagar-1125-sqft-spid-L89867244,2.0,2.0,1.0,5.0,6.0,,Sargasan,,5-10 years,1,False,True,False,apartment,0.0,0.0,3.828641396489095,2.0,4000.0
"2 BHK Flatin Sargasan, Gandhinagar","Sargasan, Gandhinagar",55.0,4774.0,1152.0,"The floor plan additionally contains 2 bedroom(s), 2 bathrooms and 1 balcony. All in all, the flat is spread over a super built up area of 1152 sq.Ft. This flat is situated on the 13th floor of this 14 floors tall residential building. An added advantage of this 1-5 years old flat is that it is available for immediate possession as the project is already ready to move. The floor of this flat is...",https://www.99acres.com/2-bhk-bedroom-apartment-flat-for-sale-in-swagat-queens-land-sargasan-gandhinagar-1152-sqft-spid-V89854056,2.0,2.0,1.0,13.0,14.0,,Sargasan,,1-5 years,1,False,False,True,apartment,0.0,0.0,4.02535169073515,2.0,4774.0
"2 BHK Flatin Sargasan, Gandhinagar","Sargasan, Gandhinagar",60.0,8642.0,694.0,"The floor plan additionally contains 2 bedroom(s), 2 bathrooms and 3 balconies. All in all, the flat is spread over a carpet area of 64 sq.M. The property is located on the 11th floor of a 13 floors tall building. Being a ready to move project, you can expect immediate possession of this 1-5 years old property. The beautifully designed vitrified flooring enhances the beauty of the flat. The fla...",https://www.99acres.com/2-bhk-bedroom-apartment-flat-for-sale-in-shikshapatri-shreeji-swastik-sargasan-gandhinagar-694-sqft-spid-K89852560,2.0,2.0,3.0,11.0,13.0,,Sargasan,,1-5 years,1,False,True,False,apartment,0.0,0.0,4.110873864173311,2.0,8646.0
"4 BHK Flatin Ambapur, Gandhinagar","Ambapur, Gandhinagar",225.0,10885.0,2067.0,"This newly constructed 4 bhk apartment in shreenath aam baag, ambapur, gandhinagar offers 2067 sq.Ft. Of modern living space. Located on the 2nd floor of a 13-Story high-Rise, it features 4 bedrooms and 4 bathrooms. Ready for immediate possession, the flat is ideal for families seeking proximity to guru mandir, the government hospital, and gujarat technological university.",https://www.99acres.com/4-bhk-bedroom-apartment-flat-for-sale-in-shreenath-aam-baag-ambapur-ahmedabad-north-2067-sqft-spid-O89834790,4.0,4.0,3.0,2.0,13.0,,Ambapur,,New,1,False,True,False,apartment,0.0,5.0,5.420534999272286,4.0,10885.0
"2 BHK Flatin Koba, Gandhinagar","Koba, Gandhinagar",54.0,8571.0,630.0,"We are the proud owners of this 2 bhk apartment available in sangath bliss, koba, gandhinagar. This it is a and the unit is located on 2nd floor and has a carpet area of 630 sq.Ft. . It has 2 bathroom(s) and 2 balcony(s). The ownership is freehold type.",https://www.99acres.com/2-bhk-bedroom-apartment-flat-for-sale-in-sangath-bliss-koba-gandhinagar-630-sqft-spid-U89832114,2.0,2.0,2.0,2.0,,,Koba,,New,1,False,True,False,apartment,0.0,0.0,4.007333185232471,2.0,8571.0
"3 BHK Flatin Sargasan, Gandhinagar","Sargasan, Gandhinagar",65.0,1912.3271550456016,3399.0,"We are the proud owners of this 3 bhk apartment available in sahjanand status, sargasan, gandhinagar. This it is a and the unit is located on 5th floor and has a super built-Up area of 3399 sq.M. . It has 3 bathroom(s) and 3 balcony(s). The ownership is freehold type.",https://www.99acres.com/3-bhk-bedroom-apartment-flat-for-sale-in-sahjanand-status-sargasan-gandhinagar-36587-sqft-spid-B89827736,3.0,3.0,3.0,5.0,,,Sargasan,,New,1,False,False,True,apartment,0.0,0.0,4.189654742026425,3.0,1912.0
"1 BHK Flatin Gift City, Gandhinagar","Gift City, Gandhinagar",95.0,21789.0,436.0,"Located in shri hari gift city, nava naroda, ahmedabad east, this 1 bhk flat offers 436 sq.Ft. Of living space on the 20th floor of a 35-Floor high-Rise building. Built 1-5 years ago, the apartment is immediately available and unfurnished. Close to schools and multiple hospitals, it combines convenience with a comfortable lifestyle.",https://www.99acres.com/1-bhk-bedroom-apartment-flat-for-sale-in-gift-city-gandhinagar-436-sqft-spid-E89814538,1.0,1.0,1.0,20.0,35.0,unfurnished,Gift City,,1-5 years,1,False,True,False,apartment,0.0,2.0,4.564348191467836,1.0,21789.0
"2 BHK Flatin Karai, Gandhinagar","Karai, Gandhinagar",43.0,3388.0,1269.0,Property is very nice and its nr to new up coming river front,https://www.99acres.com/2-bhk-bedroom-apartment-flat-for-sale-in-rhythm-shivansh-skytrack-karai-gandhinagar-1269-sqft-spid-P89808236,2.0,2.0,1.0,,,,Karai,,Unknown,1,False,True,False,apartment,0.0,0.0,3.784189633918261,2.0,3388.0
"2 BHK Flatin Gift City, Gandhinagar","Gift City, Gandhinagar",136.0,9000.0,1511.0,,https://www.99acres.com/2-bhk-bedroom-apartment-flat-for-sale-in-shilp-north-sky-gift-city-gandhinagar-1511-sqft-r1-spid-V83919634,2.0,2.0,1.0,,,,Gift City,,Unknown,0,False,False,True,apartment,,,4.919980925828125,2.0,9001.0
"3 BHK Flatin Raysan, Gandhinagar","Raysan, Gandhinagar",100.0,4366.0,2290.0,It is near highway or petrol pump near 300 meter near school of achiever vegitable market is also near by the house and most important citizens of my society is good,https://www.99acres.com/3-bhk-bedroom-apartment-flat-for-sale-in-raysan-gandhinagar-2290-sqft-spid-S89802862,3.0,3.0,1.0,,,,Raysan,,Unknown,1,False,True,False,apartment,0.0,1.0,4.61512051684126,3.0,4367.0
"3 BHK Flatin Raysan, Gandhinagar","Raysan, Gandhinagar",99.0,4323.0,2290.0,"Available immediately, this 3 bhk flat on the 8th floor of a mid-Rise building in texas 2, raysan, gandhinagar offers 229 sq.Ft. Of well-Planned space. The 1-5 year old apartment features 3 bedrooms and 3 bathrooms, is unfurnished, and is close to key healthcare centers and infocity office complex, enhancing its convenience.",https://www.99acres.com/3-bhk-bedroom-apartment-flat-for-sale-in-raysan-gandhinagar-2290-sqft-spid-K89802824,3.0,3.0,1.0,8.0,,unfurnished,Raysan,,1-5 years,1,False,True,False,apartment,0.0,0.0,4.605170185988092,3.0,4323.0
"2 BHK Flatin Sargasan, Gandhinagar","Sargasan, Gandhinagar",76.0,8444.0,900.0,"Constructed on a built up area of 900 sq.Ft., the flat comprises 2 bedroom(s), 2 bathrooms and 1 balcony. This flat lies on the ground level of a 1 storey building. Being a ready to move project, you can expect immediate possession of this 0-1 year old property.",https://www.99acres.com/2-bhk-bedroom-apartment-flat-for-sale-in-sargasan-gandhinagar-900-sqft-spid-F89793682,2.0,2.0,1.0,0.0,1.0,,Sargasan,,New,1,True,False,False,apartment,0.0,0.0,4.343805421853684,2.0,8444.0
"3 BHK Flatin Raysan, Gandhinagar","Raysan, Gandhinagar",156.0,4924.0,3168.0,"Constructed on a built up area of 3168 sq.Ft., the flat comprises 3 bedroom(s), 3 bathrooms and 3 balconies. This flat is situated on the ground floor of this 1 floor tall residential building. As the project is already ready to move, so you can easily move into this 0-1 year old property.",https://www.99acres.com/3-bhk-bedroom-apartment-flat-for-sale-in-raysan-gandhinagar-3168-sqft-spid-N89793680,3.0,3.0,3.0,0.0,1.0,,Raysan,,New,1,True,False,False,apartment,0.0,0.0,5.056245805348308,3.0,4924.0
"3 BHK Flatin Sargasan, Gandhinagar","Sargasan, Gandhinagar",121.0,4588.277028032667,2637.1555,"Located on the 5th floor of a mid-Rise building in mahalakshmi satvam parklane, this 3 bhk flat offers 245 sq.Ft. Of comfortable living space. Available immediately, the 1-5 year old apartment comes unfurnished and features 3 bathrooms. Situated in sargasan, gandhinagar, its close to temples and a medical hospital, blending convenience with a peaceful community.",https://www.99acres.com/3-bhk-bedroom-apartment-flat-for-sale-in-mahalakshmi-satvam-parklane-sargasan-gandhinagar-245-sqft-spid-T89785584,3.0,3.0,1.0,5.0,,unfurnished,Sargasan,,1-5 years,1,False,False,True,apartment,0.0,2.0,4.804021044733257,3.0,4588.0
"3 BHK Flatin Pethapur, Gandhinagar","Pethapur, Gandhinagar",55.0,5933.0,1557.0,"Road side facing flat, 24/7 open air, no any other flat opposite this flat",https://www.99acres.com/3-bhk-bedroom-apartment-flat-for-sale-in-pethapur-gandhinagar-1557-sqft-r3-spid-D78223433,3.0,3.0,2.0,,,,Pethapur,Other,Unknown,0,False,False,True,apartment,0.0,0.0,4.02535169073515,3.0,3532.0
"3 BHK Flatin Randesan, Gandhinagar","Randesan, Gandhinagar",75.0,3703.0,2025.0,"We are the proud owners of this 3 bhk apartment available in sheetal vedika habitat, randesan, gandhinagar. This it is a and the unit is located on 1st floor and has a super built-Up area of 2025 sq.Ft. . It has 3 bathroom(s) and 2 balcony(s). The ownership is freehold type.",https://www.99acres.com/3-bhk-bedroom-apartment-flat-for-sale-in-sheetal-vedika-habitat-randesan-gandhinagar-2025-sqft-spid-J89767248,3.0,3.0,2.0,1.0,,,Randesan,,New,1,False,False,True,apartment,0.0,0.0,4.330733340286331,3.0,3704.0
"1 BHK Flatin Sargasan, Gandhinagar","Sargasan, Gandhinagar",36.0,7200.0,500.0,"Containing 1 bedroom(s), 1 bathroom and 1 balcony, this flat is spread over a built up area of 500 sq.Ft. This flat is situated on the ground floor of this 1 floor tall residential building. An added advantage of this 1-5 years old flat is that it is available for immediate possession as the project is already ready to move.",https://www.99acres.com/1-bhk-bedroom-apartment-flat-for-sale-in-sargasan-gandhinagar-500-sqft-spid-P89766170,1.0,1.0,1.0,0.0,1.0,,Sargasan,,1-5 years,1,True,False,False,apartment,0.0,0.0,3.6109179126442243,1.0,7200.0
"3 BHK Flatin Randesan, Gandhinagar","Randesan, Gandhinagar",75.0,5000.0,1500.0,"Located in sheetal vedika habitat, randesan, gandhinagar, this 3 bhk flat spans 1500 sq.Ft. On the 1st floor of a 5-Floor low-Rise building. Over 10 years old, the furnished apartment offers 3 bedrooms, 3 bathrooms, a modular kitchen, central a/c, and parking. Available immediately, its near key religious sites and healthcare facilities.",https://www.99acres.com/3-bhk-bedroom-apartment-flat-for-sale-in-sheetal-vedika-habitat-randesan-gandhinagar-1500-sqft-spid-D89765564,3.0,3.0,1.0,1.0,5.0,furnished,Randesan,,10-20 years,1,False,True,False,apartment,2.0,1.0,4.330733340286331,3.0,5000.0
"4 BHK Flatin Koba, Gandhinagar","Koba, Gandhinagar",190.0,5385.0,3528.0,"This 4 bhk flat on the 9th floor at dev aashish the gate, koba, gandhinagar offers 3528 sq.Ft. Of modern living space. Just a year old and fully furnished, it features 4 bedrooms and 4 bathrooms, with access to a gym, clubhouse, pool, and power backup. Ideal for immediate move-In, close to sarthak pulse mall and top educational institutions.",https://www.99acres.com/4-bhk-bedroom-apartment-flat-for-sale-in-dev-aashish-the-gate-koba-gandhinagar-3528-sqft-r1-spid-R89748008,4.0,4.0,2.0,9.0,,furnished,Koba,,New,1,False,True,False,apartment,9.0,5.0,5.25227342804663,4.0,5385.0
"2 BHK Flatin Sargasan, Gandhinagar","Sargasan, Gandhinagar",45.0,4672.0,963.0,"This is a north-East-Facing property. The floor plan additionally contains 2 bedroom(s), 2 bathrooms and 1 balcony. All in all, the flat is spread over a super built up area of 963 sq.Ft. The flat has a total of 5 floors and this property is situated on 4th floor. An added advantage of this 1-5 years old flat is that it is available for immediate possession as the project is already ready to mo...",https://www.99acres.com/2-bhk-bedroom-apartment-flat-for-sale-in-swagat-afford-sargasan-gandhinagar-963-sqft-spid-M89742570,2.0,2.0,1.0,4.0,5.0,unfurnished,Sargasan,North-East,1-5 years,1,False,False,True,apartment,0.0,0.0,3.828641396489095,2.0,4673.0
"3 BHK Flatin Randheja, Gandhinagar","Randheja, Gandhinagar",62.0,2907.0,2133.0,"This 3 bhk flat spans 2133 sq.Ft. On the 3rd floor of a 13-Story high-Rise at shreeji shreenand ananta, randheja, gandhinagar. Offering 3 bedrooms and 3 bathrooms, it comes unfurnished and is under construction, available from april 2027. Close to sheth n.N saravajanik hospital and randheja railway station, with parking facilities nearby.",https://www.99acres.com/3-bhk-bedroom-apartment-flat-for-sale-in-shreeji-shreenand-ananta-randheja-gandhinagar-2133-sqft-spid-Q89720392,3.0,3.0,3.0,3.0,13.0,unfurnished,Randheja,,New,0,False,False,True,apartment,-1.0,10.0,4.143134726391533,3.0,2907.0
"1 BHK Flatin Pethapur, Gandhinagar","Pethapur, Gandhinagar",22.0,7308.0,301.0,"This 1 bhk flat, spanning 301 sq.Ft., is available for immediate sale at vishat royal flats, pethapur, gandhinagar. Located on the 3rd floor of a mid-Rise building aged 1-5 years, the apartment offers a practical layout with 1 bedroom and 1 bathroom. Nearby amenities include ambe mata mandir and multiple hospitals for convenience. Furnished status is unspecified.",https://www.99acres.com/1-bhk-bedroom-apartment-flat-for-sale-in-pethapur-gandhinagar-301-sqft-spid-Q89703872,1.0,1.0,1.0,3.0,,,Pethapur,,1-5 years,1,True,False,False,apartment,0.0,1.0,3.1354942159291497,1.0,7309.0
"1 BHK Builder Floorin Sargasan, Gandhinagar","Sargasan, Gandhinagar",97.0,5232.0,1098.0,"Sargasan is one of the sought after locations in gandhinagar to purchase a residential house. This 1 bhk builder floor in sargasan provides you an opportunity to be a part of this location. This spacious builder floor provides you 1 bedroom, 1 bathroom . This builder floor is unfurnished. This property spans over built up area of 206 sq.Yards. This beautiful property resides at ground floor of ...",https://www.99acres.com/1-bhk-bedroom-independent-builder-floor-for-sale-in-sargasan-gandhinagar-1854-sqft-spid-I89698588,1.0,1.0,1.0,0.0,,unfurnished,Sargasan,,New,1,False,True,False,builder floor,0.0,0.0,4.584967478670572,1.0,8834.0
"1 BHK Flatin Vavol, Gandhinagar","Vavol, Gandhinagar",29.0,3625.0,800.0,"The flat occupies a built up area of 80 sq.Ft. That consists of 1 bedroom, 2 bathrooms and 1 balcony. The property is located on the top floor of a 3 floors tall building. This 1-5 years old property is available for immediate possession as the project is ready to move.",https://www.99acres.com/1-bhk-bedroom-apartment-flat-for-sale-in-vavol-gandhinagar-800-sqft-spid-E89698586,1.0,2.0,1.0,,3.0,,Vavol,,1-5 years,1,True,False,False,apartment,0.0,0.0,3.4011973816621555,1.0,3625.0
"2 BHK Flatin Sargasan, Gandhinagar","Sargasan, Gandhinagar",65.0,9285.0,700.0,"Situated on the 5th floor of an 11-Story high-Rise, this 141 sq.Ft. 2 bhk apartment in swagat pelican, sargasan, gandhinagar, is available for immediate sale. The 1-5 year old flat features 2 bedrooms, 2 bathrooms, is unfurnished, and offers access to a lift, clubhouse, gym, and swimming pool. Nearby amenities include temples and hospitals.",https://www.99acres.com/2-bhk-bedroom-apartment-flat-for-sale-in-swagat-pelican-sargasan-gandhinagar-700-sqft-spid-G89694606,2.0,2.0,1.0,5.0,11.0,unfurnished,Sargasan,,1-5 years,1,False,True,False,apartment,8.0,2.0,4.189654742026425,2.0,9286.0
"2 BHK Flatin Sargasan, Gandhinagar","Sargasan, Gandhinagar",55.0,4595.0,1197.0,Residential apartment for sell.Located on 2nd floor out of the 5 located in sargasan.It is a furnished property.The property has 2 bedrooms with 2 bathrooms .Available at an expected price of rs 5500000.The property comes with a good construction quality which ages 5-10 years old property,https://www.99acres.com/2-bhk-bedroom-apartment-flat-for-sale-in-swagat-afford-sargasan-gandhinagar-1197-sq-ft-r3-spid-K77031955,2.0,2.0,1.0,2.0,5.0,furnished,Sargasan,,5-10 years,1,False,True,False,apartment,0.0,0.0,4.02535169073515,2.0,4595.0
"2 BHK Flatin Sargasan, Gandhinagar","Sargasan, Gandhinagar",65.0,4609.0,1410.0,"Located in swagat pelican, sargasan, gandhinagar, this 2 bhk flat on the 5th floor of an 11-Story high-Rise offers 141 sq.Ft. Of space. The 1-5 year old residential apartment comes furnished with 2 bedrooms and 2 bathrooms. Immediate availability, with amenities including a gym, clubhouse, swimming pool, and lift nearby religious and healthcare facilities.",https://www.99acres.com/2-bhk-bedroom-apartment-flat-for-sale-in-swagat-pelican-sargasan-gandhinagar-1410-sqft-spid-R89691352,2.0,2.0,1.0,5.0,11.0,furnished,Sargasan,,1-5 years,1,False,True,False,apartment,8.0,1.0,4.189654742026425,2.0,4610.0
"2 BHK Flatin Vavol, Gandhinagar","Vavol, Gandhinagar",45.0,3876.0,1161.0,"Situated in vrundavan residency, vavol, gandhinagar, this 2 bhk flat offers 1161 sq.Ft on the 6th floor of a 7-Story mid-Rise building. Semi-Furnished with a modular kitchen, it comes with gated society access, lift, parking, and on-Call maintenance. Vaastu compliant and near multiple hospitals, its available for immediate sale.",https://www.99acres.com/2-bhk-bedroom-apartment-flat-for-sale-in-vavol-gandhinagar-1161-sqft-spid-J89686298,2.0,2.0,1.0,6.0,7.0,semi-furnished,Vavol,,New,1,False,True,False,apartment,6.0,1.0,3.828641396489095,2.0,3876.0
"3 BHK Flatin Sargasan, Gandhinagar","Sargasan, Gandhinagar",80.0,4705.0,1700.0,Property is in the prime location. Please contatct for further information.,https://www.99acres.com/3-bhk-bedroom-apartment-flat-for-sale-in-bansal-shiva-blessing-1-sargasan-gandhinagar-1700-sqft-spid-Y89685124,3.0,3.0,1.0,,,,Sargasan,,Unknown,1,False,True,False,apartment,0.0,0.0,4.394449154672439,3.0,4706.0
"3 BHK Flatin Kudasan, Gandhinagar","Kudasan, Gandhinagar",95.0,4750.0,2000.0,"The flat is north-East-Facing. Constructed on a built up area of 305 sq.Ft., the flat comprises 3 bedroom(s), 3 bathrooms and more than 3 balconies. This flat lies on the 2nd level of a 12 storey building. As the project is already ready to move, so you can easily move into this 5-10 years old property.",https://www.99acres.com/3-bhk-bedroom-apartment-flat-for-sale-in-kudasan-gandhinagar-2000-sqft-spid-J89667366,3.0,3.0,3.0,2.0,12.0,unfurnished,Kudasan,North-East,5-10 years,1,True,False,False,apartment,0.0,0.0,4.564348191467836,3.0,4750.0
"2 BHK Flatin Vavol, Gandhinagar","Vavol, Gandhinagar",45.0,3876.0,1161.0,"Situated on the 6th floor of a mid-Rise building in vrundavan residency, vavol, this 2 bhk flat offers 1161 sq.Ft. Of semi-Furnished living space. With 2 bedrooms and 2 bathrooms, the 1-5 year old apartment is ready for immediate sale. Enjoy gated community security and convenient parking in gandhinagar, gujarat.",https://www.99acres.com/2-bhk-bedroom-apartment-flat-for-sale-in-vavol-gandhinagar-1161-sqft-spid-R89660950,2.0,2.0,1.0,6.0,,semi-furnished,Vavol,,1-5 years,1,False,True,False,apartment,0.0,0.0,3.828641396489095,2.0,3876.0
"2 BHK Flatin Sargasan, Gandhinagar","Sargasan, Gandhinagar",50.0,3912.0,1278.0,"This residential flat is north-Facing direction. Constructed on a carpet area of 142 sq.Yards, the flat comprises 2 bedroom(s), 2 bathrooms and 2 balconies. The property is located on the 3rd floor of a 5 floors tall building. This is a ready to move project and the property is 5-10 years old. The floor of this flat is beautifully designed using vitrified flooring, giving the flat an alluring l...",https://www.99acres.com/2-bhk-bedroom-apartment-flat-for-sale-in-sargasan-gandhinagar-1278-sqft-spid-G89639742,2.0,2.0,2.0,3.0,5.0,unfurnished,Sargasan,North,5-10 years,1,False,True,False,apartment,0.0,0.0,3.9318256327243257,2.0,3912.0
"1 BHK Flatin Koba, Gandhinagar","Koba, Gandhinagar",32.0,3950.0,810.0,"The floor plan additionally contains 1 bedroom(s), 1 bathroom and 1 balcony. All in all, the flat is spread over a super built up area of 810 sq.Ft. The property is located on the 6th floor of a 8 floors tall building. Being a ready to move project, you can expect immediate possession of this 1-5 years old property. The society complex is in the close vicinity of close to school, close to hospi...",https://www.99acres.com/1-bhk-bedroom-apartment-flat-for-sale-in-satyamev-surya-koba-gandhinagar-810-sqft-spid-R89629414,1.0,1.0,1.0,6.0,8.0,,Koba,,1-5 years,1,False,False,True,apartment,0.0,2.0,3.4965075614664802,1.0,3951.0
"1 BHK Flatin Kudasan, Gandhinagar","Kudasan, Gandhinagar",35.51,5058.0,702.0,"The flat is over 78 sq.Yards carpet area and comes with 1 bedroom(s), 1 bathroom and 1 balcony. This flat is situated on the 1st floor of this 3 floors tall residential building. This 10+ years old property is available for immediate possession as the project is ready to move. Moreover, this property offers close proximity to important landmarks such as close to school and close to market.",https://www.99acres.com/1-bhk-bedroom-apartment-flat-for-sale-in-sarthak-sankalp-kudasan-gandhinagar-702-sqft-spid-S89610494,1.0,1.0,1.0,1.0,3.0,unfurnished,Kudasan,,10-20 years,1,False,True,False,apartment,0.0,2.0,3.5975861956675455,1.0,5058.0
"1 BHK Flatin Raysan, Gandhinagar","Raysan, Gandhinagar",15.5,3200.0,484.3755,"Situated on the ground floor of a low-Rise building in pandit deendayal awas, raysan, this 1 bhk flat offers 45 sq.Ft. Of living space. Ready for immediate sale, the 5-10 year old apartment includes 1 bedroom and 1 bathroom. Close to health facilities and infocity, it combines convenience with comfort in gandhinagar.",https://www.99acres.com/1-bhk-bedroom-apartment-flat-for-sale-in-pandit-deendayal-awas-raysan-gandhinagar-45-sqft-spid-B89610156,1.0,1.0,1.0,0.0,,,Raysan,,5-10 years,1,False,True,False,apartment,0.0,4.0,2.803360380906535,1.0,3200.0
"1 BHK Flatin Raysan, Gandhinagar","Raysan, Gandhinagar",20.0,4040.0,495.0,"Constructed on a carpet area of 55 sq.Yards, the flat comprises 1 bedroom(s), 1 bathroom and 1 balcony. The property is located on the ground floor of a 3 floors tall building. An added advantage of this 10+ years old flat is that it is available for immediate possession as the project is already ready to move. Another plus point for this is that it is situated near close to school, close to ho...",https://www.99acres.com/1-bhk-bedroom-apartment-flat-for-sale-in-raysan-gandhinagar-495-sqft-spid-I89605418,1.0,1.0,1.0,0.0,3.0,,Raysan,,10-20 years,1,False,True,False,apartment,0.0,1.0,3.044522437723423,1.0,4040.0
"3 BHK Flatin Kudasan, Gandhinagar","Kudasan, Gandhinagar",105.0,5072.0,2070.0,Amenities: Reading room & work station area Outdoor projector wall and yoga deck Magnificent and ambient gazebo Outdoor children's play-Area Indoor games room and toddlers play area Well designed water body Mothers hangout place Multi-Purpose hall Sr. Citizen setout Net cricket Multi-Purpose court Gym & yoga centre Party lawn Kids drop off zone,https://www.99acres.com/3-bhk-bedroom-apartment-flat-for-sale-in-ayunam-greens-kudasan-gandhinagar-2070-sqft-spid-Z89603922,3.0,3.0,1.0,,,,Kudasan,,Unknown,1,False,True,False,apartment,14.0,0.0,4.663439094112067,3.0,5072.0
"1 BHK Flatin Vavol, Gandhinagar","Vavol, Gandhinagar",30.0,5128.0,585.0,"The flat is facing the east direction. The flat is over 65 sq.Yards super built up area and comes with 1 bedroom(s), 1 bathroom and 1 balcony. The residential building has 6 floors in total and the flat for sale is located on the 2nd floor. This is a ready to move project and the property is 5-10 years old. The flat comes well built with vitrified flooring options. Labh residency is designed ve...",https://www.99acres.com/1-bhk-bedroom-apartment-flat-for-sale-in-labh-residency-vavol-gandhinagar-585-sqft-spid-W89590720,1.0,1.0,1.0,2.0,6.0,semi-furnished,Vavol,East,5-10 years,1,False,False,True,apartment,0.0,0.0,3.4339872044851463,1.0,5128.0
"1 BHK Flatin Vavol, Gandhinagar","Vavol, Gandhinagar",32.0,9014.0,567.0,1. Toilet and bathroom separate 2. Guda garden facing balcony 3. Fully furnished and ready to move,https://www.99acres.com/1-bhk-bedroom-apartment-flat-for-sale-in-labh-residency-vavol-gandhinagar-567-sqft-spid-U89581012,1.0,1.0,1.0,,,furnished,Vavol,Other,New,1,True,False,False,apartment,0.0,0.0,3.4965075614664802,1.0,5644.0
"2 BHK Flatin Kudasan, Gandhinagar","Kudasan, Gandhinagar",53.0,4867.0,1089.0,"Located on the top floor of a low-Rise building in akshat heaven, kudasan, this 2 bhk semifurnished flat offers 1089 sq.Ft. Immediate availability ensures quick move-In. West-Facing with 2 bedrooms, 2 bathrooms, and central ac, it includes full power backup, visitor parking, and on-Call maintenanceconveniently close to metro, schools, hospitals, markets, and multiple temples.",https://www.99acres.com/2-bhk-bedroom-apartment-flat-for-sale-in-akshat-heaven-kudasan-gandhinagar-1089-sqft-spid-P89575006,2.0,2.0,1.0,,,semi-furnished,Kudasan,West,New,1,False,True,False,apartment,5.0,7.0,3.9889840465642745,2.0,4867.0
"2 BHK Flatin Kudasan, Gandhinagar","Kudasan, Gandhinagar",60.0,4796.0,1251.0,"Located in silicon valley, kudasan, this 2 bhk flat offers 1251 sq.Ft. Of well-Maintained living space in a 10+ year-Old mid-Rise building. Situated on the 6th floor of 8, the apartment features 2 bedrooms and 2 bathrooms, available for immediate sale. Nearby, several temples provide a serene environment in gandhinagar. Furnished status: Unfurnished.",https://www.99acres.com/2-bhk-bedroom-apartment-flat-for-sale-in-silicon-valley-kudasan-gandhinagar-1251-sqft-spid-V89571032,2.0,2.0,1.0,6.0,8.0,unfurnished,Kudasan,,10-20 years,1,False,True,False,apartment,0.0,1.0,4.110873864173311,2.0,4796.0
"2 BHK Builder Floorin Gift City, Gandhinagar","Gift City, Gandhinagar",69.0,9020.0,1269.0,"Are you planning to buy a 2bhk home near gift city with seamless connectivity to s.G. Highway? This could be exactly what youre looking for. This beautifully designed home is located on the seventh floor, offering excellent ventilation and abundant natural sunlight, creating a bright and refreshing living space throughout the day. The apartment comes fully furnished and thoughtfully designed fo...",https://www.99acres.com/2-bhk-bedroom-independent-builder-floor-for-sale-in-swagat-pelican-gift-city-gandhinagar-765-sqft-spid-E89565304,2.0,2.0,1.0,7.0,,furnished,Gift City,,New,1,False,False,False,apartment,0.0,8.0,4.248495242049359,2.0,5437.0
"2 BHK Flatin Vavol, Gandhinagar","Vavol, Gandhinagar",52.0,3727.0,1395.0,"Situated in shri ram vaidehi 3 residency, vavol, gandhinagar, this 1-5 year old 2 bhk flat offers 1395 sq.Ft. Of space on the 4th floor of a 6-Story mid-Rise building. Featuring 2 bedrooms and 2 bathrooms, the apartment is available immediately. Enjoy proximity to super mall 1, educational institutes, and excellent connectivity via uvarsad-Vavol road.",https://www.99acres.com/2-bhk-bedroom-apartment-flat-for-sale-in-shri-ram-vaidehi-3-residency-vavol-gandhinagar-1395-sqft-spid-L89547212,2.0,2.0,1.0,4.0,6.0,unfurnished,Vavol,,1-5 years,1,True,False,False,apartment,0.0,3.0,3.970291913552122,2.0,3728.0
"2 BHK Flatin Panchvati, Kalol, Gandhinagar","Panchvati, Kalol, Gandhinagar",37.0,2818.0,1313.1958,"This 2 bhk flat spans 122 sq.Ft. On the 7th floor of a mid-Rise building at shapath height 1, panchvati, kalol, gandhinagar. With 2 bedrooms and 2 bathrooms, the 510-Year-Old apartment is immediately available and unfurnished. Key benefits include proximity to shri hanumanji temple and multiple hospitals, plus the advantage of being on the top floor.",https://www.99acres.com/2-bhk-bedroom-apartment-flat-for-sale-in-panchvati-gandhinagar-122-sqft-spid-J89525184,2.0,2.0,1.0,7.0,,unfurnished,Kalol,,10-20 years,1,False,True,False,apartment,2.0,0.0,3.6375861597263857,2.0,2818.0
"1 BHK Flatin Randheja, Gandhinagar","Randheja, Gandhinagar",25.0,4480.0,558.0,"Located in maruti nandan, randheja, this 1 bhk flat spans 558 sq.Ft. On the 3rd floor of a 4-Floor low-Rise building. Over 10 years old, it offers airy rooms with natural light, cement flooring, and immediate availability. Close to sheth n.N saravajanik hospital, market, school, and randheja railway station, within a gated society featuring a fitness center.",https://www.99acres.com/1-bhk-bedroom-apartment-flat-for-sale-in-randheja-gandhinagar-558-sqft-spid-G89502016,1.0,1.0,1.0,3.0,4.0,unfurnished,Randheja,,10-20 years,1,False,True,False,apartment,2.0,2.0,3.258096538021482,1.0,4480.0
"2 BHK Flatin Sargasan, Gandhinagar","Sargasan, Gandhinagar",45.0,5000.0,900.0,"We are the proud owners of this 2 bhk apartment available in vrundavan appartment, sargasan, gandhinagar. This furnished apartment it is a and the unit is located on 2nd floor and has a carpet area of 900 sq.Ft. . It has 1 bathroom(s) and 2 balcony(s). The ownership is freehold type.",https://www.99acres.com/2-bhk-bedroom-apartment-flat-for-sale-in-vrundavan-appartment-sargasan-gandhinagar-900-sqft-spid-L89491468,2.0,1.0,2.0,2.0,,furnished,Sargasan,,New,1,False,True,False,apartment,0.0,0.0,3.828641396489095,2.0,5000.0
"1 BHK Builder Floorin Vavol, Gandhinagar","Vavol, Gandhinagar",25.0,4166.0,600.0,"Situated in vavol, gandhinagar, this 10+ year old 1 bhk independent builder floor offers 600 sq.Ft on the ground of a low-Rise, 4-Floor building. Featuring airy rooms with vitrified flooring, semi-Furnished interiors, and parking, it's immediately available. Close to multiple hospitals, schools, and markets, it suits comfortable city living.",https://www.99acres.com/1-bhk-bedroom-independent-builder-floor-for-sale-in-vavol-gandhinagar-600-sqft-spid-M89486216,1.0,1.0,1.0,0.0,4.0,semi-furnished,Vavol,,10-20 years,1,False,False,False,builder floor,1.0,3.0,3.258096538021482,1.0,4167.0
"1 BHK Flatin Vavol, Gandhinagar","Vavol, Gandhinagar",29.0,4028.0,720.0,"Located in salvik sukan, vavol, gandhinagar, this 1 bhk flat spans 720 sq.Ft on the 3rd floor of a low-Rise, 10+ year old building. Ready for immediate sale, it features 2 bathrooms, airy rooms with natural light, vitrified flooring, and a lift. Close to hospitals, markets, schools, and a fitness center, it offers comfortable urban living.",https://www.99acres.com/1-bhk-bedroom-apartment-flat-for-sale-in-vavol-gandhinagar-720-sqft-spid-I89486212,1.0,2.0,1.0,3.0,3.0,,Vavol,,10-20 years,1,False,True,False,apartment,1.0,3.0,3.4011973816621555,1.0,4028.0
"1 BHK Flatin Kalol, Gandhinagar","Kalol, Gandhinagar",22.0,5913.0,372.0,"Ground floor property with balcony and good courtyard space at front of house 2 side entry with garden facility , common plot , walking distance general stores , daily house hold requirements",https://www.99acres.com/1-bhk-bedroom-apartment-flat-for-sale-in-tata-shubh-griha-kalol-gandhinagar-372-sqft-spid-N89482072,2.0,1.0,1.0,0.0,,unfurnished,Kalol,Other,New,1,False,True,False,apartment,0.0,0.0,3.1354942159291497,1.0,5914.0
"3 BHK Flatin Sargasan, Gandhinagar","Sargasan, Gandhinagar",118.0,4750.0,2484.0,"Located on the 9th floor of a 13-Story high-Rise in atmos by solaire, sargasan, gandhinagar, this newly constructed 3 bhk flat spans 2484 sq.Ft. Offering immediate availability, it features 3 bedrooms, 3 bathrooms, and is unfurnished. Residents enjoy amenities like a clubhouse, gym, swimming pool, lift, parking, and full power backup. Nearby are shopping and educational hubs.",https://www.99acres.com/3-bhk-bedroom-apartment-flat-for-sale-in-atmos-by-solaire-sargasan-gandhinagar-2484-sqft-spid-S89480854,3.0,3.0,1.0,9.0,13.0,unfurnished,Sargasan,,New,1,False,True,False,apartment,11.0,5.0,4.77912349311153,3.0,4750.0
"2 BHK Flatin Sargasan, Gandhinagar","Sargasan, Gandhinagar",67.0,7444.0,900.0,"Available immediately, this 2 bhk flat on the 6th floor of a mid-Rise building in psy pramukh elysium, sargasan, gandhinagar offers 900 sq.Ft. Of well-Planned space. With 2 bedrooms, 2 bathrooms, and amenities like power backup and a clubhouse, this 1-5 year old apartment comes unfurnished. Nearby temples and medical clinics add to its appeal.",https://www.99acres.com/2-bhk-bedroom-apartment-flat-for-sale-in-psy-pramukh-elysium-sargasan-gandhinagar-900-sqft-spid-P89465426,2.0,2.0,1.0,6.0,,unfurnished,Sargasan,,1-5 years,1,False,True,False,apartment,4.0,1.0,4.219507705176107,2.0,7444.0
"3 BHK Flatin Koba, Gandhinagar","Koba, Gandhinagar",120.0,10364.0,1157.0,"This 3 bhk unfurnished apartment spans 1157.77 sq.Ft. On the 4th floor of a 14-Story high-Rise in surpath sharnam platinum, koba, gandhinagar. With 3 bedrooms and 3 bathrooms, it's a nearly new property available immediately. Benefits include parking, proximity to educational institutions, shree balaji agora mall, and major highways for easy connectivity.",https://www.99acres.com/3-bhk-bedroom-apartment-flat-for-sale-in-surpath-sharnam-platinum-koba-gandhinagar-1158-sqft-spid-V89466724,3.0,3.0,1.0,4.0,14.0,unfurnished,Koba,,New,1,False,True,False,apartment,1.0,10.0,4.795790545596741,3.0,10372.0
"2 BHK Flatin Sargasan, Gandhinagar","Sargasan, Gandhinagar",50.0,4444.0,1125.0,"Beautiful 2 bhk fully furnished corner apartment with garden view, perfect for peaceful and comfortable living. The flat is well-Ventilated, bright, and located on a prime corner side, giving extra privacy and open views. Comes with complete furniture, wardrobes, beds, sofa, modular kitchen, store room, gallery/balcony and appliances, making it ready to move in immediately. The garden-Facing ba...",https://www.99acres.com/2-bhk-bedroom-apartment-flat-for-sale-in-saundarya-444-sargasan-gandhinagar-1125-sqft-spid-Z89465872,2.0,2.0,1.0,,,furnished,Sargasan,Other,New,1,False,True,False,apartment,5.0,0.0,3.9318256327243257,2.0,4444.0
"2 BHK Flatin Kudasan, Gandhinagar","Kudasan, Gandhinagar",51.0,6439.0,1215.0,"The flat is facing the east direction. The floor plan additionally contains 2 bedroom(s), 2 bathrooms and 1 balcony. All in all, the flat is spread over a super built up area of 135 sq.Yards. This flat is situated on the 1st floor of this 5 floors tall residential building. As the project is already ready to move, so you can easily move into this 5-10 years old property. The floor of this flat ...",https://www.99acres.com/2-bhk-bedroom-apartment-flat-for-sale-in-shubh-candid-kudasan-gandhinagar-1215-sqft-spid-L89434820,2.0,2.0,1.0,1.0,5.0,unfurnished,Kudasan,East,5-10 years,1,False,False,True,apartment,0.0,0.0,3.9512437185814275,2.0,4198.0
"1 BHK Flatin Vavol, Gandhinagar",Shal6,30.0,6000.0,500.0,"Constructed on a built up area of 500 sq.Ft., the flat comprises 1 bedroom(s), 1 bathroom and 2 balconies. This flat is situated on the ground floor of this 1 floor tall residential building. Being a ready to move project, you can expect immediate possession of this 0-1 year old property.",https://www.99acres.com/1-bhk-bedroom-apartment-flat-for-sale-in-vavol-gandhinagar-500-sqft-spid-V89430706,1.0,1.0,2.0,0.0,1.0,,Vavol,,New,1,True,False,False,apartment,0.0,0.0,3.4339872044851463,1.0,6000.0
"1 BHK Flatin Rakanpur, Gandhinagar","Rakanpur, Gandhinagar",12.5,3462.0,361.0,"The flat is available in good condition and in front of main door there is huge parking area nd behind the flat there is garden. Currently rent is 5,500 per month. It is good opportunity for investment and living good.",https://www.99acres.com/1-bhk-bedroom-apartment-flat-for-sale-in-green-city-rakanpur-ahmedabad-north-361-sqft-r1-spid-V77272529,1.0,1.0,1.0,,,,Kalol,,Unknown,1,False,True,False,apartment,0.0,0.0,2.6026896854443837,1.0,3463.0
"3 BHK Flatin Sargasan, Gandhinagar","Sargasan, Gandhinagar",73.0,9737.0,838.0,Near to sg highway and railway station also from hospital and school,https://www.99acres.com/3-bhk-bedroom-apartment-flat-for-sale-in-sargasan-gandhinagar-839-sqft-spid-C89399127,3.0,3.0,1.0,,,,Sargasan,,Unknown,1,False,False,True,apartment,0.0,2.0,4.30406509320417,3.0,8711.0
"2 BHK Flatin Koba, Gandhinagar","Koba, Gandhinagar",50.0,4273.0,1170.0,"This is a east-Facing property. The floor plan additionally contains 2 bedroom(s), 2 bathrooms and 1 balcony. All in all, the flat is spread over a super built up area of 130 sq.Yards. The residential building has 8 floors in total and the flat for sale is located on the 3rd floor. Being a ready to move project, you can expect immediate possession of this 10+ years old property. The beautifully...",https://www.99acres.com/2-bhk-bedroom-apartment-flat-for-sale-in-sunshine-heights-koba-gandhinagar-1170-sqft-spid-E89371539,2.0,2.0,1.0,3.0,8.0,unfurnished,Koba,East,10-20 years,1,False,False,True,apartment,0.0,0.0,3.9318256327243257,2.0,4274.0
"3 BHK Builder Floorin Sargasan, Gandhinagar","Sargasan, Gandhinagar",73.0,4506.0,1620.0,"Near to sg highway, easy to transport anywhere, near to hospital, market, railway station",https://www.99acres.com/3-bhk-bedroom-independent-builder-floor-for-sale-in-sargasan-gandhinagar-1620-sqft-spid-I89388149,3.0,3.0,1.0,,,,Sargasan,,Unknown,1,False,False,False,builder floor,0.0,4.0,4.30406509320417,3.0,4506.0
"1 BHK Flatin Sardar Patel Ring Road, Gandhinagar","Sardar Patel Ring Road, Gandhinagar",28.0,4334.0,646.0,"The floor plan additionally contains 1 bedroom(s), 1 bathroom . All in all, the flat is spread over a built up area of 646 sq.Ft. This flat lies on the 6th level of a 14 storey building. As the project is already ready to move, so you can easily move into this 0-1 year old property.",https://www.99acres.com/1-bhk-bedroom-apartment-flat-for-sale-in-sardar-patel-ring-road-gandhinagar-646-sqft-spid-I89382725,1.0,1.0,1.0,,,,SP Ring Road,,Unknown,1,True,False,False,apartment,0.0,0.0,3.367295829986474,1.0,4334.0
"3 BHK Flatin Koba, Gandhinagar","Koba, Gandhinagar",110.0,4612.0,2385.0,"Located in karuna lotus heights, koba, gandhinagar, this 3 bhk flat on the 3rd floor of a 9-Floor mid-Rise building spans 2385 sq.Ft. Semi-Furnished and just 1-5 years old, it offers 3 bedrooms and bathrooms, a modular kitchen, lift access, and parking. Available immediately, its close to health focus physiotherapy clinic and infocity.",https://www.99acres.com/3-bhk-bedroom-apartment-flat-for-sale-in-karuna-lotus-heights-koba-gandhinagar-2385-sqft-spid-S89373499,3.0,3.0,1.0,,,,Koba,,Unknown,1,False,True,False,apartment,0.0,0.0,4.709530201312334,3.0,4612.0
"2 BHK Flatin Sargasan, Gandhinagar","Sargasan, Gandhinagar",65.0,4913.0,1323.0,,https://www.99acres.com/2-bhk-bedroom-apartment-flat-for-sale-in-sargasan-gandhinagar-1323-sqft-r1-spid-B81545819,2.0,2.0,1.0,,,,Sargasan,,Unknown,1,False,True,False,apartment,,,4.189654742026425,2.0,4913.0
"2 BHK Flatin Dahegam, Gandhinagar","Dahegam, Gandhinagar",37.0,3198.0,1188.0,"This unfurnished 2 bhk flat on the 6th floor of a mid-Rise building in ved greens dahegam offers 1188 sq.Ft. Of living space. Built less than a year ago, the apartment features 2 bedrooms and 2 bathrooms. Available for immediate sale, its conveniently close to hospitals, a temple, and essential amenities in gandhinagar.",https://www.99acres.com/2-bhk-bedroom-apartment-flat-for-sale-in-dhegam-gandhinagar-1188-sqft-spid-W89344809,2.0,2.0,1.0,6.0,,unfurnished,Dahegam,,New,1,True,False,False,apartment,0.0,2.0,3.6375861597263857,2.0,3114.0
"1 BHK Flatin Pethapur, Gandhinagar","Pethapur, Gandhinagar",29.0,9206.0,315.0,"Located in veeraj, pethapur, gandhinagar, this 1 bhk flat on the 5th floor of a 6-Floor mid-Rise building is available for immediate sale. Spanning 315 sq.Ft., the 5-10 year old residence offers airy rooms with natural light, vitrified flooring, and overlooks the main road. Nestled in a gated society, its close to hospitals, markets, schools, and features a fitness center.",https://www.99acres.com/1-bhk-bedroom-apartment-flat-for-sale-in-pethapur-gandhinagar-315-sqft-spid-L89337175,1.0,1.0,1.0,5.0,6.0,unfurnished,Pethapur,Other,5-10 years,1,False,True,False,apartment,4.0,3.0,3.4011973816621555,1.0,9206.0
"2 BHK Flatin Kudasan, Gandhinagar","Kudasan, Gandhinagar",55.0,4700.0,1170.0,"The flat is over 1170 sq.Ft. Super built up area and comes with 2 bedroom(s), 2 bathrooms and 1 balcony. The property is located on the 3rd floor of a 8 floors tall building. An added advantage of this 10+ years old flat is that it is available for immediate possession as the project is already ready to move. 100% residential apartment, well maintained scheme, 24 hours security & water supply, ...",https://www.99acres.com/2-bhk-bedroom-apartment-flat-for-sale-in-divyajivan-heights-kudasan-gandhinagar-1170-sq-ft-spid-Z89219895,2.0,2.0,1.0,3.0,8.0,,Kudasan,,10-20 years,1,False,False,True,apartment,0.0,0.0,4.02535169073515,2.0,4701.0
"2 BHK Flatin Vavol, Gandhinagar","Vavol, Gandhinagar",54.0,3973.0,1359.0,"Located in neelkanth jay visat mangalya, this furnished 2 bhk flat spans 1359 sq.Ft. On the 6th floor of a 7-Story mid-Rise, offered for immediate sale. Just under a year old, it features 2 bedrooms, 2 bathrooms, a modular kitchen, parking, and lift access. Nearby amenities include swaminarayan temple and multiple hospitals for convenience.",https://www.99acres.com/2-bhk-bedroom-apartment-flat-for-sale-in-neelkanth-jay-visat-mangalya-vavol-gandhinagar-1359-sqft-spid-P89313681,2.0,2.0,1.0,6.0,7.0,furnished,Vavol,,New,1,False,True,False,apartment,2.0,1.0,4.007333185232471,2.0,3974.0
"2 BHK Builder Floorin Sargasan, Gandhinagar","Sargasan, Gandhinagar",35.0,3111.0,1125.0,"Discover smartly planned 2 bhk builder floor in sargasan, an ideal space for your family in gandhinagar. This property has 2 bedrooms, 2 bathrooms and 3 balconies. This is an unfurnished builder floor. This builder floor provides you built up area of 125 sq.Yards. This builder floor is situated at the 1st floor of 5 floors building. This ready to move apartment is the residence you have been lo...",https://www.99acres.com/2-bhk-bedroom-independent-builder-floor-for-sale-in-sargasan-gandhinagar-1125-sqft-spid-U89310277,2.0,2.0,3.0,1.0,5.0,unfurnished,Sargasan,,New,1,True,False,False,builder floor,0.0,0.0,3.58351893845611,2.0,3111.0
"3 BHK Flatin Sargasan, Gandhinagar","Sargasan, Gandhinagar",100.0,5394.0,1854.0,"This 3 bhk furnished flat on the 6th floor of a mid-Rise at samved greenvalley, sargasan offers 1854 sq.Ft. Of living space. Ready for immediate sale, the 1-5 year old apartment features 3 bedrooms, 3 bathrooms, a modular kitchen, and parking. Situated near several temples and sanjivani hospital, it combines convenience with comfort.",https://www.99acres.com/3-bhk-bedroom-apartment-flat-for-sale-in-samved-greenvalley-sargasan-gandhinagar-1854-sqft-spid-P89299991,3.0,3.0,1.0,6.0,,furnished,Sargasan,,1-5 years,1,False,True,False,apartment,0.0,2.0,4.61512051684126,3.0,5394.0
"1 BHK Flatin Kalol, Gandhinagar","Kalol, Gandhinagar",16.0,4301.0,372.0,"It's close to the vadsar airforce station and the arvind mills campus. Neighbouring area New haven compact in vadsar, ahmedabad, is an integrated township by tata located on vadsar kalol road, near vadsar airforce station. Tata new haven compact is an apartment complex in vadsar, ahmedabad, gujarat, india. It's part of a larger integrated green township, offering 1 bhk apartments in 21 building...",https://www.99acres.com/1-bhk-bedroom-apartment-flat-for-sale-in-tata-new-heaven-compact-kalol-gandhinagar-372-sqft-r1-spid-A82855618,1.0,1.0,1.0,,21.0,,Kalol,,New,1,False,True,False,apartment,0.0,0.0,2.833213344056216,1.0,4301.0
"3 BHK Flatin Sargasan, Gandhinagar","Sargasan, Gandhinagar",99.0,4490.0,2205.0,"50 mtrs aska multu speciality hospital beside swagat twin city high street mall, opp chroma and guda garden on waljig distance",https://www.99acres.com/3-bhk-bedroom-apartment-flat-for-sale-in-sargasan-gandhinagar-2205-sqft-r1-spid-O80092553,3.0,3.0,1.0,,,,Sargasan,,Unknown,1,True,False,False,apartment,2.0,3.0,4.605170185988092,3.0,4490.0
"Studio Apartments / 1 RK Flatsin Kolavada, Gandhinagar","Kolavada, Gandhinagar",25.0,3125.0,800.0,"This unfurnished 1 rk studio apartment of 800 sq.Ft. Is available for immediate sale on the 3rd floor of a mid-Rise building at swarna amrut heights, kolavada, gandhinagar. Built within the last 5 years, it offers 1 bedroom and 1 bathroom, conveniently located near harjivan hospital, ideal for residential living.",https://www.99acres.com/studio-apartment-flat-for-sale-in-swarna-amrut-heights-kolavada-gandhinagar-800-sqft-spid-S89193833,1.0,1.0,1.0,3.0,,unfurnished,Kolavada,,Unknown,1,False,True,False,apartment,0.0,1.0,3.258096538021482,1.0,3125.0
"3 BHK Flatin Randesan, Gandhinagar","Randesan, Gandhinagar",65.0,3824.0,1700.0,"3bhk flat for resale Society - Maruti magnum (Corner scheme), next to siddhraj zoey Area - Randesan Nearby - 100-150 mt from randesan metro station, near raksha shakti circle, gift city, radhe infinity mall, swaminarayan hospital,multiple schools nearby Floor - 4 out of 5 floor Prime location Semi furnished - Main door / tv cabinet / modular kitchen / (5) lights /(6) fans / all taps / modular w...",https://www.99acres.com/3-bhk-bedroom-apartment-flat-for-sale-in-md-maruti-magnum-randesan-gandhinagar-1700-sqft-spid-A89174625,3.0,3.0,1.0,4.0,5.0,semi-furnished,Randesan,,New,1,False,True,False,apartment,2.0,10.0,4.189654742026425,3.0,3824.0
"3 BHK Builder Floorin Palaj, Gandhinagar","Palaj, Gandhinagar",55.0,3819.0,1440.0,"Palaj is one of the sought after locations in gandhinagar to purchase a residential house. This 3 bhk builder floor in palaj provides you an opportunity to be a part of this location. This property has 3 bedrooms, 2 bathrooms and more than 3 balconies. It's an unfurnished property. This builder floor provides you carpet area of 160 sq.Yards. It is located on top floor of 5 storey building. This...",https://www.99acres.com/3-bhk-bedroom-independent-builder-floor-for-sale-in-palaj-gandhinagar-1440-sqft-r1-spid-T82041218,3.0,2.0,3.0,,5.0,unfurnished,Gandhinagar Taluka,,Unknown,1,False,True,False,builder floor,0.0,0.0,4.02535169073515,3.0,3819.0
"2 BHK Flatin Sargasan, Gandhinagar","Sargasan, Gandhinagar",63.0,5109.0,1233.0,"Situated in swagat flamingo, sargasan, gandhinagar, this 2 bhk flat spans 1233 sq.Ft. On the top floor of a low-Rise building. Over 10 years old, it offers immediate availability and comes unfurnished. Residents enjoy amenities like a gym, clubhouse, swimming pool, and lift, with easy access to temples and hospitals nearby.",https://www.99acres.com/2-bhk-bedroom-apartment-flat-for-sale-in-swagat-flamingo-sargasan-gandhinagar-1233-sqft-spid-S89169367,2.0,2.0,1.0,,1.0,unfurnished,Sargasan,,10-20 years,1,False,False,True,apartment,8.0,2.0,4.1588830833596715,2.0,5109.0
"2 BHK Flatin Sargasan, Gandhinagar","Sargasan, Gandhinagar",65.0,3660.0,1776.0435,"Available immediately, this 2 bhk flat spans 165 sq.Ft. On the 4th floor of a mid-Rise building in mahalakshmi satvam parklane, sargasan, gandhinagar. Built 1-5 years ago, the residential apartment offers 2 bedrooms and 2 bathrooms with a furnished status. Nearby religious sites and a hospital add to its location benefits.",https://www.99acres.com/2-bhk-bedroom-apartment-flat-for-sale-in-mahalakshmi-satvam-parklane-sargasan-gandhinagar-165-sqft-spid-N89168659,2.0,2.0,1.0,4.0,,furnished,Sargasan,,1-5 years,1,False,True,False,apartment,0.0,2.0,4.189654742026425,2.0,3660.0
"2 BHK Flatin Gift City, Gandhinagar","Gift City, Gandhinagar",129.0,8063.0,1600.0,"Pool facing 2bhk with lowest price in market, it has the largest carpet for 2bhk in gift city.",https://www.99acres.com/2-bhk-bedroom-apartment-flat-for-sale-in-vida-by-nila-spaces-gift-city-gandhinagar-1600-sqft-spid-Q89167935,2.0,2.0,1.0,,,,Gift City,Other,New,0,False,False,True,apartment,0.0,0.0,4.867534450455582,2.0,8062.0
"2 BHK Builder Floorin Gift City, Gandhinagar","Gift City, Gandhinagar",45.51,4551.0,1000.0,"Check out this 2 bhk builder floor in gift city. This property is located in well planned locality of gandhinagar. Equipped with 2 bedrooms, 2 bathrooms and 2 balconies. The furnishing status of the builder floor is unfurnished. This builder floor spreads over built up area of 1125 sq.Ft. It is located on top floor of 2 storey building. It is 1-5 years old ready to move property. The nature of ...",https://www.99acres.com/2-bhk-bedroom-independent-builder-floor-for-sale-in-gift-city-gandhinagar-1125-sq-ft-r1-spid-K81988540,2.0,2.0,2.0,,2.0,unfurnished,Gift City,,1-5 years,1,False,True,False,builder floor,0.0,0.0,3.839667343236006,2.0,4551.0
"3 BHK Flatin Vavol, Gandhinagar","Vavol, Gandhinagar",68.0,3531.0,1926.0,"Prime location, road facing , nr tulsi bungalow, 04 side open, ready to move",https://www.99acres.com/3-bhk-bedroom-apartment-flat-for-sale-in-vavol-gandhinagar-1926-sqft-r1-spid-D79283395,3.0,3.0,2.0,,,,Vavol,Other,New,1,True,False,False,apartment,2.0,0.0,4.23410650459726,3.0,3531.0
"3 BHK Flatin Sargasan, Gandhinagar","Sargasan, Gandhinagar",72.0,3556.0,2025.0,Best 3 bhk property open space side fully ventilated only 7 floor in a flate low rise. Prime connectivity walk in sg highway baps temple and market . 32000 bhav,https://www.99acres.com/3-bhk-bedroom-apartment-flat-for-sale-in-shreeji-sahjanand-sanskar-sargasan-gandhinagar-2025-sqft-spid-B89094253,3.0,3.0,1.0,7.0,7.0,,Sargasan,Other,New,0,False,False,True,apartment,0.0,4.0,4.290459441148391,3.0,3556.0
"2 BHK Flatin Sector 6, Gandhinagar","Sector 6, Gandhinagar",42.0,6670.0,629.69,"We are the proud owners of this 2 bhk apartment available in shree hari appt g road touch, sector 6 gandhinagar, gandhinagar. This semi-Furnished apartment it is a and the unit is located on 2nd floor and has a carpet area of 58 sq.M. . It has 2 bathroom(s) and 2 balcony(s). The ownership is freehold type.",https://www.99acres.com/2-bhk-bedroom-apartment-flat-for-sale-in-sector-6-gandhinagar-629-sq-ft-r1-spid-Q82647880,2.0,2.0,2.0,2.0,,semi-furnished,Sector 6,,New,1,False,True,False,apartment,0.0,0.0,3.7612001156935624,2.0,6670.0
"1 BHK Flatin Sargasan, Gandhinagar","Sargasan, Gandhinagar",37.51,4709.0,796.53,"The flat is over 74 sq.M. Carpet area and comes with 1 bedroom(s), 2 bathrooms . The flat has a total of 5 floors and this property is situated on 3rd floor. As the project is already ready to move, so you can easily move into this 1-5 years old property.",https://www.99acres.com/1-bhk-bedroom-apartment-flat-for-sale-in-sargasan-gandhinagar-797-sqft-spid-T89076860,1.0,2.0,0.0,3.0,5.0,,Sargasan,,1-5 years,1,False,False,False,apartment,0.0,0.0,3.6509179478268177,1.0,4709.0
"3 BHK Flatin Sargasan, Gandhinagar","Sargasan, Gandhinagar",95.0,3209.0,2960.0724999999998,"Located on the 1st floor of a 13-Story high-Rise at polaris casarica, sargasan, this 3 bhk unfurnished flat offers 275 sq.Ft. Of living space. With 3 bedrooms and 3 bathrooms, it features ceramic flooring, lift access, and ample parking. The 1-5 year old property includes amenities like a clubhouse, gym, and 24/7 water, near key spots like swagat holiday mall and gift city.",https://www.99acres.com/3-bhk-bedroom-apartment-flat-for-sale-in-polaris-casarica-sargasan-gandhinagar-275-sqft-spid-S89075940,3.0,3.0,1.0,1.0,13.0,unfurnished,Sargasan,,1-5 years,1,False,True,False,apartment,6.0,5.0,4.564348191467836,3.0,3209.0
"2 BHK Flatin Gift City, Gandhinagar","Gift City, Gandhinagar",130.0,11872.0,1095.0,"Property is build by indias best developer famouns inf india and dubai. Property is in wind direction , vastu complient and on 27 th floor",https://www.99acres.com/2-bhk-bedroom-apartment-flat-for-sale-in-sobha-dream-heights-gift-city-gandhinagar-1095-sqft-spid-C89067402,2.0,2.0,1.0,,,,Gift City,,Unknown,1,False,False,True,apartment,0.0,0.0,4.875197323201151,2.0,11872.0
"2 BHK Flatin Sardar Patel Ring Road, Gandhinagar","Sardar Patel Ring Road, Gandhinagar",42.0,3562.0,1179.0,"This 2 bhk flat on the 8th floor of adira royal rejoice 2 offers 1179 sq.Ft. Of living space in a 1-5 year old high-Rise. Ready for immediate sale, it features 2 bedrooms and 2 bathrooms, unfurnished. Conveniently located near multiple hospitals and naroda gam bus depot on sardar patel ring road, gandhinagar.",https://www.99acres.com/2-bhk-bedroom-apartment-flat-for-sale-in-adira-royal-rejoice-2-sardar-patel-ring-road-gandhinagar-1179-sqft-spid-E89065506,2.0,2.0,2.0,8.0,,unfurnished,SP Ring Road,,1-5 years,1,False,True,False,apartment,0.0,2.0,3.7612001156935624,2.0,3562.0
"2 BHK Flatin Gift City, Gandhinagar","Gift City, Gandhinagar",150.0,19231.0,780.0,"We are the proud owners of this 2 bhk apartment available in vida by nila spaces, gift city, gandhinagar. This it is a and the unit is located on 9th floor and has a super built-Up area of 1200 sq.Ft. . It has 2 bathroom(s) and 1 balcony(s). The ownership is freehold type.",https://www.99acres.com/2-bhk-bedroom-apartment-flat-for-sale-in-vida-by-nila-spaces-gift-city-gandhinagar-780-sq-ft-r3-spid-L78624905,2.0,2.0,1.0,9.0,,,Gift City,,New,0,False,False,True,apartment,0.0,0.0,5.017279836814924,2.0,19231.0
"2 BHK Flatin Urjanagar 1, Randesan, Gandhinagar","Urjanagar 1, Randesan, Gandhinagar",39.0,3869.0,1008.0,,https://www.99acres.com/2-bhk-bedroom-apartment-flat-for-sale-in-sheetal-vedika-happy-valley-urjanagar-1-gandhinagar-1008-sqft-r1-spid-O79846513,2.0,2.0,1.0,,,,Randesan,,Unknown,1,False,True,False,apartment,,,3.6888794541139363,2.0,3869.0
"3 BHK Flatin Gift City, Gandhinagar","Gift City, Gandhinagar",95.0,5413.0,1755.0,"This spacious 3 bhk flat in stavya sky, gift city, gandhinagar offers 1728 sq.Ft. Of unfurnished living space on the 8th floor of a 14-Story high-Rise. With 3 bedrooms, 3 bathrooms, very large garden and outdoor play are, banquet hall, badminton court, cricket pitch, indoor cinema, indoor play area, library, zero parking on ground floor so it is completely safe for kids to play, and immediate a...",https://www.99acres.com/3-bhk-bedroom-apartment-flat-for-sale-in-gift-city-gandhinagar-1755-sqft-spid-Z89041438,3.0,3.0,2.0,8.0,14.0,unfurnished,Gift City,,New,1,False,False,True,apartment,24.0,0.0,4.564348191467836,3.0,5413.0
"2 BHK Flatin Kalol, Gandhinagar","Kalol, Gandhinagar",35.0,3111.0,1125.0,"The floor plan additionally contains 2 bedroom(s), 2 bathrooms and 1 balcony. All in all, the flat is spread over a super built up area of 1125 sq.Ft. The residential building has 5 floors in total and the flat for sale is located on the 4th floor. Being a ready to move project, you can expect immediate possession of this 5-10 years old property. The flat comes well built with vitrified floorin...",https://www.99acres.com/2-bhk-bedroom-apartment-flat-for-sale-in-park-view-kalol-gandhinagar-1125-sqft-spid-Y89034818,2.0,2.0,1.0,4.0,5.0,semi-furnished,Kalol,,5-10 years,1,False,False,True,apartment,0.0,0.0,3.58351893845611,2.0,3111.0
"2 BHK Flatin Ambika Nagar, Kalol, Gandhinagar","Ambika Nagar, Kalol, Gandhinagar",36.0,2400.0,1500.0,"Located in haridarshan complex, ambika nagar, kalol, this 2 bhk apartment offers 1500 sq.Ft. On the first floor of a low-Rise building. The 10+ year old, semi-Furnished flat features 2 bedrooms and 2 bathrooms. Immediate availability and proximity to shri hanumanji temple and multiple hospitals add convenience for families seeking residential peace.",https://www.99acres.com/2-bhk-bedroom-apartment-flat-for-sale-in-haridarshan-complex-ambika-nagar-gandhinagar-1500-sqft-spid-L89018474,2.0,2.0,1.0,1.0,,semi-furnished,Kalol,,10-20 years,1,False,True,False,apartment,0.0,0.0,3.6109179126442243,2.0,2400.0
"2 BHK Flatin Kudasan, Gandhinagar","Kudasan, Gandhinagar",50.0,4444.0,1125.0,"Specious rooms. Nearby approx 300mtr school, approx 50mtr hospital, approx 500mtr garden and temple, approx 1km metro station, approx 5km away railway station, approx 10km airport",https://www.99acres.com/2-bhk-bedroom-apartment-flat-for-sale-in-swaminarayan-avenue-kudasan-gandhinagar-1125-sqft-spid-A88987692,2.0,2.0,1.0,,,,Kudasan,,New,1,False,False,True,apartment,0.0,15.0,3.9318256327243257,2.0,4444.0
"1 BHK Flatin Sector 19, Gandhinagar","Sector 19, Gandhinagar",95.0,9500.0,1000.0,"We are the proud owners of this 1 bhk apartment available in aishwarya, sector 19 gandhinagar, gandhinagar. This it is a and the unit is located on ground floor and has a super built-Up area of 1000 sq.Ft. . It has 2 bathroom(s) and 2 balcony(s). The ownership is freehold type.",https://www.99acres.com/1-bhk-bedroom-apartment-flat-for-sale-in-aishwarya-sector-19-gandhinagar-1000-sqft-spid-W88938576,1.0,2.0,2.0,0.0,,,Sector 19,,New,1,False,False,True,apartment,0.0,0.0,4.564348191467836,1.0,9500.0
"2 BHK Flatin Sargasan, Gandhinagar","Sargasan, Gandhinagar",40.0,3149.0,1270.1402,"Located in the popular residential address of sargasan, gandhinagar, sthapan 2 is one of the most preferred destination for apartments in gandhinagar. This 2 bhk flat is your ticket to be a part of this community. The flat is facing the east direction. Containing 2 bedroom(s), 2 bathrooms and 1 balcony, this flat is spread over a super built up area of 118 sq.Ft. The property is located on the ...",https://www.99acres.com/2-bhk-bedroom-apartment-flat-for-sale-in-sthapan-2-sargasan-gandhinagar-118-sqft-r1-spid-W87221566,2.0,2.0,1.0,,,unfurnished,Sargasan,East,New,1,False,False,True,apartment,0.0,0.0,3.713572066704308,2.0,3149.0
"3 BHK Flatin Vavol, Gandhinagar","Vavol, Gandhinagar",58.0,3465.0,1674.0,"Premium garden-Facing flat in guda garden, new vavol Discover a beautiful garden-Facing flat in one of the largest and most sought-After locations of guda garden, new vavol. Situated in a prime location, this home offers the perfect combination of comfort, natural light, and peaceful surroundings. Property highlights: Largest garden-Facing flat Prime location in new vavol Abundant natural light...",https://www.99acres.com/3-bhk-bedroom-apartment-flat-for-sale-in-siddhi-shree-hari-142-vavol-gandhinagar-1674-sqft-spid-I88909198,3.0,3.0,2.0,,,,Vavol,Other,Unknown,1,False,False,True,apartment,0.0,0.0,4.07753744390572,3.0,3465.0
"3 BHK Flatin Sector 6, Gandhinagar","Sector 6, Gandhinagar",380.0,25589.0,1485.0,"This 3 bhk flat is located in n/a, which houses some of the most spacious flats in sector 6 gandhinagar. Constructed on a built up area of 1485 sq.Ft., the flat comprises 3 bedroom(s), 1 bathroom . The residential building has 1 floor in total and the flat for sale is located on the ground floor. An added advantage of this 0-1 year old flat is that it is available for immediate possession as th...",https://www.99acres.com/3-bhk-bedroom-apartment-flat-for-sale-in-sector-6-gandhinagar-1485-sqft-r1-spid-D81111325,3.0,1.0,3.0,0.0,1.0,,Sector 6,,New,1,True,False,False,apartment,0.0,0.0,5.942799375126701,3.0,25589.0
"2 BHK Flatin Chiloda, Gandhinagar","Chiloda, Gandhinagar",45.0,7243.57736140622,621.24,I want to offer my 02 bhk apartment in shell condition. The apartment is newly constructed and has new flooring. It includes two bedrooms with two large balconies and two bathrooms. The building has only three floors and is equipped with lift facility.,https://www.99acres.com/2-bhk-bedroom-apartment-flat-for-sale-in-hari-om-rudra-prayag-avenue-chiloda-gandhinagar-6687-sqft-spid-S88886532,2.0,2.0,2.0,,3.0,unfurnished,Chiloda,,New,1,False,True,False,apartment,1.0,0.0,3.828641396489095,2.0,7244.0
"2 BHK Flatin Randesan, Gandhinagar","Randesan, Gandhinagar",61.0,3855.0,1582.2933,"Experience modern urban living in this pristine, newly constructed 2bhk semi-Furnished flat located in the prestigious royal riviera 2, randesan, gandhinagar. Priced competitively at 61 lac, this residence is an ideal investment for those seeking a blend of luxury and convenience. The apartment features a thoughtfully designed layout that maximizes natural light and ventilation across its spaci...",https://www.99acres.com/2-bhk-bedroom-apartment-flat-for-sale-in-royal-riviera-2-randesan-gandhinagar-147-sqft-spid-J88738816,2.0,2.0,1.0,,,semi-furnished,Randesan,,New,1,False,False,True,apartment,0.0,0.0,4.127134385045092,2.0,3855.0
"3 BHK Flatin Sargasan, Gandhinagar","Sargasan, Gandhinagar",68.0,4367.0,1557.0,"The flat is east-Facing. Constructed on a super built up area of 173 sq.Yards, the flat comprises 3 bedroom(s), 3 bathrooms and 1 balcony. This flat is situated on the 7th floor of this 13 floors tall residential building. An added advantage of this 0-1 year old flat is that it is available for immediate possession as the project is already ready to move. The vitrified flooring of this flat is ...",https://www.99acres.com/3-bhk-bedroom-apartment-flat-for-sale-in-sargasan-gandhinagar-1557-sqft-spid-F88872954,3.0,3.0,1.0,7.0,13.0,,Sargasan,East,New,1,False,False,True,apartment,0.0,0.0,4.23410650459726,3.0,4367.0
"3 BHK Flatin Sargasan, Gandhinagar","Sargasan, Gandhinagar",109.0,8718.0,1250.31,"This property faces the north-East direction. The floor plan additionally contains 3 bedroom(s), 3 bathrooms and 2 balconies. All in all, the flat is spread over a carpet area of 1250 sq.Ft. The property is located on the 5th floor of a 14 floors tall building. This 5-10 years old property is available for immediate possession as the project is ready to move. The floor of this flat is beautiful...",https://www.99acres.com/3-bhk-bedroom-apartment-flat-for-sale-in-swagat-kingsland-sargasan-gandhinagar-1250-sqft-spid-G88854412,3.0,3.0,2.0,5.0,14.0,unfurnished,Sargasan,North-East,5-10 years,1,False,True,False,apartment,0.0,0.0,4.700480365792417,3.0,8718.0
"2 BHK Flatin Vavol, Gandhinagar","Vavol, Gandhinagar",54.0,4696.0,1150.0,Residential apartment for sell.The property comes with a good construction quality which ages 1-5 years old propertylocated in vavol.It is a semifurnished property.The property has 2 bedrooms with 2 bathrooms .Available at an expected price of rs 5400000.Located on 5th floor out of the 7,https://www.99acres.com/2-bhk-bedroom-apartment-flat-for-sale-in-anasya-greenz-vavol-gandhinagar-1150-sqft-r4-spid-J75213215,2.0,2.0,1.0,5.0,7.0,semi-furnished,Vavol,,1-5 years,1,False,True,False,apartment,0.0,0.0,4.007333185232471,2.0,4696.0
"3 BHK Builder Floorin Panchvati, Kalol, Gandhinagar","Panchvati, Kalol, Gandhinagar",110.0,5820.0,1890.0,3bhk builder floor apartment for resale in panchvati panchvati,https://www.99acres.com/3-bhk-bedroom-independent-builder-floor-for-sale-in-panchvati-gandhinagar-1890-sqft-r5-spid-Q69670434,3.0,3.0,2.0,,,,Kalol,,Unknown,1,True,False,False,apartment,0.0,0.0,4.709530201312334,3.0,5820.0
"3 BHK Flatin Raysan, Gandhinagar","Raysan, Gandhinagar",131.0,5753.0,2277.0,"This 3 bhk flat in satvan bellevue, raysan, gandhinagar offers 2277 sq.Ft. Of well-Planned space, featuring 3 bedrooms and 3 bathrooms. Located on the 8th floor of a 10-Story building, the 1-5 year old apartment is available immediately for sale. The residence combines modern design with a convenient location in gandhinagar.",https://www.99acres.com/3-bhk-bedroom-apartment-flat-for-sale-in-satvan-bellevue-raysan-gandhinagar-2277-sqft-spid-W88806002,3.0,3.0,1.0,8.0,10.0,,Raysan,,1-5 years,1,False,True,False,apartment,0.0,0.0,4.882801922586371,3.0,5753.0
"2 BHK Builder Floorin Raysan, Gandhinagar","Raysan, Gandhinagar",51.0,3908.0459770114944,1305.0,"Check out this 2 bhk builder floor in raysan. This property is located in well planned locality of gandhinagar. This spacious builder floor provides you 2 bedrooms, 2 bathrooms . It's a semi-Furnished property. Built up area of the property is 145 sq.Yards. This beautiful property resides at 5th floor of 9 floors building. This 5-10 years old builder floor is ready to move in. It is a freehold ...",https://www.99acres.com/2-bhk-bedroom-independent-builder-floor-for-sale-in-raysan-gandhinagar-1305-sqft-spid-B88794872,2.0,2.0,1.0,5.0,9.0,semi-furnished,Raysan,,5-10 years,1,True,False,False,builder floor,0.0,0.0,3.9512437185814275,2.0,3908.0
"3 BHK Flatin Kudasan, Gandhinagar","Kudasan, Gandhinagar",60.0,3185.0,1883.6825,"This spacious 3bhk apartment at sunshine heights, located in the heart of kudasan, gandhinagar, offers an incredible opportunity to own a home in one of the city's most sought-After residential hubs. Situated on the fourth floor, this well-Maintained residence is priced competitively at 60 lac, providing exceptional value for families and investors alike. The flat features a contemporary modula...",https://www.99acres.com/3-bhk-bedroom-apartment-flat-for-sale-in-sunshine-heights-kudasan-gandhinagar-175-sqft-spid-D88767578,3.0,3.0,1.0,4.0,,semi-furnished,Kudasan,,New,1,False,False,True,apartment,0.0,0.0,4.110873864173311,3.0,3185.0
"2 BHK Flatin Kudasan, Gandhinagar","Kudasan, Gandhinagar",49.0,3945.0,1242.0,"This elegantly designed 2bhk apartment at sunshine heights, kudasan, is an ideal choice for those seeking a compact yet functional home in gandhinagars most vibrant residential zone. Located on the fourth floor, this property offers a peaceful living environment with elevated views and excellent natural light. Priced at an attractive 45 lac, the flat is in superb condition and features a high-Q...",https://www.99acres.com/2-bhk-bedroom-apartment-flat-for-sale-in-sunshine-heights-kudasan-gandhinagar-1242-sqft-spid-W88768554,2.0,2.0,1.0,4.0,,semi-furnished,Kudasan,,New,1,False,True,False,apartment,0.0,0.0,3.912023005428146,2.0,3945.0
"2 BHK Flatin Urjanagar 1, Randesan, Gandhinagar","Urjanagar 1, Randesan, Gandhinagar",52.0,5205.0,999.0,"Available immediately, this furnished 2 bhk flat spans 999 sq.Ft. On the 5th floor of a low-Rise building in shukan eye, urjanagar 1, randesan, gandhinagar. Built 5-10 years ago, it offers vaastu compliance, full power backup, lift access, gated security, and on-Call maintenance. Nearby are several renowned temples, enhancing the locations spiritual appeal.",https://www.99acres.com/2-bhk-bedroom-apartment-flat-for-sale-in-shukan-eye-urjanagar-1-gandhinagar-999-sqft-spid-P88789580,2.0,2.0,1.0,5.0,,furnished,Randesan,,5-10 years,1,False,True,False,apartment,5.0,1.0,3.970291913552122,2.0,5205.0
"2 BHK Flatin Urjanagar 1, Randesan, Gandhinagar","Urjanagar 1, Randesan, Gandhinagar",53.0,5305.0,999.0,"Available immediately, this 10+ year old 2 bhk flat on the top (5th) floor of a low-Rise building in shukan eye, urjanagar 1, randesan offers 999 sq.Ft. Of vaastu-Compliant living space. Featuring 2 bedrooms, 2 bathrooms, power backup, lift, rainwater harvesting, and on-Call maintenance, its close to several renowned temples in gandhinagar.",https://www.99acres.com/2-bhk-bedroom-apartment-flat-for-sale-in-shukan-eye-urjanagar-1-gandhinagar-999-sqft-spid-S88789326,2.0,2.0,1.0,5.0,,,Randesan,,10-20 years,1,False,True,False,apartment,6.0,0.0,3.9889840465642745,2.0,5305.0
"3 BHK Flatin Kudasan, Gandhinagar","Kudasan, Gandhinagar",130.0,4815.0,2700.0,"Located on the 11th floor of a high-Rise in nia riverside 90, kudasan, this unfurnished 3 bhk flat spans 2700 sq.Ft. With 3 bedrooms and bathrooms, it offers immediate availability in a nearly new building. Residents benefit from proximity to multiple temples, enhancing the communitys serene appeal. This residential sale balances space and location well.",https://www.99acres.com/3-bhk-bedroom-apartment-flat-for-sale-in-nia-riverside-90-kudasan-gandhinagar-2700-sqft-spid-Y88780622,3.0,3.0,1.0,11.0,,unfurnished,Kudasan,,New,1,False,True,False,apartment,0.0,0.0,4.875197323201151,3.0,4815.0
"3 BHK Flatin Kudasan, Gandhinagar","Kudasan, Gandhinagar",140.0,16571.0,844.86,"Located in revanta fortune 3, kudasan, this 1-Year-Old 3 bhk flat spans 844.86 sq.Ft. On the 1st floor of a 13-Story high-Rise. Ready for immediate occupancy, it offers 3 bedrooms, 3 bathrooms, and comes semi-Furnished. The property features a gym, clubhouse, power backup, and lift, with excellent connectivity near gnlu metro and key schools.",https://www.99acres.com/3-bhk-bedroom-apartment-flat-for-sale-in-revanta-fortune-3-kudasan-gandhinagar-845-sqft-spid-N88776358,3.0,3.0,1.0,1.0,13.0,semi-furnished,Kudasan,,New,1,False,True,False,apartment,7.0,1.0,4.948759890378168,3.0,16571.0
"2 BHK Flatin Pethapur, Gandhinagar","Pethapur, Gandhinagar",30.0,2667.0,1125.0,"Looking for a 2 bhk property for sale in gandhinagar? Buy this 2 bhk flat in rivershine that is situated in pethapur, gandhinagar. The flat is east-Facing. Containing 2 bedroom(s), 2 bathrooms and 1 balcony, this flat is spread over a super built up area of 125 sq.Yards. The residential building has 5 floors in total and the flat for sale is located on the 3rd floor. This is a ready to move pro...",https://www.99acres.com/2-bhk-bedroom-apartment-flat-for-sale-in-pethapur-gandhinagar-1125-sqft-spid-F87236858,2.0,2.0,1.0,3.0,5.0,unfurnished,Pethapur,East,New,1,False,False,True,apartment,0.0,0.0,3.4339872044851463,2.0,2667.0
"Studio Apartments / 1 RK Flatsin Randheja, Gandhinagar","Randheja, Gandhinagar",22.0,4889.0,450.0,1 rk studio apartment in randheja for sell 22 lac for 50 sq yard area,https://www.99acres.com/studio-apartment-flat-for-sale-in-randheja-gandhinagar-450-sqft-spid-L88732332,1.0,1.0,1.0,,,,Randheja,,Unknown,1,False,True,False,apartment,0.0,0.0,3.1354942159291497,1.0,4889.0
"Studio Apartments / 1 RK Flatsin Kalol, Gandhinagar","Kalol, Gandhinagar",11.5,2719.0,423.0,1 rk studio apartment with 1 balcony for sell 11.50 lac for 47 sq. Yard super built up area for 1st floor out of 4th floor and property unfunniest,https://www.99acres.com/studio-apartment-flat-for-sale-in-tata-shubh-griha-kalol-gandhinagar-423-sqft-spid-V88724330,0.0,1.0,1.0,1.0,4.0,unfurnished,Kalol,,New,1,False,False,True,apartment,0.0,0.0,2.5257286443082556,1.0,2719.0
"1 BHK Builder Floorin Gift City, Gandhinagar","Gift City, Gandhinagar",31.0,3664.0,846.0,"Looking for magnificent 1 bhk builder floors in gift city gandhinagar? This property is the best deal for you. This property has 1 bedroom, 1 bathroom and 1 balcony. This is an unfurnished builder floor. Built up area of the property is 94 sq.Yards. This builder floor is situated at the 1st floor of 3 floors building. This ready to move apartment is the residence you have been looking for. The ...",https://www.99acres.com/1-bhk-bedroom-independent-builder-floor-for-sale-in-gift-city-gandhinagar-846-sqft-spid-P88710230,1.0,1.0,1.0,1.0,3.0,unfurnished,Gift City,,New,1,True,False,False,builder floor,0.0,0.0,3.4657359027997265,1.0,3664.0
"1 BHK Flatin Vavol, Gandhinagar","Vavol, Gandhinagar",31.0,3588.0,864.0,"Available immediately, this 1 bhk flat spans 864 sq.Ft. On the 1st floor of a 3-Floor low-Rise building in shantinagar, vavol, gandhinagar. Over 10 years old, the apartment offers 1 bedroom and 1 bathroom. Located close to top hospitals like supreme smile dental clinic and gayatri hospital, its a practical residential choice. Furnished status not specified.",https://www.99acres.com/1-bhk-bedroom-apartment-flat-for-sale-in-vavol-gandhinagar-864-sqft-spid-K88708162,1.0,1.0,1.0,1.0,3.0,,Vavol,,10-20 years,1,False,True,False,apartment,0.0,1.0,3.4657359027997265,1.0,3588.0
"2 BHK Flatin Koba, Gandhinagar","Koba, Gandhinagar",85.21,9683.0,880.0,"This beautiful 2 bhk flat in koba, gandhinagar is situated in sant vihar 1, one of the popular residential society in gandhinagar. The flat is east-Facing. The flat is over 880 sq.Ft. Carpet area and comes with 2 bedroom(s), 2 bathrooms and 3 balconies. The property is located on the 2nd floor of a 9 floors tall building. This is a ready to move project and the property is 1-5 years old. The vi...",https://www.99acres.com/2-bhk-bedroom-apartment-flat-for-sale-in-koba-gandhinagar-880-sq-ft-r1-spid-L82756886,2.0,2.0,3.0,2.0,9.0,unfurnished,Koba,East,1-5 years,1,False,False,False,apartment,0.0,0.0,4.456786180221833,2.0,9683.0
"3 BHK Flatin Randesan, Gandhinagar","Randesan, Gandhinagar",72.0,3556.0,2025.0,Spaciuos room bigg balcony near to ggift city easy connectivity of metro near to airport and railway sation,https://www.99acres.com/3-bhk-bedroom-apartment-flat-for-sale-in-sheetal-vedika-habitat-randesan-gandhinagar-2025-sqft-r2-spid-E74289401,3.0,3.0,1.0,,,,Randesan,,Unknown,1,False,True,False,apartment,0.0,10.0,4.290459441148391,3.0,3556.0
"2 BHK Flatin Koba, Gandhinagar","Koba, Gandhinagar",59.0,4538.0,1300.0,"2.5 bhk penthouse for sale in shubh pioneer. Ready to move in, available immediately. Call - 982_5353_970 About apartment - 2.5 bhk penthouse on 8th floor with ample light, wind, and unblocked sunrise views - Drawing room has standing balcony - Tiled flooring - Modular kitchen with wash area - Master bedroom with attached bathroom - 2nd bedroom with common bathroom - Both bedrooms with full wal...",https://www.99acres.com/2-bhk-bedroom-apartment-flat-for-sale-in-shubh-associates-shubh-pioneer-koba-gandhinagar-1300-sqft-spid-F88682674,2.0,2.0,1.0,,,,Koba,,Unknown,1,False,False,True,apartment,0.0,0.0,4.0943445622221,2.0,4538.0
"3 BHK Flatin Sargasan, Gandhinagar","Sargasan, Gandhinagar",71.75,3889.0,1845.0,"Available from march 2027, this under-Construction 3 bhk flat on the 5th floor of a 13-Story high-Rise at shreeji sarvopari, sargasan, gandhinagar offers 1845 sq.Ft. Of well-Designed space. Featuring 3 bedrooms and 2 bathrooms, this residential apartment is close to key religious sites and sanjivani heart and medical hospital, blending convenience with comfort.",https://www.99acres.com/3-bhk-bedroom-apartment-flat-for-sale-in-shreeji-sarvopari-sargasan-gandhinagar-1845-sqft-spid-H88645086,3.0,2.0,1.0,5.0,13.0,,Sargasan,,New,0,False,True,False,apartment,0.0,0.0,4.287028906051602,3.0,3889.0
"1 BHK Flatin Randheja, Gandhinagar","Randheja, Gandhinagar",25.5,3295.0,774.0,"This property faces the east direction. Containing 1 bedroom(s), 1 bathroom and 1 balcony, this flat is spread over a carpet area of 86 sq.Yards. This flat lies on the 1st level of a 3 storey building. As the project is already ready to move, so you can easily move into this 5-10 years old property. Another plus point for this is that it is situated near close to school, close to hospital and c...",https://www.99acres.com/1-bhk-bedroom-apartment-flat-for-sale-in-randheja-gandhinagar-774-sqft-spid-E88631164,1.0,1.0,1.0,1.0,3.0,unfurnished,Randheja,East,5-10 years,1,False,True,False,apartment,0.0,2.0,3.2771447329921766,1.0,3295.0
"2 BHK Flatin Gift City, Gandhinagar","Gift City, Gandhinagar",150.0,18122.0,827.74,"This 2 bhk flat, located on the 8th floor of a 34-Story high-Rise at shivalik skyview, gift city, gandhinagar, offers 1505.86 sq.Ft. Of under-Construction living space. Ready by dec 2027, it features 2 bedrooms, 2 bathrooms, and comes with key amenities like a clubhouse, gym, lift, and pool. Nearby are shree rang mall, nh48, and top schools.",https://www.99acres.com/2-bhk-bedroom-apartment-flat-for-sale-in-shivalik-skyview-gift-city-gandhinagar-1506-sqft-spid-I88605136,2.0,2.0,1.0,8.0,34.0,,Gift City,,New,0,False,True,False,apartment,8.0,6.0,5.017279836814924,2.0,18122.0
"2 BHK Flatin Sargasan, Gandhinagar","Sargasan, Gandhinagar",50.0,4831.0,1035.0,My property is location is good is near to sargasan chokdi swagata mall and road side view falt,https://www.99acres.com/2-bhk-bedroom-apartment-flat-for-sale-in-saundarya-444-sargasan-gandhinagar-1035-sqft-spid-B88601428,2.0,2.0,1.0,,,,Sargasan,,Unknown,1,False,True,False,apartment,2.0,5.0,3.9318256327243257,2.0,4831.0
"2 BHK Flatin Gift City, Gandhinagar","Gift City, Gandhinagar",165.0,18995.0,871.0,"Located on the 19th floor of a high-Rise at vida by nila spaces, this under-Construction 2 bhk apartment in gift city offers 871 sq.Ft. Of well-Planned living space. Available within six months, it comes unfurnished with 2 bathrooms, lift access, power backup, and amenities like a gym and swimming pool. Conveniently close to pdpu metro and major schools.",https://www.99acres.com/2-bhk-bedroom-apartment-flat-for-sale-in-vida-by-nila-spaces-gift-city-gandhinagar-871-sqft-spid-X88601182,2.0,2.0,1.0,19.0,33.0,unfurnished,Gift City,,New,0,False,True,False,apartment,8.0,1.0,5.111987788356544,2.0,18944.0
"3 BHK Flatin Raysan, Gandhinagar","Raysan, Gandhinagar",160.0,7111.0,2250.0,"Situated on the 3rd floor of a low-Rise building in shanti botonica, raysan, this 2250 sq.Ft. 3 bhk flat offers immediate availability. The 5-10 year old apartment features 3 bedrooms and 3 bathrooms, 6 balcony overlooking mango orchard, semifurnished, ideal for comfortable living near key healthcare centers, pdpu university, metro station, mall, office complexes.",https://www.99acres.com/3-bhk-bedroom-apartment-flat-for-sale-in-raysan-gandhinagar-2250-sqft-spid-M88577714,3.0,3.0,4.0,3.0,,semi-furnished,Raysan,,5-10 years,1,False,False,True,apartment,0.0,5.0,5.081404364984463,3.0,7111.0
"2 BHK Flatin Sargasan, Gandhinagar","Sargasan, Gandhinagar",67.0,5425.0,1235.0,"We are the proud owners of this 2 bhk apartment available in swagat queens land, sargasan, gandhinagar. This it is a and the unit is located on 8th floor and has a super built-Up area of 1235 sq.Ft. . It has 2 bathroom(s). The ownership is freehold type.",https://www.99acres.com/2-bhk-bedroom-apartment-flat-for-sale-in-swagat-queens-land-sargasan-gandhinagar-1235-sqft-r1-spid-F80485921,2.0,2.0,1.0,8.0,,,Sargasan,,New,1,False,False,True,apartment,0.0,0.0,4.219507705176107,2.0,5425.0
"3 BHK Flatin Randheja, Gandhinagar","Randheja, Gandhinagar",58.0,7282.0,796.53,"Located in polaris elina, randheja, gandhinagar, this immediate availability 3 bhk flat offers 796.53 sq.Ft. Of well-Planned space. Situated on the 6th floor of a 7-Floor mid-Rise building, the 1-5 year old apartment includes 3 bedrooms and 3 bathrooms. The unit is unfurnished and benefits from proximity to sheth n.N saravajanik hospital and randheja railway station.",https://www.99acres.com/3-bhk-bedroom-apartment-flat-for-sale-in-polaris-elina-randheja-gandhinagar-797-sqft-spid-T88572842,3.0,3.0,3.0,6.0,7.0,unfurnished,Randheja,,1-5 years,1,False,True,False,apartment,0.0,0.0,4.07753744390572,3.0,7282.0
"2 BHK Flatin Sector 29, Gandhinagar","Sector 29, Gandhinagar",160.0,16162.0,990.0,"Situated in sector 29 gandhinagar, n/a is a well planned society that offers a pleasant living experience to its residents. This 2 bhk flat in gandhinagar is your opportunity to be a part of this community. The flat is over 990 sq.Ft. Built up area and comes with 2 bedroom(s), 1 bathroom . This flat lies on the ground level of a 1 storey building. An added advantage of this 0-1 year old flat is...",https://www.99acres.com/2-bhk-bedroom-apartment-flat-for-sale-in-sector-29-gandhinagar-990-sqft-r1-spid-U81183443,2.0,1.0,1.0,0.0,1.0,,Sector 29,,New,1,True,False,False,apartment,0.0,0.0,5.081404364984463,2.0,16162.0
"2 BHK Flatin Koba, Gandhinagar","Koba, Gandhinagar",42.0,3590.0,1170.0,It has spacious drawing room and kitchen with having balconies. Air circulation an sun light is best .,https://www.99acres.com/2-bhk-bedroom-apartment-flat-for-sale-in-shubh-associates-shubh-pioneer-koba-gandhinagar-1170-sqft-r2-spid-J69076868,2.0,2.0,1.0,,,,Koba,,Unknown,1,False,True,False,apartment,0.0,0.0,3.7612001156935624,2.0,3590.0
"3 BHK Flatin Kudasan, Gandhinagar","Kudasan, Gandhinagar",128.0,9610.0,1332.0,"Luxury 12th-Floor 3bhk with stunning views balmukund lavish, randesan Overview: Step into a lifestyle of comfort and sophistication. This fully furnished, 3 bhk premium apartment in randesan offers an unbeatable combination of space, modern tech, and prime location. With a rare 42% loading factor, you get more carpet area than most new constructions. Property highlights: Space: 258 sq yd super ...",https://www.99acres.com/3-bhk-bedroom-apartment-flat-for-sale-in-balmukund-lavish-kudasan-gandhinagar-1332-sqft-spid-F88534074,3.0,3.0,1.0,12.0,13.0,furnished,Kudasan,,New,1,False,True,False,apartment,0.0,0.0,4.859812404361672,3.0,9610.0
"3 BHK Builder Floorin Sargasan, Gandhinagar","Sargasan, Gandhinagar",130.0,5909.0,2200.0,"I am looking for buyer to purchase builder floor available for sale in sargasan, gandhinagar. Available at price of rs 3 crores. It has super area of 2043 sq ft. It has 3 bhk, 3 bathroom, 1 balcony.It is a freehold property",https://www.99acres.com/3-bhk-bedroom-independent-builder-floor-for-sale-in-sargasan-gandhinagar-2043-sqft-spid-C88528336,3.0,3.0,1.0,,,,Sargasan,,Unknown,1,False,False,False,builder floor,0.0,0.0,4.875197323201151,3.0,5909.0
"2 BHK Flatin Khoraj, Gandhinagar","Khoraj, Gandhinagar",53.26,3722.0,1431.0,"Check out this 2 bhk apartment for sale in shivansh the hive, a popular residential project that houses in-Demand flats in khoraj, gandhinagar. The flat is facing the east direction. The floor plan additionally contains 2 bedroom(s), 2 bathrooms and 1 balcony. All in all, the flat is spread over a super built up area of 1431 sq.Ft. The flat has a total of 14 floors and this property is situated...",https://www.99acres.com/2-bhk-bedroom-apartment-flat-for-sale-in-shivansh-the-hive-khoraj-gandhinagar-1431-sqft-r3-spid-M84169708,2.0,2.0,1.0,,14.0,,Khoraj,East,New,0,False,False,True,apartment,0.0,0.0,3.9937873072307855,2.0,3722.0
"3 BHK Flatin Vavol, Gandhinagar","Vavol, Gandhinagar",85.0,4971.0,1710.0,"Semi-Furnished 3bhk flat for sale Spacious, well-Ventilated apartment with modern fittings! Flat details: 3 bedrooms with attached wardrobes Dressing tables in bedrooms Modular kitchen with upper & lower cabinets Tv cabinet Fans & lights installed throughout Curtains installed in all 3 bedrooms 4 washrooms 3 attached to bedrooms + 1 common Pigeon nets fixed on balconies and windows Inverter-Com...",https://www.99acres.com/3-bhk-bedroom-apartment-flat-for-sale-in-vavol-gandhinagar-1710-sqft-spid-L88502674,3.0,4.0,1.0,,,semi-furnished,Vavol,,New,1,False,False,True,apartment,0.0,0.0,4.454347296253507,3.0,4971.0
"2 BHK Flatin Gift City, Gandhinagar","Gift City, Gandhinagar",170.0,19518.0,871.0,"Available within 6 months, this 2 bhk flat in vida by nila spaces, gift city, gandhinagar spans 871 sq.Ft. Located on the 24th floor of a 33-Story high-Rise, the under-Construction apartment features 2 bedrooms and 2 bathrooms. Residents enjoy amenities like a gym, swimming pool, lift, and power backup, with excellent connectivity near pdpu metro and national highway 48.",https://www.99acres.com/2-bhk-bedroom-apartment-flat-for-sale-in-vida-by-nila-spaces-gift-city-gandhinagar-871-sqft-spid-E88500478,2.0,2.0,1.0,24.0,33.0,,Gift City,,Unknown,0,False,True,False,apartment,8.0,3.0,5.14166355650266,2.0,19518.0
"2 BHK Flatin Sargasan, Gandhinagar","Sargasan, Gandhinagar",66.0,8286.0,796.53,Road touch fully furnished home which is ready to move with all electronic items inclusive.,https://www.99acres.com/2-bhk-bedroom-apartment-flat-for-sale-in-surya-suyash-crystal-sargasan-gandhinagar-797-sqft-spid-R88499496,2.0,2.0,1.0,,,furnished,Sargasan,,New,1,False,True,False,apartment,0.0,0.0,4.204692619390966,2.0,8286.0
"2 BHK Flatin Sector 28, Gandhinagar","Sector 28, Gandhinagar",50.0,8295.0,602.78,,https://www.99acres.com/2-bhk-bedroom-apartment-flat-for-sale-in-sector-28-gandhinagar-603-sqft-spid-Q88499058,2.0,1.0,1.0,,,,Sector 28,,Unknown,1,False,True,False,apartment,,,3.9318256327243257,2.0,8295.0
"1 BHK Flatin Pethapur, Gandhinagar","Pethapur, Gandhinagar",18.0,2985.0,603.0,,https://www.99acres.com/1-bhk-bedroom-apartment-flat-for-sale-in-pethapur-gandhinagar-603-sqft-r2-spid-Y78880581,1.0,1.0,1.0,,,,Pethapur,,Unknown,1,False,True,False,apartment,,,2.9444389791664403,1.0,2985.0
"2 BHK Flatin Randheja, Gandhinagar","Randheja, Gandhinagar",40.0,5291.0,756.0,"Situated on the 2nd floor of a mid-Rise building in sharda apartments, this 2 bhk flat offers 756 sq.Ft. Of well-Planned space. With 2 bedrooms and 2 bathrooms, the 1-5 year old property is immediately available for sale. Enjoy convenience near sheth n.N saravajanik hospital and randheja railway station in gandhinagar.",https://www.99acres.com/2-bhk-bedroom-apartment-flat-for-sale-in-sharda-apartments-randheja-gandhinagar-756-sqft-spid-J88496934,2.0,2.0,2.0,2.0,,,Randheja,,1-5 years,1,False,True,False,apartment,0.0,0.0,3.713572066704308,2.0,5291.0
"2 BHK Flatin Ratanpur, Gandhinagar","Ratanpur, Gandhinagar",100.0,8295.0,1205.56,"2 bhk apartment for sale in naranpura, ahmedabad with modern-Day amenities. This is an owner listed property and thus there is no brokerage involved. The apartment is in naranpura which is a promising investment destination in ahmedabad. This might be your chance to grab the best 2 bhk property for sale in naranpura. The property is on floor 5 and the total number of floors is 5. This 2 bhk apa...",https://www.99acres.com/2-bhk-bedroom-apartment-flat-for-sale-in-ratanpur-gandhinagar-1206-sqft-r1-spid-K64306704,2.0,1.0,2.0,5.0,5.0,,Gandhinagar Taluka,,New,1,True,False,False,apartment,0.0,0.0,4.61512051684126,2.0,8295.0
"2 BHK Flatin Sargasan, Gandhinagar","Sargasan, Gandhinagar",67.0,3915.0,1711.4601,"This residential flat is east-Facing direction. The floor plan additionally contains 2 bedroom(s), 2 bathrooms and 1 balcony. All in all, the flat is spread over a carpet area of 159 sq.Ft. The property is located on the 8th floor of a 14 floors tall building. An added advantage of this 1-5 years old flat is that it is available for immediate possession as the project is already ready to move. ...",https://www.99acres.com/2-bhk-bedroom-apartment-flat-for-sale-in-aavkar-emerald-sargasan-gandhinagar-159-sqft-spid-A88493778,2.0,2.0,1.0,8.0,14.0,unfurnished,Sargasan,East,1-5 years,1,False,True,False,apartment,0.0,0.0,4.219507705176107,2.0,3915.0
"3 BHK Flatin Sargasan, Gandhinagar","Sargasan, Gandhinagar",75.0,3876.0,1935.0,Very nice locality. Very cultural neighborhood. Well maintained property with various festival group celebrations.,https://www.99acres.com/3-bhk-bedroom-apartment-flat-for-sale-in-rajeshri-maruti-aamrakunj-sargasan-gandhinagar-1935-sqft-r1-spid-D82881478,3.0,3.0,1.0,,,,Sargasan,,Unknown,1,True,False,False,apartment,0.0,0.0,4.330733340286331,3.0,3876.0
"2 BHK Flatin Sargasan, Gandhinagar","Sargasan, Gandhinagar",55.0,4074.0,1350.0,"The flat is facing the east direction. Containing 2 bedroom(s), 2 bathrooms and 1 balcony, this flat is spread over a super built up area of 150 sq.Yards. The residential building has 5 floors in total and the flat for sale is located on the top floor. Being a ready to move project, you can expect immediate possession of this 5-10 years old property. The vitrified flooring of this flat is beaut...",https://www.99acres.com/2-bhk-bedroom-apartment-flat-for-sale-in-sargasan-gandhinagar-1350-sqft-spid-A88472642,2.0,2.0,1.0,,5.0,unfurnished,Sargasan,East,5-10 years,1,False,False,True,apartment,0.0,0.0,4.02535169073515,2.0,4074.0
"2 BHK Flatin Sargasan, Gandhinagar","Sargasan, Gandhinagar",78.0,9971.23,782.25,"With breathtaking views from the 14th floor, peaceful distance from the traffic and noise, and walkable or less than 5 mins of driving proximity to many restaurants and grocery stores like d-Mart, this property is located at a very unique location. Very close to gift city, dhirubhai ambani university, nift, nid, tcs, infocity and less than 10 mins driving from metro station. Assigned parking sp...",https://www.99acres.com/2-bhk-bedroom-apartment-flat-for-sale-in-swagat-kingsland-sargasan-gandhinagar-782-sqft-spid-V88466590,0.0,2.0,2.0,14.0,14.0,,Sargasan,,New,1,False,True,False,apartment,0.0,16.0,4.454347296253507,2.0,9971.0
"2 BHK Flatin Panchvati, Kalol, Gandhinagar","Panchvati, Kalol, Gandhinagar",29.0,2578.0,1125.0,"A well maintained semifurnished good flat at prime location of panchvati,kalol ,very near to highway,city,school,garden,and shopping mall",https://www.99acres.com/2-bhk-bedroom-apartment-flat-for-sale-in-panchvati-gandhinagar-1125-sqft-spid-N88465924,2.0,2.0,1.0,,,semi-furnished,Kalol,,New,1,False,True,False,apartment,0.0,8.0,3.4011973816621555,2.0,2578.0
"1 BHK Flatin Pethapur, Gandhinagar","Pethapur, Gandhinagar",27.0,6566.0,411.18,,https://www.99acres.com/1-bhk-bedroom-apartment-flat-for-sale-in-pethapur-gandhinagar-411-sqft-spid-M88460544,1.0,1.0,1.0,,,,Pethapur,,Unknown,1,False,True,False,apartment,,,3.332204510175204,1.0,6566.0
"2 BHK Flatin Sargasan, Gandhinagar","Sargasan, Gandhinagar",60.0,6231.0,963.0,"This fully furnished flat offers a comfortable and modern living experience with a peaceful garden-Facing view. Thoughtfully designed interiors are complemented by ample natural light and ventilation, creating a calm and refreshing atmosphere. The flat comes equipped with all essential furniture and fittings, making it move-In ready. The serene garden view adds a touch of nature, perfect for re...",https://www.99acres.com/2-bhk-bedroom-apartment-flat-for-sale-in-swagat-afford-sargasan-gandhinagar-963-sqft-spid-D88455192,2.0,2.0,1.0,,,furnished,Sargasan,Other,New,1,False,True,False,apartment,3.0,0.0,4.110873864173311,2.0,6231.0
"2 BHK Flatin Kudasan, Gandhinagar","Kudasan, Gandhinagar",70.0,7778.0,900.0,"Located on the first floor of a mid-Rise building in garuda tulsi heights, this 1-5 year old 2 bhk flat offers 900 sq.Ft. Of well-Planned space with 2 bedrooms and 2 bathrooms. Available immediately, it comes unfurnished and includes access to a gym, clubhouse, lift, and power backup. Nearby, top schools and gift city enhance convenience.",https://www.99acres.com/2-bhk-bedroom-apartment-flat-for-sale-in-garuda-tulsi-heights-kudasan-gandhinagar-900-sqft-spid-F88453612,2.0,2.0,1.0,1.0,,unfurnished,Kudasan,,1-5 years,1,False,True,False,apartment,7.0,6.0,4.2626798770413155,2.0,7778.0
"3 BHK Flatin Sargasan, Gandhinagar","Sargasan, Gandhinagar",65.5,3955.0,1656.0,,https://www.99acres.com/3-bhk-bedroom-apartment-flat-for-sale-in-madhuram-greens-sargasan-gandhinagar-1656-sqft-spid-Q88450708,3.0,3.0,1.0,,,,Sargasan,,Unknown,1,False,False,True,apartment,,,4.197201947661808,3.0,3955.0
"2 BHK Flatin Sargasan, Gandhinagar","Sargasan, Gandhinagar",46.0,3902.0,1179.0,2bhk flat for sale at sargasan 131 square yard 5th floor Unfurnished flat Garden face flat,https://www.99acres.com/2-bhk-bedroom-apartment-flat-for-sale-in-madhuram-greens-sargasan-gandhinagar-1179-sqft-spid-C88444822,2.0,2.0,1.0,5.0,,unfurnished,Sargasan,Other,New,1,False,False,True,apartment,0.0,0.0,3.8501476017100584,2.0,3902.0
"2 BHK Flatin Sargasan, Gandhinagar","Sargasan, Gandhinagar",80.0,5556.0,1440.0,"Located in shikshapatri shreeji swastik, sargasan, this furnished 2 bhk flat offers 1440 sq.Ft. On the 12th floor of a high-Rise. Built 1-5 years ago, it includes 2 bathrooms, a modular kitchen, power backup, and parking. Available immediately, it enjoys excellent connectivity to gift city and nearby markets.",https://www.99acres.com/2-bhk-bedroom-apartment-flat-for-sale-in-shikshapatri-shreeji-swastik-sargasan-gandhinagar-1440-sqft-spid-A88330738,2.0,2.0,1.0,12.0,13.0,furnished,Sargasan,,1-5 years,1,False,False,True,apartment,3.0,6.0,4.394449154672439,2.0,5556.0
"3 BHK Flatin Pethapur, Gandhinagar","Pethapur, Gandhinagar",55.01,3533.0,1557.0,3 bhk 3rd floor A-302 173 sq yards Road facing flat Balcony attach with hall 4 standing balcony in flat 3 standing balcony attach with bedroom 1 standing balcony attach with hall,https://www.99acres.com/3-bhk-bedroom-apartment-flat-for-sale-in-saral-signature-avenue-pethapur-gandhinagar-1557-sqft-spid-S88397350,3.0,3.0,4.0,3.0,,,Pethapur,Other,New,1,False,True,False,apartment,0.0,0.0,4.025530246221741,3.0,3533.0
"2 BHK Flatin Gift City, Gandhinagar","Gift City, Gandhinagar",155.0,17796.0,871.0,For this property you don't have to pay extra for rising floor,https://www.99acres.com/2-bhk-bedroom-apartment-flat-for-sale-in-vida-by-nila-spaces-gift-city-gandhinagar-871-sqft-r1-spid-N78616569,2.0,2.0,1.0,,,,Gift City,,Unknown,0,False,True,False,apartment,0.0,0.0,5.049856007249537,2.0,17796.0
"2 BHK Flatin Vavol, Gandhinagar","Vavol, Gandhinagar",50.0,4425.0,1130.0,Well maintained. .Near gandhinagar railway station. .Metro coming soon. .Specious. Garden and play area for child..Washing area..Store room.3 big balcony .,https://www.99acres.com/2-bhk-bedroom-apartment-flat-for-sale-in-anasya-greenz-vavol-gandhinagar-1130-sqft-r1-spid-D81705918,0.0,1.0,3.0,,,,Vavol,,Unknown,1,False,True,False,apartment,0.0,0.0,3.9318256327243257,2.0,4425.0
"4 BHK Flatin Raysan, Gandhinagar","Raysan, Gandhinagar",231.0,5336.0,4329.0,,https://www.99acres.com/4-bhk-bedroom-apartment-flat-for-sale-in-saamarth-h7-raysan-gandhinagar-4329-sqft-spid-Z88387760,4.0,4.0,2.0,,,,Raysan,,Unknown,1,False,False,True,apartment,,,5.44673737166631,4.0,5336.0
"3 BHK Flatin Sector 26, Gandhinagar","Sector 26, Gandhinagar",70.0,4014.0,1743.7518,"This residential flat is east-Facing direction. The floor plan additionally contains 3 bedroom(s), 2 bathrooms and 1 balcony. All in all, the flat is spread over a carpet area of 162 sq.Ft. This flat is situated on the top floor of this 7 floors tall residential building. An added advantage of this 1-5 years old flat is that it is available for immediate possession as the project is already rea...",https://www.99acres.com/3-bhk-bedroom-apartment-flat-for-sale-in-sector-26-gandhinagar-162-sqft-spid-U88356060,3.0,2.0,1.0,,7.0,unfurnished,Sector 26,East,1-5 years,1,False,True,False,apartment,0.0,0.0,4.2626798770413155,3.0,4014.0
"3 BHK Flatin Sargasan, Gandhinagar","Sargasan, Gandhinagar",80.0,3810.0,2100.0,"Good sunlight and view. Flat is unused. Open kitchen concept, balcony view is open.",https://www.99acres.com/3-bhk-bedroom-apartment-flat-for-sale-in-shubhaarambh-shilp-serenity-sargasan-gandhinagar-2100-sqft-spid-V88350036,3.0,3.0,1.0,,,,Sargasan,,Unknown,1,False,True,False,apartment,0.0,0.0,4.394449154672439,3.0,3810.0
"2 BHK Flatin Randesan, Gandhinagar","Randesan, Gandhinagar",60.0,4219.0,1422.0,"Constructed on a built up area of 1422 sq.Ft., the flat comprises 2 bedroom(s), 2 bathrooms and 1 balcony. This flat is situated on the ground floor of this 1 floor tall residential building. An added advantage of this 0-1 year old flat is that it is available for immediate possession as the project is already ready to move.",https://www.99acres.com/2-bhk-bedroom-apartment-flat-for-sale-in-randesan-gandhinagar-1422-sqft-spid-G88342434,2.0,2.0,1.0,0.0,1.0,,Randesan,,New,1,True,False,False,apartment,0.0,0.0,4.110873864173311,2.0,4219.0
"3 BHK Flatin Sargasan, Gandhinagar","Sargasan, Gandhinagar",111.0,4501.0,2466.0,"The floor plan additionally contains 3 bedroom(s), 3 bathrooms and 1 balcony. All in all, the flat is spread over a built up area of 274 sq.Yards. This flat lies on the 6th level of a 13 storey building. As the project is already ready to move, so you can easily move into this 0-1 year old property. All the modern amenities such as cctv surveillance and lift(s) will make life easier for you.",https://www.99acres.com/3-bhk-bedroom-apartment-flat-for-sale-in-haridev-dev-parisar-sargasan-gandhinagar-2466-sqft-spid-G88338542,3.0,3.0,1.0,6.0,13.0,,Sargasan,,New,1,True,False,False,apartment,2.0,0.0,4.718498871295094,3.0,4501.0
"2 BHK Flatin Vavol, Gandhinagar","Vavol, Gandhinagar",41.0,3961.0,1035.0,Property listing: - Location: Shalvik shukan - Availability: For sell - Features: - Fully furnished - Double bed - Freeze - Tv - Ac - Washing machine - Ro plant - Fully colored Approx cost: 41 lakh,https://www.99acres.com/2-bhk-bedroom-apartment-flat-for-sale-in-vavol-gandhinagar-1035-sqft-spid-K88329162,2.0,2.0,1.0,,,furnished,Vavol,,Unknown,1,False,True,False,apartment,0.0,0.0,3.7376696182833684,2.0,3961.0
"2 BHK Flatin Gift City, Gandhinagar","Gift City, Gandhinagar",140.0,9265.0,1511.0,"Beautifully designed spacious units. Decorative main door and high speed elevators. Shilp north sky is a premium residential project located in the bustling hub of gift city. Our apartments are designed to provide the perfect blend of luxury and comfort, with state-Of-The-Art amenities and elegant interiors. Experience a world-Class living experience that's truly unmatched, only at shilp north ...",https://www.99acres.com/2-bhk-bedroom-apartment-flat-for-sale-in-shilp-north-sky-gift-city-gandhinagar-1511-sqft-spid-D88323080,2.0,2.0,1.0,,,,Gift City,,Unknown,0,False,False,True,apartment,0.0,0.0,4.948759890378168,2.0,9265.0
"3 BHK Flatin Sargasan, Gandhinagar","Sargasan, Gandhinagar",80.0,3704.0,2160.0,Balcony view is open and there are no any chance of any developments. Also flat is unused.,https://www.99acres.com/3-bhk-bedroom-apartment-flat-for-sale-in-shubhaarambh-shilp-serenity-sargasan-gandhinagar-2160-sqft-spid-Z88317014,3.0,3.0,1.0,,,,Sargasan,,Unknown,1,False,True,False,apartment,0.0,0.0,4.394449154672439,3.0,3704.0
"2 BHK Flatin Kudasan, Gandhinagar","Kudasan, Gandhinagar",65.0,3594.0,1808.3352,"This 2 bhk flat, under construction in labh vardhan, kudasan, offers 168 sq.Ft. On the 1st floor of a 13-Floor high-Rise. Available within 3 months, it features 2 bedrooms, 2 bathrooms, and is well-Furnished. Residents enjoy parking, a gym, clubhouse, and lift, with easy access to super mall, schools, hospital, and gsh 71 connectivity.",https://www.99acres.com/2-bhk-bedroom-apartment-flat-for-sale-in-labh-vardhan-kudasan-gandhinagar-168-sqft-spid-B88312962,2.0,2.0,1.0,1.0,13.0,furnished,Kudasan,,Unknown,0,False,True,False,apartment,6.0,2.0,4.189654742026425,2.0,3594.0
"3 BHK Flatin Randesan, Gandhinagar","Randesan, Gandhinagar",80.0,5298.013245033113,1510.0,"This 4 bhk flat on the 1st floor of a low-Rise building in swaminarayan presidency, randesan, gandhinagar offers immediate availability. Spanning 151 sq.Ft., the 10+ year old, unfurnished apartment includes 4 bedrooms and 2 bathrooms. Conveniently located near several religious sites, it provides a peaceful and culturally rich environment.",https://www.99acres.com/3-bhk-bedroom-apartment-flat-for-sale-in-swaminarayan-presidency-randesan-gandhinagar-151-sqft-spid-M88310908,4.0,2.0,2.0,1.0,,unfurnished,Randesan,,10-20 years,1,False,True,False,apartment,0.0,1.0,4.394449154672439,3.0,5298.0
"2 BHK Flatin Kalol, Gandhinagar","Kalol, Gandhinagar",33.0,3492.0,945.0,"Totally furniture, 2 ac, sofa, 32 inch tv, 01 foldable bed, 01 gas geyser, 01 washing machine, 01 oven, 01 dining table, tv unit, etc",https://www.99acres.com/2-bhk-bedroom-apartment-flat-for-sale-in-sanskar-residency-kalol-gandhinagar-945-sqft-r1-spid-E82293018,2.0,2.0,1.0,,,furnished,Kalol,,Unknown,1,False,True,False,apartment,0.0,0.0,3.5263605246161616,2.0,3492.0
"2 BHK Flatin Street No. 1, VV Giri Nagar, Gandhi Nagar, Kavadiguda, Gandhinagar","Street No. 1, VV Giri Nagar, Gandhi Nagar, Kavadiguda, Gandhinagar",50.0,5000.0,1000.0,The house is very good and it's large enough for a small family(4 poeple). The balcony is available and greenary outside the house.The hospital is walkable like 300 to 400 meters. Schools are available for children and they are descent. Good locality and descent neighbours.,https://www.99acres.com/2-bhk-bedroom-apartment-flat-for-sale-in-gandhinagar-1000-sqft-spid-Q88299534,2.0,2.0,1.0,,,,Other,,New,1,False,True,False,apartment,0.0,2.0,3.9318256327243257,2.0,5000.0
"2 BHK Flatin Plot No 672,, Gandhinagar","Plot No 672,, Gandhinagar",42.0,6670.0,629.69,,https://www.99acres.com/2-bhk-bedroom-apartment-flat-for-sale-in-gandhinagar-629-sqft-r1-spid-A82605438,2.0,2.0,1.0,,,,Sector 22,,Unknown,1,False,True,False,apartment,,,3.7612001156935624,2.0,6670.0
"2 BHK Flatin Sargasan, Gandhinagar","Sargasan, Gandhinagar",61.0,5379.0,1134.0,Residential apartment for sell.The property has 2 bedrooms with 2 bathrooms .It is a full-Furnished property.Located in sargasan.Property is built in 63.2 sq.Mt.(Builtup area) available at an expected price of rs 6000000.Located on 1st floor out of the 5 the property comes with a good construction quality which ages 5-10 years old property,https://www.99acres.com/2-bhk-bedroom-apartment-flat-for-sale-in-psy-pramukh-paramount-sargasan-gandhinagar-1134-sqft-r1-spid-D77103817,2.0,2.0,1.0,1.0,5.0,furnished,Sargasan,,5-10 years,1,False,False,True,apartment,0.0,0.0,4.127134385045092,2.0,5379.0
"2 BHK Flatin Vavol, Gandhinagar","Vavol, Gandhinagar",40.0,7273.0,550.0,"This unfurnished 2 bhk flat, located on the 6th floor of an 8-Floor mid-Rise at shri suraj residency, vavol, gandhinagar, offers 550 sq.Ft. Of airy living space. With 2 bedrooms and 2 bathrooms, its available immediately in a 1-5 year old gated community. East-Facing, close to multiple hospitals and the swaminarayan temple, it includes marble flooring, lift access, and parking.",https://www.99acres.com/2-bhk-bedroom-apartment-flat-for-sale-in-shri-suraj-residency-vavol-gandhinagar-550-sqft-spid-V88255350,2.0,2.0,1.0,6.0,8.0,unfurnished,Vavol,East,1-5 years,1,False,True,False,apartment,2.0,1.0,3.713572066704308,2.0,7273.0
"3 BHK Flatin Raysan, Gandhinagar","Raysan, Gandhinagar",114.0,4194.0,2718.0,"The flat is facing the east direction. The floor plan additionally contains 3 bedroom(s), 3 bathrooms and 3 balconies. All in all, the flat is spread over a carpet area of 302 sq.Yards. The residential building has 13 floors in total and the flat for sale is located on the 3rd floor. This residential property is still under construction and will be available for possession within 3 months. The ...",https://www.99acres.com/3-bhk-bedroom-apartment-flat-for-sale-in-satvan-bellevue-raysan-gandhinagar-2718-sqft-spid-V88253988,3.0,3.0,3.0,3.0,13.0,,Raysan,East,Unknown,0,False,True,False,apartment,-1.0,0.0,4.74493212836325,3.0,4194.0
"2 BHK Flatin Raysan, Gandhinagar","Raysan, Gandhinagar",77.0,4917.0,1566.0,"Located in radhe revanta fortune, raysan, gandhinagar, this unfurnished 2 bhk apartment offers 1566 sq.Ft. On the 8th floor of an 11-Story high-Rise. Built within the last year, it features 2 bathrooms and immediate availability. Residents enjoy amenities like a pool, gym, clubhouse, lift, and parking, with nearby access to vadaj metro, schools, and malls.",https://www.99acres.com/2-bhk-bedroom-apartment-flat-for-sale-in-radhe-revanta-fortune-raysan-gandhinagar-1566-sqft-spid-Q88252538,2.0,2.0,1.0,8.0,11.0,unfurnished,Raysan,,New,1,False,True,False,apartment,9.0,3.0,4.356708826689592,2.0,4917.0
"2 BHK Flatin Pethapur, Gandhinagar","Pethapur, Gandhinagar",54.0,6924.45688743701,779.844555,,https://www.99acres.com/2-bhk-bedroom-apartment-flat-for-sale-in-dwarkesh-vrundavan-skyview-pethapur-gandhinagar-72-sqft-spid-Z88252240,2.0,2.0,1.0,,,,Pethapur,,Unknown,1,False,True,False,apartment,,,4.007333185232471,2.0,6924.0
"2 BHK Flatin Koba, Gandhinagar","Koba, Gandhinagar",43.0,3539.0,1215.0,"Road side facing , near to ahmedabad gandhinagar highway, near to gift city. Nearby school, hospital, bank, petrolpump.",https://www.99acres.com/2-bhk-bedroom-apartment-flat-for-sale-in-psy-pramukh-elegance-koba-gandhinagar-1215-sqft-r1-spid-B78944557,2.0,2.0,1.0,,,,Koba,Other,Unknown,1,False,True,False,apartment,0.0,3.0,3.784189633918261,2.0,3539.0
"1 BHK Flatin Kalol, Gandhinagar","Kalol, Gandhinagar",20.0,4376.0,457.0,,https://www.99acres.com/1-bhk-bedroom-apartment-flat-for-sale-in-tata-new-heaven-compact-kalol-gandhinagar-457-sqft-r3-spid-R66682926,1.0,1.0,1.0,,,,Kalol,,Unknown,1,False,True,False,apartment,,,3.044522437723423,1.0,4376.0
"1 BHK Flatin Gift City, Gandhinagar","Gift City, Gandhinagar",107.0,22153.0,483.0,This flat is located opposite iocl petrol pump in gift city(Shram marg near by east,https://www.99acres.com/1-bhk-bedroom-apartment-flat-for-sale-in-vida-by-nila-spaces-gift-city-gandhinagar-483-sqft-r1-spid-G81171963,1.0,1.0,1.0,,,,Gift City,,Unknown,0,False,True,False,apartment,0.0,1.0,4.68213122712422,1.0,22153.0
"2 BHK Flatin Vavol, Gandhinagar","Vavol, Gandhinagar",59.0,4022.0,1467.0,"Situated on the 5th floor of a mid-Rise 1-5 year-Old building, this 2 bhk furnished flat in landmark vaidehi elegance, vavol, gandhinagar spans 1467 sq.Ft. Featuring 2 bedrooms, 2 bathrooms, and a modular kitchen, its ready for immediate sale. Nearby hospitals and parking add convenience to this residential offering priced at rs59 lac.",https://www.99acres.com/2-bhk-bedroom-apartment-flat-for-sale-in-landmark-vaidehi-elegance-vavol-gandhinagar-1467-sqft-spid-O88225156,2.0,2.0,1.0,5.0,5.0,furnished,Vavol,,1-5 years,1,False,False,True,apartment,0.0,1.0,4.0943445622221,2.0,4022.0
"2 BHK Builder Floorin Sargasan, Gandhinagar","Sargasan, Gandhinagar",76.0,8444.0,900.0,"Carefully laid out in the prime location of gandhinagar, this elegant 2 bhk builder floor in sargasan is a well-Suited property for you. This spacious builder floor provides you 2 bedrooms, 2 bathrooms . The furnishing status of the builder floor is furnished. This builder floor provides you built up area of 100 sq.Yards. It is located on 5th floor of 6 storey building. You can plan to move in ...",https://www.99acres.com/2-bhk-bedroom-independent-builder-floor-for-sale-in-sargasan-gandhinagar-900-sqft-spid-Q88225032,2.0,2.0,1.0,5.0,6.0,furnished,Sargasan,,Unknown,1,True,False,False,builder floor,0.0,0.0,4.343805421853684,2.0,8444.0
"2 BHK Flatin Sargasan, Gandhinagar","Sargasan, Gandhinagar",51.0,3991.0,1278.0,,https://www.99acres.com/2-bhk-bedroom-apartment-flat-for-sale-in-psy-pramukh-oasis-sargasan-gandhinagar-1278-sqft-spid-Y88219500,2.0,2.0,1.0,,,,Sargasan,,Unknown,1,False,False,True,apartment,,,3.9512437185814275,2.0,3991.0
"3 BHK Flatin Sargasan, Gandhinagar","Sargasan, Gandhinagar",105.0,8537.0,1230.0,"Madhav samved amara is one of gandhinagar's most sought after destination for apartments and this 3 bhk flat in sargasan is your opportunity to be a part of this community. Containing 3 bedroom(s), 4 bathrooms and 1 balcony, this flat is spread over a carpet area of 1230 sq.Ft. This flat is situated on the 5th floor of this 13 floors tall residential building. Moreover, the flat is currently un...",https://www.99acres.com/3-bhk-bedroom-apartment-flat-for-sale-in-sargasan-gandhinagar-1230-sqft-spid-A88193346,3.0,4.0,1.0,5.0,13.0,unfurnished,Sargasan,,New,0,False,True,False,apartment,0.0,0.0,4.663439094112067,3.0,8537.0
"Studio Apartments / 1 RK Flatsin Kalol, Gandhinagar","Kalol, Gandhinagar",12.0,2182.0,550.0,"1 rk studio apartment available in kalol, 550 sq. Ft carpet area, selling price 12 lac negotiable and property on 2nd floor out of 4 floor",https://www.99acres.com/studio-apartment-flat-for-sale-in-tata-shubh-griha-kalol-gandhinagar-550-sqft-spid-U88162294,1.0,1.0,1.0,2.0,4.0,,Kalol,,New,1,False,True,False,apartment,0.0,0.0,2.5649493574615367,1.0,2182.0
"Studio Apartments / 1 RK Flatsin Kalol, Gandhinagar","Kalol, Gandhinagar",14.0,2545.0,550.0,"1 rk studio apartment available at kalol, for 550 sq. Ft. For sell on 14 lac negotiable , unfunniest,",https://www.99acres.com/studio-apartment-flat-for-sale-in-tata-shubh-griha-kalol-gandhinagar-550-sqft-spid-T88162072,1.0,1.0,1.0,,,unfurnished,Kalol,,Unknown,1,False,True,False,apartment,0.0,0.0,2.70805020110221,1.0,2545.0
"Studio Apartments / 1 RK Flatsin Kalol, Gandhinagar","Kalol, Gandhinagar",20.0,6667.0,300.0,"1 rk studio apartment at happy home ,near vadsar village , kalol, 300 sq. Ft carpet area, 20 lac negotiable",https://www.99acres.com/studio-apartment-flat-for-sale-in-kalol-gandhinagar-300-sqft-spid-D88157220,1.0,1.0,1.0,,,,Kalol,,Unknown,1,False,True,False,apartment,0.0,0.0,3.044522437723423,1.0,6667.0
"Studio Apartments / 1 RK Flatsin Kalol, Gandhinagar","Kalol, Gandhinagar",12.0,2051.0,585.0,"1 rk studio apartment at kalol for 585 sq. Ft carpet area and sell price 12 lac negotiable , property on 1st floor out of 4th floor",https://www.99acres.com/studio-apartment-flat-for-sale-in-tata-shubh-griha-kalol-gandhinagar-585-sqft-spid-U88156658,0.0,1.0,0.0,1.0,4.0,,Kalol,,New,1,False,True,False,apartment,0.0,0.0,2.5649493574615367,1.0,2051.0
"3 BHK Flatin Kudasan, Gandhinagar","Kudasan, Gandhinagar",82.56,3556.0,2322.0,"An under construction property, at an amazing price. Great connectivity to heart of gandhinagar kudasan and straight connectivity to sg highway. Sits right in between of kudasan and sg highway.",https://www.99acres.com/3-bhk-bedroom-apartment-flat-for-sale-in-kudasan-gandhinagar-2322-sqft-spid-N88147770,3.0,3.0,1.0,,,,Kudasan,,Unknown,0,False,False,True,apartment,2.0,3.0,4.425564936688365,3.0,3556.0
"Studio Apartments / 1 RK Flatsin Kalol, Gandhinagar","Kalol, Gandhinagar",10.0,2222.0,450.0,"1 rk studio apartment available with 1 balcony in kalol, for 50 sq. Yard carpet area, for sell 10 lac negotiable 6 year old , 2nd floor property out of 5 floor",https://www.99acres.com/studio-apartment-flat-for-sale-in-tata-shubh-griha-kalol-gandhinagar-450-sqft-spid-N88143212,0.0,1.0,1.0,2.0,5.0,,Kalol,,Unknown,1,False,True,False,apartment,0.0,0.0,2.3978952727983707,1.0,2222.0
"Studio Apartments / 1 RK Flatsin Kalol, Gandhinagar","Kalol, Gandhinagar",10.25,3498.0,293.0,"1 rk with balcony with bathroom available in kalol, 293 sq. Ft carpet area for sell price 10.25 lac negotiable and property on 2nd floor out of 5 floor and 6 year old",https://www.99acres.com/studio-apartment-flat-for-sale-in-tata-shubh-griha-kalol-gandhinagar-293-sqft-spid-K88143114,1.0,1.0,1.0,2.0,5.0,,Kalol,,Unknown,1,False,True,False,apartment,0.0,0.0,2.4203681286504293,1.0,3498.0
"Studio Apartments / 1 RK Flatsin Kalol, Gandhinagar","Kalol, Gandhinagar",19.0,6485.0,293.0,"Studio apartment for sale in tata shubh griha, kalol, gandhinagar & sabarmati, ahmedabad constructed to suit your lifestyle, this residential apartment provides simple, functional, 1 private and light-Filled spaces for the residents. It is widely distributed in 1 spacious bedrooms, bathroom, kitchen, bright and spacious hall with 1 balcony to keep the house light filled and ventilated. There ar...",https://www.99acres.com/studio-apartment-flat-for-sale-in-tata-shubh-griha-kalol-gandhinagar-293-sq-ft-spid-N88142366,1.0,1.0,1.0,,,unfurnished,Kalol,,New,1,True,False,False,apartment,0.0,0.0,2.995732273553991,1.0,6485.0
"Studio Apartments / 1 RK Flatsin Kalol, Gandhinagar","Kalol, Gandhinagar",10.0,3413.0,293.0,"1 rk studio apartment with 1 balcony and bathroom in kalol, 293 sq. Ft carpet area sell price 10 negotiable , 6 year old",https://www.99acres.com/studio-apartment-flat-for-sale-in-tata-shubh-griha-kalol-gandhinagar-293-sqft-spid-F88142122,0.0,1.0,1.0,,,unfurnished,Kalol,,Unknown,1,False,True,False,apartment,0.0,0.0,2.3978952727983707,1.0,3413.0
"Studio Apartments / 1 RK Flatsin Gift City, Gandhinagar","Gift City, Gandhinagar",107.0,22153.0,483.0,1 rk studio apartment with 1 bathroom and 1 balcony available in gift city for sell price 1.07 cr. For 483 sq. Ft carpet area property on 23 floor out of 32 floor and passions start on 2026 end of year december,https://www.99acres.com/studio-apartment-flat-for-sale-in-vida-by-nila-spaces-gift-city-gandhinagar-483-sqft-spid-Q88136162,0.0,1.0,1.0,23.0,32.0,,Gift City,,New,0,False,True,False,apartment,0.0,0.0,4.68213122712422,1.0,22153.0
"Studio Apartments / 1 RK Flatsin Chhatral, Gandhinagar","Chhatral, Gandhinagar",7.0,1728.0,405.0,"1 rk studio apartment 1 bathroom available in chhatral, gandhinagar for sell 7 lac negotiable for 45 sq. Yard carpet area. Property on 2nd floor out of 3 floor",https://www.99acres.com/studio-apartment-flat-for-sale-in-chhatral-gandhinagar-405-sqft-spid-K88135910,1.0,1.0,1.0,2.0,3.0,,Kalol,,New,1,False,True,False,apartment,0.0,0.0,2.0794415416798357,1.0,1728.0
"3 BHK Flatin Kudasan, Gandhinagar","Kudasan, Gandhinagar",85.0,4198.0,2025.0,Top floor 3 side open high value property need to buy big property,https://www.99acres.com/3-bhk-bedroom-apartment-flat-for-sale-in-pramukh-tiara-kudasan-gandhinagar-2025-sqft-spid-J88135470,3.0,3.0,1.0,,,,Kudasan,Other,Unknown,1,False,True,False,apartment,0.0,0.0,4.454347296253507,3.0,4198.0
"Studio Apartments / 1 RK Flatsin Subhgriha Tata Housing, Gandhinagar","Subhgriha Tata Housing, Gandhinagar",11.0,3754.0,293.0,"We are the proud owners of this 1 rk studio apartment available in , , ahmedabad north. This unfurnished apartment is a 5-10 year old property, priced . Rs11 lac. It is a resale and a ready to move in apartment. The unit is located on 3rd floor and has a built up area of 293 sq.Ft. . It has 1 bathroom(s) and 1 balcony(s). The ownership is freehold type.",https://www.99acres.com/studio-apartment-flat-for-sale-in-gandhinagar-293-sq-ft-spid-N88135430,1.0,1.0,1.0,3.0,,unfurnished,Kalol,,5-10 years,1,True,False,False,apartment,0.0,0.0,2.4849066497880004,1.0,3754.0
"2 BHK Flatin Sargasan, Gandhinagar","Sargasan, Gandhinagar",52.0,5350.0,972.0,,https://www.99acres.com/2-bhk-bedroom-apartment-flat-for-sale-in-shree-rang-nano-city-1-and-2-sargasan-gandhinagar-972-sqft-spid-G88135248,2.0,2.0,1.0,,,,Sargasan,,Unknown,1,False,False,True,apartment,,,3.970291913552122,2.0,5350.0
"2 BHK Flatin Sector 22, Gandhinagar","Sector 22, Gandhinagar",110.0,20000.0,550.0,"This 2 bhk apartment is available for sale in kailash complex and use for commercial purpose, one of the most prominent projects for flats in sector 22 gandhinagar. The floor plan additionally contains 2 bedroom(s), 1 bathroom and 1 balcony. All in all, the flat is spread over a carpet area of 550 sq. Ft. The residential building has 3 floors in total and the flat for sale is located on the 1st...",https://www.99acres.com/2-bhk-bedroom-apartment-flat-for-sale-in-sector-22-gandhinagar-550-sqft-spid-R88121530,2.0,1.0,1.0,1.0,3.0,,Sector 22,,New,1,False,True,False,apartment,0.0,0.0,4.709530201312334,2.0,20000.0
"2 BHK Flatin Koba, Gandhinagar","Koba, Gandhinagar",55.0,4304.0,1278.0,"Residential apartment This is your chance to a 2 bhk apartment / flat for sale in psy pramukh elegance koba gandhinagar . Where luxury comes with affordability. Basic details: You will love this bright and spacious 2 bedroom apartment with 2 bathrooms, modular kitchen, spacious hall and 2 balconies.The balcony offers a great view and is a place to enjoy at any time. This house provides ample na...",https://www.99acres.com/2-bhk-bedroom-apartment-flat-for-sale-in-psy-pramukh-elegance-koba-gandhinagar-1278-sqft-spid-I86559898,2.0,2.0,2.0,,,,Koba,,New,1,False,False,True,apartment,0.0,0.0,4.02535169073515,2.0,4304.0
"2 BHK Flatin Vavol, Gandhinagar","Vavol, Gandhinagar",41.0,3961.0,1035.0,,https://www.99acres.com/2-bhk-bedroom-apartment-flat-for-sale-in-vavol-gandhinagar-1035-sqft-spid-I88039890,2.0,2.0,1.0,,,,Vavol,,Unknown,1,False,True,False,apartment,,,3.7376696182833684,2.0,3961.0
"2 BHK Flatin Sector 29, Gandhinagar","Sector 29, Gandhinagar",70.0,11720.0,597.29,"Well ventilated 2 bhk apartment in sector 29, near ch-6 circle",https://www.99acres.com/2-bhk-bedroom-apartment-flat-for-sale-in-sector-29-gandhinagar-597-sqft-spid-M88000496,2.0,2.0,1.0,,,,Sector 29,,New,1,False,True,False,apartment,0.0,0.0,4.2626798770413155,2.0,11720.0
"1 BHK Serviced Apartmentin Kalol, Gandhinagar","Kalol, Gandhinagar",16.0,3556.0,450.0,Khatraj new four line highway toch prakash school nr om shiv residency borisana kalol,https://www.99acres.com/1-bhk-bedroom-serviced-apartment-flat-for-sale-in-omkar-shivashray-residency-kalol-gandhinagar-450-sqft-spid-K88034412,1.0,1.0,1.0,,,,Kalol,,Unknown,1,False,True,False,apartment,0.0,2.0,2.833213344056216,1.0,3556.0
"2 BHK Builder Floorin Raysan, Gandhinagar","Raysan, Gandhinagar",62.0,5760.0,1076.39,"2 bhk builder floor in raysan, gandhinagar available for sale. This property has 2 bedrooms, 2 bathrooms . This builder floor is semi-Furnished. This builder floor spreads over built up area of 154 sq.M. You can find this spectacular builder floor on the 3rd floor of 4 storey building. It is 1-5 years old ready to move property. The ownership right of this property is freehold. Available for sa...",https://www.99acres.com/2-bhk-bedroom-independent-builder-floor-for-sale-in-raysan-gandhinagar-1658-sqft-spid-U88029164,2.0,2.0,1.0,3.0,4.0,semi-furnished,Raysan,,1-5 years,1,False,True,False,builder floor,0.0,0.0,4.143134726391533,2.0,5760.0
"2 BHK Flatin Sargasan, Gandhinagar","Sargasan, Gandhinagar",55.0,4701.0,1170.0,"Situated on the 3rd floor of a low-Rise building in saundarya 444, sargasan, this 5-10 year old 2 bhk flat offers 1170 sq.Ft. Of comfortable living. Featuring 2 bedrooms and 2 bathrooms, the unfurnished apartment is available for immediate sale. Nearby amenities include renowned temples and medical facilities, enhancing daily convenience.",https://www.99acres.com/2-bhk-bedroom-apartment-flat-for-sale-in-saundarya-444-sargasan-gandhinagar-1170-sqft-spid-N88015452,2.0,2.0,1.0,3.0,,unfurnished,Sargasan,,5-10 years,1,False,False,True,apartment,0.0,1.0,4.02535169073515,2.0,4701.0
"2 BHK Flatin Khoraj, Gandhinagar","Khoraj, Gandhinagar",70.0,6481.0,1080.0,"Nice location,best view on road touch by side vaishnodevi temple,all amenities are in sosayati swimming pool,gym,tennis,table tennis,carom,ches,laibrary..... Brts near by",https://www.99acres.com/2-bhk-bedroom-apartment-flat-for-sale-in-khoraj-gandhinagar-1080-sqft-spid-N87970488,2.0,2.0,1.0,,,,Khoraj,,Unknown,1,False,True,False,apartment,16.0,0.0,4.2626798770413155,2.0,6481.0
"3 BHK Flatin Sargasan, Gandhinagar","Sargasan, Gandhinagar",85.0,4393.0,1935.03,"Garden facing, dedicated parking, well maintained property, semi furnished, with wardrobe, kitchen modular, curtain, light, fan etc.",https://www.99acres.com/3-bhk-bedroom-apartment-flat-for-sale-in-maruti-amrakunj-sargasan-gandhinagar-1935-sqft-spid-P87961526,3.0,3.0,1.0,,,semi-furnished,Sargasan,Other,Unknown,1,False,True,False,apartment,0.0,0.0,4.454347296253507,3.0,4393.0
"3 BHK Flatin Kudasan, Gandhinagar","Kudasan, Gandhinagar",75.0,4065.0,1845.0,,https://www.99acres.com/3-bhk-bedroom-apartment-flat-for-sale-in-labh-vardhan-kudasan-gandhinagar-1845-sqft-spid-W87954890,3.0,3.0,1.0,,,,Kudasan,,Unknown,1,False,True,False,apartment,,,4.330733340286331,3.0,4065.0
"3 BHK Flatin Raysan, Gandhinagar","Raysan, Gandhinagar",135.0,6000.0,2250.0,"This premium home was originally a spacious 3bhk that has been thoughtfully redesigned into a luxury 2bhk to create larger living spaces and a more elegant layout. Located just walking distance from pdpu university and the upcoming 8-Lane road to gift city, the property sits in one of the fastest-Growing and high-Appreciation zones. The interiors are fully upgraded with premium finishes, excell...",https://www.99acres.com/3-bhk-bedroom-apartment-flat-for-sale-in-sunrise-ganesh-ultima-raysan-gandhinagar-2250-sqft-spid-F87953976,2.0,2.0,1.0,,,semi-furnished,Raysan,,New,1,False,True,False,apartment,0.0,6.0,4.912654885736052,3.0,6000.0
"3 BHK Flatin Sargasan, Gandhinagar","Sargasan, Gandhinagar",130.0,12560.386473429951,1035.0,"Looking for a 3 bhk property for sale in gandhinagar? Buy this 3 bhk flat in shubhaarambh shilp serenity that is situated in sargasan, gandhinagar. The flat is facing the south-East direction. Containing 3 bedroom(s), 3 bathrooms and 1 balcony, this flat is spread over a carpet area of 236 sq.Ft. The property is located on the 7th floor of a 9 floors tall building. As the project is already rea...",https://www.99acres.com/3-bhk-bedroom-apartment-flat-for-sale-in-shubhaarambh-shilp-serenity-sargasan-gandhinagar-236-sqft-spid-J87931652,3.0,3.0,1.0,7.0,9.0,unfurnished,Sargasan,South-East,New,1,False,True,False,apartment,0.0,0.0,4.875197323201151,3.0,12560.0
"2 BHK Builder Floorin Pethapur, Gandhinagar","Pethapur, Gandhinagar",58.0,3592.0,1614.585,,https://www.99acres.com/2-bhk-bedroom-independent-builder-floor-for-sale-in-pethapur-gandhinagar-150-sqft-spid-I87912078,2.0,2.0,1.0,,,,Pethapur,,Unknown,1,False,True,False,builder floor,,,4.07753744390572,2.0,3592.0
"3 BHK Flatin Kudasan, Gandhinagar","Kudasan, Gandhinagar",120.0,4848.0,2475.0,,https://www.99acres.com/3-bhk-bedroom-apartment-flat-for-sale-in-vision-ventilla-kudasan-gandhinagar-2475-sqft-spid-C87906722,3.0,3.0,1.0,,,,Kudasan,,Unknown,0,False,True,False,apartment,,,4.795790545596741,3.0,4848.0
"2 BHK Flatin Pethapur, Gandhinagar","Pethapur, Gandhinagar",55.0,5051.0,1089.0,"Bosky prime is one of the most popular destination for buying apartments/ flats in pethapur, gandhinagar. You too can be a part of this society by purchasing this 2 bhk flat here. Constructed on a carpet area of 1089 sq.Ft., the flat comprises 2 bedroom(s), 2 bathrooms and 3 balconies. The residential building has 4 floors in total and the flat for sale is located on the 2nd floor. An added adv...",https://www.99acres.com/2-bhk-bedroom-apartment-flat-for-sale-in-pethapur-gandhinagar-1089-sqft-spid-H87891554,2.0,2.0,3.0,2.0,4.0,,Pethapur,,New,1,False,True,False,apartment,0.0,0.0,4.02535169073515,2.0,5051.0
"3 BHK Flatin Randheja, Gandhinagar","Randheja, Gandhinagar",69.0,10262.0,672.39,East facing semi furnished nearest school hospital bus stand temple . On 6th floor with new generation 2 lifts 24 hours water supply security cleanness every day . Good air quality and sun light with east facing benefit. Garden 2 wheeler and 4 wheeler parking cc tv no pollution,https://www.99acres.com/3-bhk-bedroom-apartment-flat-for-sale-in-polaris-elina-randheja-gandhinagar-6930-sqft-spid-U87884776,0.0,3.0,2.0,6.0,,semi-furnished,Randheja,East,New,1,False,True,False,apartment,7.0,4.0,4.248495242049359,3.0,10262.0
"3 BHK Flatin Raysan, Gandhinagar","Raysan, Gandhinagar",135.0,5226.0,2583.0,,https://www.99acres.com/3-bhk-bedroom-apartment-flat-for-sale-in-raysan-gandhinagar-2583-sqft-spid-N87881406,3.0,3.0,1.0,,,,Raysan,,Unknown,1,True,False,False,apartment,,,4.912654885736052,3.0,5226.0
"2 BHK Flatin Pethapur, Gandhinagar","Pethapur, Gandhinagar",30.0,5000.0,600.0,"Located in the popular residential address of pethapur, gandhinagar, river view apartment is one of the most preferred destination for apartments in gandhinagar. This 2 bhk flat is your ticket to be a part of this community. Containing 2 bedroom(s), 2 bathrooms and 2 balconies, this flat is spread over a carpet area of 600 sq.Ft. The flat has a total of 5 floors and this property is situated on...",https://www.99acres.com/2-bhk-bedroom-apartment-flat-for-sale-in-pethapur-gandhinagar-600-sqft-spid-U87870316,2.0,2.0,2.0,,5.0,,Pethapur,,New,1,False,True,False,apartment,0.0,0.0,3.4339872044851463,2.0,5000.0
"2 BHK Flatin Kolavada, Gandhinagar","Kolavada, Gandhinagar",50.0,3076.0,1625.3489,"Speceas rooms and vel mentnance my house ,fully furnished, shafty grill ,pop and colour condition vary good",https://www.99acres.com/2-bhk-bedroom-apartment-flat-for-sale-in-shree-harikrushna-residency-kolavada-gandhinagar-151-sqft-spid-T87856572,2.0,2.0,1.0,,,furnished,Kolavada,,Unknown,1,False,True,False,apartment,0.0,0.0,3.9318256327243257,2.0,3076.0
"2 BHK Flatin Vavol, Gandhinagar","Vavol, Gandhinagar",45.0,9058.810066717433,496.75398499999994,"It is on the top floor of the apartment, ready to move, semi furnished",https://www.99acres.com/2-bhk-bedroom-apartment-flat-for-sale-in-skj-siddharth-skyz-vavol-gandhinagar-46-sqft-spid-G87855144,2.0,2.0,1.0,,,semi-furnished,Vavol,,New,1,False,True,False,apartment,0.0,0.0,3.828641396489095,2.0,9059.0
"3 BHK Flatin Sargasan, Gandhinagar","Sargasan, Gandhinagar",83.0,4150.0,2000.0,"We are the proud owners of this 3 bhk apartment available in satva satvam glory, sargasan, gandhinagar. This it is a and the unit is located on 8th floor and has a super built-Up area of 2000 sq.Ft. . It has 3 bathroom(s) and 1 balcony(s). The ownership is freehold type.",https://www.99acres.com/3-bhk-bedroom-apartment-flat-for-sale-in-satva-satvam-glory-sargasan-gandhinagar-2000-sqft-spid-G87855082,3.0,3.0,1.0,8.0,,,Sargasan,,New,1,False,False,True,apartment,0.0,0.0,4.430816798843313,3.0,4150.0
"2 BHK Flatin Sargasan, Gandhinagar","Sargasan, Gandhinagar",75.0,5447.0,1377.0,"Full furnished lavish appartment on sell in sargasan gandhinagar. Everything near by area mall,cinema,hospital, schools and markets. Owner wants give as it is condition and with all the electric items with furniture.",https://www.99acres.com/2-bhk-bedroom-apartment-flat-for-sale-in-devnandan-summit-sargasan-gandhinagar-1377-sqft-spid-O87844162,0.0,2.0,3.0,,,furnished,Sargasan,,New,1,False,False,True,apartment,0.0,7.0,4.330733340286331,2.0,5447.0
"2 BHK Flatin Sector 26, Gandhinagar","Sector 26, Gandhinagar",49.0,3206.0,1528.4738,,https://www.99acres.com/2-bhk-bedroom-apartment-flat-for-sale-in-sarthak-villa-sector-26-gandhinagar-142-sqft-spid-B87840134,2.0,2.0,2.0,,,,Sector 26,,Unknown,1,False,True,False,apartment,,,3.912023005428146,2.0,3206.0
"2 BHK Flatin Ambika Nagar, Kalol, Gandhinagar","Ambika Nagar, Kalol, Gandhinagar",39.75,2238.0,1776.0435,"This 2 bhk apartment is available for sale in haridarshan complex, one of the most prominent projects for flats in ambika nagar, gandhinagar. Constructed on a carpet area of 165 sq.Ft., the flat comprises 2 bedroom(s), 2 bathrooms and 2 balconies. This flat lies on the 1st level of a 4 storey building. As the project is already ready to move, so you can easily move into this.",https://www.99acres.com/2-bhk-bedroom-apartment-flat-for-sale-in-haridarshan-complex-ambika-nagar-gandhinagar-165-sqft-spid-S87833660,2.0,2.0,2.0,1.0,4.0,,Kalol,,New,1,False,True,False,apartment,0.0,0.0,3.7074558396868715,2.0,2238.0
"2 BHK Flatin Vavol, Gandhinagar","Vavol, Gandhinagar",45.0,9058.810066717433,496.75398499999994,"We are the proud owners of this 2 bhk apartment available in skj siddharth skyz, vavol, gandhinagar. This it is a and the unit is located on 7th floor and has a super built-Up area of 46 sq.Ft. . It has 2 bathroom(s) and 1 balcony(s). The ownership is freehold type.",https://www.99acres.com/2-bhk-bedroom-apartment-flat-for-sale-in-skj-siddharth-skyz-vavol-gandhinagar-46-sqft-spid-M87829126,2.0,2.0,1.0,7.0,,,Vavol,,New,1,False,True,False,apartment,0.0,0.0,3.828641396489095,2.0,9059.0
"3 BHK Flatin Randheja, Gandhinagar","Randheja, Gandhinagar",60.0,7792.0,770.0,"We are the proud owners of this 3 bhk apartment available in polaris elina, randheja, gandhinagar. This it is a and the unit is located on 1st floor and has a super built-Up area of 770 sq.Ft. . It has 3 bathroom(s) and 2 balcony(s). The ownership is freehold type.",https://www.99acres.com/3-bhk-bedroom-apartment-flat-for-sale-in-polaris-elina-randheja-gandhinagar-770-sqft-spid-S87827198,3.0,3.0,2.0,1.0,,,Randheja,,New,1,False,True,False,apartment,0.0,0.0,4.110873864173311,3.0,7792.0
"2 BHK Flatin Sargasan, Gandhinagar","Sargasan, Gandhinagar",70.0,5516.0,1269.0,"Directly from the owner, no brokerage Key features: Situated in sargasan, gandhinagar, Swagat pelican is a well-Planned residential society east-Facing apartment spans 1269 sq. Ft. (Super built-Up area) and features 2 bedrooms, 2 bathrooms, and 2 balconies. Located on the 6th floor of a 10-Story building, the property is ready to move in and is between 1 to 5 years old Advantages: - Chemical se...",https://www.99acres.com/2-bhk-bedroom-apartment-flat-for-sale-in-swagat-pelican-sargasan-gandhinagar-1269-sqft-spid-G87759214,2.0,2.0,2.0,6.0,10.0,unfurnished,Sargasan,East,1-5 years,1,False,False,True,apartment,2.0,0.0,4.2626798770413155,2.0,5516.0
"Studio Apartments / 1 RK Flatsin Sector 24, Gandhinagar","Sector 24, Gandhinagar",15.0,7143.0,210.0,"1 rk apartment available at gandhinagar sector-24 , harshidi nagar, 210 sq fit 1 bathroom available , affordable price 15 lac, semi finished",https://www.99acres.com/studio-apartment-flat-for-sale-in-sector-24-gandhinagar-210-sqft-spid-O87809336,1.0,1.0,1.0,,,semi-furnished,Sector 24,,New,1,False,True,False,apartment,0.0,0.0,2.772588722239781,1.0,7143.0
"3 BHK Flatin Koba, Gandhinagar","Koba, Gandhinagar",125.0,4645.156495322328,2690.975,"Located in sant vihar 1, koba, gandhinagar, this 1-5 year old 3 bhk flat on the 2nd floor of an 8-Floor mid-Rise building offers 250 sq.Ft. Of well-Planned space with 3 bedrooms and 3 bathrooms. Fully furnished and available immediately, its near health focus physiotherapy clinic, infocity office complex, and pandit deendayal petroleum university.",https://www.99acres.com/3-bhk-bedroom-apartment-flat-for-sale-in-koba-gandhinagar-250-sqft-spid-V87807232,3.0,3.0,1.0,2.0,8.0,furnished,Koba,,1-5 years,1,False,False,True,apartment,0.0,0.0,4.836281906951478,3.0,4645.0
"1 BHK Flatin Sargasan, Gandhinagar","Sargasan, Gandhinagar",36.0,5000.0,720.0,"Near holiday mall, S.G. Highway 500 mtr School and mall within 1 km Near by hospital",https://www.99acres.com/1-bhk-bedroom-apartment-flat-for-sale-in-shree-rang-nano-city-1-and-2-sargasan-gandhinagar-720-sqft-spid-H87791456,1.0,1.0,1.0,,,,Sargasan,,New,1,False,True,False,apartment,0.0,7.0,3.6109179126442243,1.0,5000.0
"2 BHK Flatin Sargasan, Gandhinagar","Sargasan, Gandhinagar",52.0,7241.0,718.16,,https://www.99acres.com/2-bhk-bedroom-apartment-flat-for-sale-in-swagat-afford-sargasan-gandhinagar-718-sqft-spid-Q87780066,2.0,2.0,1.0,,,,Sargasan,,Unknown,1,False,True,False,apartment,,,3.970291913552122,2.0,7241.0
"3 BHK Flatin Sargasan, Gandhinagar","Sargasan, Gandhinagar",85.0,4607.0,1845.0,No wall between two flats. Prime location near swagat holiday mall,https://www.99acres.com/3-bhk-bedroom-apartment-flat-for-sale-in-shreeji-woods-ville-sargasan-gandhinagar-1845-sqft-spid-B87775144,3.0,3.0,1.0,,,,Sargasan,,Unknown,1,False,True,False,apartment,0.0,2.0,4.454347296253507,3.0,4607.0
"2 BHK Flatin Sargasan, Gandhinagar","Sargasan, Gandhinagar",63.5,3333.0,1905.2103,"If i am unable to receive call then msg me on whatsapp on same number. Located on the 4th floor of a high-Rise in psy pramukh praise, sargasan, gandhinagar, this nearly new 2 bhk apartment offers 177 sq.Ft. Of well-Planned living space with 2 bedrooms and 2 bathrooms. Ready for immediate sale, it features modern furnishing and is close to schools, hospitals, and transport hubs, making it ideal ...",https://www.99acres.com/2-bhk-bedroom-apartment-flat-for-sale-in-psy-pramukh-praise-sargasan-gandhinagar-177-sqft-spid-M87763974,2.0,2.0,1.0,4.0,,semi-furnished,Sargasan,,New,1,False,False,True,apartment,0.0,2.0,4.1666652238017265,2.0,3333.0
"3 BHK Flatin Vavol, Gandhinagar","Vavol, Gandhinagar",61.0,5545.0,1100.0,Well maintained and best properties. Road touch all galleries are covered with anti-Raise glass bathroom also separated with glass. All windows are covered with mosquito net.,https://www.99acres.com/3-bhk-bedroom-apartment-flat-for-sale-in-aakar-lowrise-vavol-gandhinagar-1100-sqft-spid-E87763468,3.0,3.0,2.0,,,,Vavol,,Unknown,1,False,True,False,apartment,0.0,0.0,4.127134385045092,3.0,5545.0
"2 BHK Flatin Gift City, Gandhinagar","Gift City, Gandhinagar",130.0,11872.0,1095.0,"I am selling a comfortable and well-Designed 2 bhk flat located on the 14th floor, offering great views and a peaceful living experience. The flat includes 3 modern bathrooms, a spacious dining hall, and a well-Planned kitchen with ample space for storage and cooking. The layout is practical and ideal for families looking for both comfort and functionality. This flat also features a personal li...",https://www.99acres.com/2-bhk-bedroom-apartment-flat-for-sale-in-sobha-dream-heights-gift-city-gandhinagar-1095-sqft-spid-F87753332,2.0,3.0,2.0,14.0,32.0,,Gift City,,New,1,False,True,False,apartment,0.0,0.0,4.875197323201151,2.0,11872.0
"2 BHK Flatin Vavol, Gandhinagar","Vavol, Gandhinagar",42.0,3818.0,1100.0,Residential apartment for sell.Located in vavol.It is a semifurnished property.The property has 2 bedrooms with 2 bathrooms .Available at an expected price of rs 4200000.Located on 5th floor out of the 6 the property comes with a good construction quality which ages 1-5 years old property,https://www.99acres.com/2-bhk-bedroom-apartment-flat-for-sale-in-siddharth-heights-vavol-gandhinagar-1100-sqft-r3-spid-R75208013,2.0,2.0,1.0,5.0,6.0,semi-furnished,Vavol,,1-5 years,1,False,True,False,apartment,0.0,0.0,3.7612001156935624,2.0,3818.0
"2 BHK Flatin Sargasan, Gandhinagar","Sargasan, Gandhinagar",72.0,5674.0,1269.0,"Looking for a 2 bhk property for sale in gandhinagar? Buy this 2 bhk flat in swagat pelican that is situated in sargasan, gandhinagar. The flat occupies a carpet area of 141 sq.Yards that consists of 2 bedrooms, 2 bathrooms and 2 balconies. The residential building has 10 floors in total and the flat for sale is located on the 6th floor. An added advantage of this 5-10 years old flat is that it...",https://www.99acres.com/2-bhk-bedroom-apartment-flat-for-sale-in-swagat-pelican-sargasan-gandhinagar-1269-sqft-spid-K87746006,2.0,2.0,2.0,6.0,10.0,,Sargasan,,5-10 years,1,False,True,False,apartment,0.0,0.0,4.290459441148391,2.0,5674.0
"2 BHK Flatin Sargasan, Gandhinagar","Sargasan, Gandhinagar",53.0,7271.0,728.93,The society is good and well maintained. The rooms are garden-Facing with good natural light.,https://www.99acres.com/2-bhk-bedroom-apartment-flat-for-sale-in-swagat-afford-sargasan-gandhinagar-729-sqft-spid-G87744556,2.0,2.0,1.0,,,,Sargasan,Other,New,1,False,True,False,apartment,3.0,0.0,3.9889840465642745,2.0,7271.0
"2 BHK Flatin Gift City, Gandhinagar","Gift City, Gandhinagar",150.0,13761.0,1090.0,It is best investment opportunity as it is located in first financial tech city in india and one of the first operational residential society,https://www.99acres.com/2-bhk-bedroom-apartment-flat-for-sale-in-sobha-dream-heights-gift-city-gandhinagar-1090-sqft-spid-A87740324,2.0,2.0,1.0,,,,Gift City,,Unknown,1,False,False,True,apartment,0.0,0.0,5.017279836814924,2.0,13761.0
"3 BHK Flatin Koba, Gandhinagar","Koba, Gandhinagar",150.0,9784.0,1533.1,,https://www.99acres.com/3-bhk-bedroom-apartment-flat-for-sale-in-abhishek-shreedhar-shrine-koba-gandhinagar-1533-sqft-spid-H87739368,3.0,3.0,1.0,,,,Koba,,Unknown,1,False,True,False,apartment,,,5.017279836814924,3.0,9784.0
"2 BHK Flatin Vavol, Gandhinagar","Vavol, Gandhinagar",45.0,3029.0,1485.4181999999998,"This lovely 2 bhk apartment/flat in new vavol is available for sale in one of gandhinagar's most popular projects, shree hari 142. Constructed on a carpet area of 138 sq.Ft., the flat comprises 2 bedroom(s), 2 bathrooms and 1 balcony. This flat lies on the 4th level of a 7 storey building. Being a ready to move project, you can expect immediate possession of this 5 years old property.",https://www.99acres.com/2-bhk-bedroom-apartment-flat-for-sale-in-siddhi-shree-hari-142-vavol-gandhinagar-138-sqft-spid-S87736230,2.0,2.0,1.0,4.0,7.0,,Vavol,,Unknown,1,False,True,False,apartment,0.0,0.0,3.828641396489095,2.0,3029.0
"2 BHK Flatin Raysan, Gandhinagar","Raysan, Gandhinagar",68.0,4579.0,1485.0,"We are the proud owners of this 2 bhk apartment available in sai texas 3, raysan, gandhinagar. This it is a and the unit is located in basement and has a super built-Up area of 165 sq.Yards. It has 2 bathroom(s) and 2 balcony(s). The ownership is freehold type.",https://www.99acres.com/2-bhk-bedroom-apartment-flat-for-sale-in-sai-texas-3-raysan-gandhinagar-1485-sqft-spid-D87725906,2.0,2.0,2.0,-1.0,,,Raysan,,Unknown,1,False,False,True,apartment,0.0,0.0,4.23410650459726,2.0,4579.0
"2 BHK Flatin Sector 26, Gandhinagar","Sector 26, Gandhinagar",49.9,3905.0,1278.0,"Builder top floor, spacious and sky view",https://www.99acres.com/2-bhk-bedroom-apartment-flat-for-sale-in-sector-26-gandhinagar-1278-sqft-spid-J87719466,2.0,2.0,2.0,,,,Sector 26,Other,Unknown,1,False,True,False,apartment,0.0,0.0,3.929862923556477,2.0,3905.0
"3 BHK Flatin Kudasan, Gandhinagar","Kudasan, Gandhinagar",146.0,4771.0,3060.0,,https://www.99acres.com/3-bhk-bedroom-apartment-flat-for-sale-in-the-grasslands-kudasan-gandhinagar-3060-sqft-spid-T87708956,3.0,3.0,1.0,,,,Kudasan,,Unknown,0,False,False,True,apartment,,,4.990432586778736,3.0,4771.0
"1 BHK Flatin Pethapur, Gandhinagar","Pethapur, Gandhinagar",20.0,4297.0,465.43,,https://www.99acres.com/1-bhk-bedroom-apartment-flat-for-sale-in-shree-labh-residency-pethapur-gandhinagar-465-sqft-spid-R87706404,1.0,1.0,1.0,,,,Pethapur,,Unknown,1,False,True,False,apartment,,,3.044522437723423,1.0,4297.0
"2 BHK Flatin Gift City, Gandhinagar","Gift City, Gandhinagar",185.0,21240.0,871.0,Excellent project and latest technology by well known builders. Good location and premium amenities.,https://www.99acres.com/2-bhk-bedroom-apartment-flat-for-sale-in-vida-by-nila-spaces-gift-city-gandhinagar-871-sqft-spid-N87700726,2.0,2.0,1.0,,,,Gift City,,Unknown,1,False,True,False,apartment,0.0,0.0,5.225746673713202,2.0,21240.0
"3 BHK Flatin Infocity, SG Highway","Infocity, SG Highway",72.0,5161.0,1395.0,"A premium 3 bhk apartment flat with all the amenities & located in the heart of the gandhinagar city center hub with walking distance to tcs garima software park, nift, daiict & hotel management college. Highly in demand for great rental by working professionals and premium institute students with well equipped amenities like 3 acs, ro, gas & electric geysers, bed with mattresses in each room &...",https://www.99acres.com/3-bhk-bedroom-apartment-flat-for-sale-in-infocity-gandhinagar-1395-sqft-spid-I87693170,3.0,3.0,2.0,,,furnished,SG Highway,,New,1,False,False,True,apartment,16.0,10.0,4.290459441148391,3.0,5161.0
"2 BHK Flatin Zundal, Gandhinagar","Zundal, Gandhinagar",58.0,4957.0,1170.0,"Within 100meters dmart is opening. Within 1 to 2 kilometres markets, reliance smart, zudio, schools, box crickets and other malls. Near to hillock hotel, fountain hotel. Within 1km cbd mall. Many more localities near to property.",https://www.99acres.com/2-bhk-bedroom-apartment-flat-for-sale-in-gandhinagar-1170-sqft-spid-I87667138,2.0,2.0,2.0,,,,SP Ring Road,,Unknown,1,True,False,False,apartment,0.0,7.0,4.07753744390572,2.0,4957.0
"3 BHK Flatin Randesan, Gandhinagar","Randesan, Gandhinagar",110.0,4612.0,2385.0,"C803 royal revanta 3 is one of gandhinagar's most sought after destination for apartments and this 3 bhk flat in randesan is your opportunity to be a part of this community. This is a south-East-Facing property. The floor plan additionally contains 3 bedroom(s), 3 bathrooms and 1 balcony. All in all, the flat is spread over a carpet area of 265 sq.Yards. This flat is situated on the 8th floor o...",https://www.99acres.com/3-bhk-bedroom-apartment-flat-for-sale-in-randesan-gandhinagar-2385-sqft-spid-Q87662284,3.0,3.0,1.0,8.0,,unfurnished,Randesan,South-East,New,1,False,True,False,apartment,0.0,0.0,4.709530201312334,3.0,4612.0
"3 BHK Flatin Raysan, Gandhinagar","Raysan, Gandhinagar",80.0,4494.0,1780.0,"Located in gandhinagars neelkath exotica, this 5-10 year old furnished 3 bhk flat spans 1780 sq.Ft. Featuring 3 bedrooms and bathrooms, its on the 2nd floor of a low-Rise building. With immediate availability, enjoy a modular kitchen, air conditioning, and 24/7 water. Close to clinics, infocity, and pandit deendayal petroleum university.",https://www.99acres.com/3-bhk-bedroom-apartment-flat-for-sale-in-raysan-gandhinagar-1780-sqft-spid-J87661368,3.0,3.0,1.0,2.0,,furnished,Raysan,,5-10 years,1,False,True,False,apartment,0.0,5.0,4.394449154672439,3.0,4494.0
"2 BHK Flatin Gift City, Gandhinagar","Gift City, Gandhinagar",140.0,18018.0,777.0,,https://www.99acres.com/2-bhk-bedroom-apartment-flat-for-sale-in-sangath-ipl-smart-life-gift-city-gandhinagar-1487-sqft-spid-L87659940,2.0,2.0,1.0,,,,Gift City,,Unknown,1,False,True,False,apartment,,,4.948759890378168,2.0,18018.0
"3 BHK Flatin Sargasan, Gandhinagar",OrigHeights,90.0,6908.0,1302.86,Fully furnished new pusasion flat with all residential fecilities.Having in good localities.,https://www.99acres.com/3-bhk-bedroom-apartment-flat-for-sale-in-origin-heights-sargasan-gandhinagar-1303-sqft-spid-T87653866,3.0,3.0,1.0,,,furnished,Sargasan,,Unknown,1,False,False,True,apartment,0.0,0.0,4.51085950651685,3.0,6908.0
"3 BHK Flatin Vavol, Gandhinagar","Vavol, Gandhinagar",62.0,8058.0,769.4,Jay visat manglaya scheme vavol gandhinagar. Flat on first floor with extra gallery and personal parking alloted on ground floor. This property is newly built rera approved and possession is nearby.,https://www.99acres.com/3-bhk-bedroom-apartment-flat-for-sale-in-neelkanth-jay-visat-mangalya-vavol-gandhinagar-769-sqft-spid-D87651004,0.0,3.0,2.0,1.0,,,Vavol,,New,1,False,True,False,apartment,2.0,0.0,4.143134726391533,3.0,8058.0
"2 BHK Flatin Sargasan, Gandhinagar","Sargasan, Gandhinagar",50.0,4115.0,1215.0,"Located in the serene satyamev famosa area of sargasan, gandhinagar, this furnished 2 bhk flat offers 1215 sq.Ft. Of living space on the 3rd floor of a low-Rise building. With 2 bedrooms and 2 bathrooms, its ready for immediate occupancy. The 5-10 year old property includes a modular kitchen and is close to several temples and dr. Mansis dental clinic.",https://www.99acres.com/2-bhk-bedroom-apartment-flat-for-sale-in-satyamev-famosa-sargasan-gandhinagar-1215-sqft-spid-T87624874,2.0,2.0,1.0,3.0,,furnished,Sargasan,,5-10 years,1,False,True,False,apartment,0.0,2.0,3.9318256327243257,2.0,4115.0
"3 BHK Flatin Sargasan, Gandhinagar","Sargasan, Gandhinagar",75.0,4209.0,1782.0,"Check out this 3 bhk apartment for sale in sahjanand safal, a popular residential project that houses in-Demand flats in sargasan, gandhinagar. This is a east-Facing property. The flat occupies a super built up area of 198 sq.Yards that consists of 3 bedrooms, 3 bathrooms and 1 balcony. The flat has a total of 12 floors and this property is situated on 6th floor. An added advantage of this 0-1 ...",https://www.99acres.com/3-bhk-bedroom-apartment-flat-for-sale-in-sahjanand-safal-sargasan-gandhinagar-1782-sqft-spid-Y87612550,3.0,3.0,1.0,6.0,12.0,unfurnished,Sargasan,East,New,1,False,False,True,apartment,0.0,0.0,4.330733340286331,3.0,4209.0
"3 BHK Flatin Sargasan, Gandhinagar","Sargasan, Gandhinagar",90.0,4348.0,2070.0,"It 3.5 bhk duplex flat road facing fully ventilated and well maintained furnished flat with 2 alloted basement car parking and have amenities like garden, club house and gym",https://www.99acres.com/3-bhk-bedroom-apartment-flat-for-sale-in-vihaan-sarthak-era-sargasan-gandhinagar-2070-sqft-spid-K87604830,3.0,3.0,1.0,,,furnished,Sargasan,Other,New,1,False,True,False,apartment,6.0,0.0,4.51085950651685,3.0,4348.0
"2 BHK Flatin Adalaj, Gandhinagar","Adalaj, Gandhinagar",50.0,4185.0,1194.7929,Anyone who will enter our house will feel very comfortable and the location here is perfect. Interested person can contact or text watsapp,https://www.99acres.com/2-bhk-bedroom-apartment-flat-for-sale-in-gandhinagar-111-sqft-spid-J87599478,2.0,2.0,2.0,,,,Adalaj,,Unknown,1,False,True,False,apartment,0.0,0.0,3.9318256327243257,2.0,4185.0
"3 BHK Flatin Sector 22, Gandhinagar","Sector 22, Gandhinagar",70.0,5833.0,1200.0,"We are the proud owners of this 3 bhk apartment available in harihar apartment, sector 22 gandhinagar, gandhinagar. This it is a and the unit is located on 3rd floor and has a super built-Up area of 1200 sq.Ft. . It has 2 bathroom(s) and 1 balcony(s). The ownership is freehold type.",https://www.99acres.com/3-bhk-bedroom-apartment-flat-for-sale-in-harihar-apartment-sector-22-gandhinagar-1200-sqft-spid-N87598520,3.0,2.0,1.0,3.0,,,Sector 22,,New,1,False,False,True,apartment,0.0,0.0,4.2626798770413155,3.0,5833.0
"2 BHK Flatin Kudasan, Gandhinagar","Kudasan, Gandhinagar",80.0,6349.0,1260.0,"Situated in kudasan, gandhinagar, n/a is a well planned society that offers a pleasant living experience to its residents. This 2 bhk flat in gandhinagar is your opportunity to be a part of this community. The floor plan additionally contains 2 bedroom(s), 2 bathrooms . All in all, the flat is spread over a built up area of 1260 sq.Ft. The property is located on the ground floor of a 1 floor ta...",https://www.99acres.com/2-bhk-bedroom-apartment-flat-for-sale-in-kudasan-gandhinagar-1260-sqft-spid-K87591878,2.0,2.0,1.0,0.0,1.0,,Kudasan,,New,1,True,False,False,apartment,0.0,0.0,4.394449154672439,2.0,6349.0
"3 BHK Flatin Sargasan, Gandhinagar","Sargasan, Gandhinagar",100.0,3716.0,2690.975,,https://www.99acres.com/3-bhk-bedroom-apartment-flat-for-sale-in-sargasan-gandhinagar-250-sqft-spid-T87581590,3.0,3.0,1.0,,,,Sargasan,,Unknown,1,False,True,False,apartment,,,4.61512051684126,3.0,3716.0
"Studio Apartments / 1 RK Flatsin Gift City, Gandhinagar","Gift City, Gandhinagar",90.0,18634.0,483.0,Gift city premium apartment for sell. Contact for more details.,https://www.99acres.com/studio-apartment-flat-for-sale-in-vida-by-nila-spaces-gift-city-gandhinagar-483-sqft-spid-Y87557984,1.0,1.0,1.0,,,,Gift City,,Unknown,0,False,True,False,apartment,0.0,0.0,4.51085950651685,1.0,18634.0
"2 BHK Flatin Sargasan, Gandhinagar","Sargasan, Gandhinagar",75.0,3415.0,2196.0,This is not a normal 2bhk it's an penthouse with amazing view,https://www.99acres.com/2-bhk-bedroom-apartment-flat-for-sale-in-shree-rang-icon-sargasan-gandhinagar-2196-sqft-spid-M87553574,2.0,2.0,1.0,,,,Sargasan,,Unknown,1,False,True,False,penthouse,0.0,0.0,4.330733340286331,2.0,3415.0
"3 BHK Flatin Sector 26, Gandhinagar","Sector 26, Gandhinagar",80.0,3783.0,2115.0,"Rudra trinity is one of gandhinagar's most sought after destination for apartments and this 3 bhk flat in sector 26 gandhinagar is your opportunity to be a part of this community. The flat occupies a super built up area of 235 sq.Yards that consists of 3 bedrooms, 3 bathrooms and more than 3 balconies. This flat is situated on the top floor of this 7 floors tall residential building. Being a re...",https://www.99acres.com/3-bhk-bedroom-apartment-flat-for-sale-in-sector-26-gandhinagar-2115-sqft-spid-X87545466,3.0,3.0,3.0,,7.0,,Sector 26,,New,1,False,False,True,apartment,0.0,0.0,4.394449154672439,3.0,3783.0
"2 BHK Flatin Vavol, Gandhinagar","Vavol, Gandhinagar",48.0,3951.0,1215.0,Low rise building and at the prime location near to hotel leela near to indian oil petroleum at prime location,https://www.99acres.com/2-bhk-bedroom-apartment-flat-for-sale-in-siddharth-heights-vavol-gandhinagar-1215-sqft-spid-B87536172,2.0,2.0,1.0,,,,Vavol,,Unknown,1,False,True,False,apartment,0.0,2.0,3.8918202981106265,2.0,3951.0
"3 BHK Builder Floorin Gift City, Gandhinagar","Gift City, Gandhinagar",87.0,6444.0,1350.0,"Looking for magnificent 3 bhk builder floors in gift city gandhinagar? This property is the best deal for you. This property has 3 bedrooms, 3 bathrooms . This property is semi-Furnished. This builder floor provides you built up area of 150 sq.Yards. This builder floor is situated at the top floor of 6 floors building. This ready to move apartment is the residence you have been looking for. The...",https://www.99acres.com/3-bhk-bedroom-independent-builder-floor-for-sale-in-gift-city-gandhinagar-1350-sqft-spid-D87526838,3.0,3.0,2.0,,6.0,semi-furnished,Gift City,,New,1,True,False,False,builder floor,0.0,0.0,4.477336814478207,3.0,6444.0
"3 BHK Flatin Randesan, Gandhinagar","Randesan, Gandhinagar",95.0,4798.0,1980.0,"Residential apartment for sell.Located on 7th floor out of the 14 located in randesan.It is a unfurnished property.The property has 3 bedrooms with 3 bathrooms .Available at an expected price of rs 9500000.The property comes with a good construction quality which ages 0-1 years old property East-Facing property located on a road-Facing plot, directly opposite the metro station, offering excelle...",https://www.99acres.com/3-bhk-bedroom-apartment-flat-for-sale-in-randesan-gandhinagar-1980-sqft-r1-spid-U84570138,3.0,3.0,1.0,7.0,14.0,unfurnished,Randesan,East,New,1,False,False,True,apartment,2.0,3.0,4.564348191467836,3.0,4798.0
"2 BHK Flatin Koba, Gandhinagar","Koba, Gandhinagar",55.0,5946.0,925.0,"We are the proud owners of this 2 bhk apartment available in sangath bliss, koba, gandhinagar. This it is a and the unit is located on 3rd floor and has a carpet area of 925 sq.Ft. . It has 2 bathroom(s) and 2 balcony(s). The ownership is freehold type.",https://www.99acres.com/2-bhk-bedroom-apartment-flat-for-sale-in-sangath-bliss-koba-gandhinagar-925-sqft-spid-L87513528,2.0,2.0,2.0,3.0,,,Koba,,New,1,False,True,False,apartment,0.0,0.0,4.02535169073515,2.0,5946.0
"2 BHK Builder Floorin Sargasan, Gandhinagar","Sargasan, Gandhinagar",69.0,4618.0,1494.0,"This 2 bhk builder floor located in sargasan, one of the prime locations in gandhinagar, is available for sale. Equipped with 2 bedrooms, 2 bathrooms and 3 balconies. The furnishing status of the builder floor is furnished. This spacious builder floor has super built up area of 166 sq.Yards. This builder floor apartment is located at top floor in a building of total 7 floors. You can plan to mo...",https://www.99acres.com/2-bhk-bedroom-independent-builder-floor-for-sale-in-om-neelkanth-vatika-sargasan-gandhinagar-1494-sqft-spid-D87511254,2.0,2.0,3.0,,7.0,furnished,Sargasan,,Unknown,1,False,False,True,builder floor,0.0,0.0,4.248495242049359,2.0,4618.0
"1 BHK Flatin Sargasan, Gandhinagar","Sargasan, Gandhinagar",33.51,4433.0,756.0,Bestest 1bhk flat in whole sargasan and gandhinagar sargasan from our point of view,https://www.99acres.com/1-bhk-bedroom-apartment-flat-for-sale-in-sthapan-2-sargasan-gandhinagar-756-sqft-spid-F87510766,1.0,1.0,1.0,,,,Sargasan,,Unknown,1,False,False,True,apartment,0.0,0.0,3.541249137109912,1.0,4433.0
"1 BHK Flatin Kalol, Gandhinagar","Kalol, Gandhinagar",15.0,2830.0,530.0,"This lovely 1 bhk apartment/flat in kalol is available for sale in one of gandhinagar's most popular projects, yash pushpak heights. The flat is over 530 sq.Ft. Carpet area and comes with 1 bedroom(s), 2 bathrooms and 1 balcony. This flat is situated on the 2nd floor of this 7 floors tall residential building. Being a ready to move project, you can expect immediate possession of this 1-5 years ...",https://www.99acres.com/1-bhk-bedroom-apartment-flat-for-sale-in-yash-pushpak-heights-kalol-gandhinagar-530-sqft-r2-spid-I74738331,1.0,2.0,1.0,2.0,7.0,,Kalol,,1-5 years,1,False,False,False,apartment,0.0,0.0,2.772588722239781,1.0,2830.0
"1 BHK Flatin Sargasan, Gandhinagar","Sargasan, Gandhinagar",36.0,4762.0,756.0,"1 bhk with big gallary n wash area, 2 standing balcony with box iron grill, all windows and balcony have full safety grill. Main safety door. Cctv camera with all floors, parking n lift. 24 hr water Full furnished with almari tv cabinet other storage furniture. Marbal n granite box , 2 bathroom, saparate wash area. Prime location palm road with sg highway ring road coba around 500 mtr.. Behind ...",https://www.99acres.com/1-bhk-bedroom-apartment-flat-for-sale-in-shree-rang-nano-city-1-and-2-sargasan-gandhinagar-756-sqft-spid-V87494274,1.0,2.0,3.0,,,furnished,Sargasan,,New,1,False,False,True,apartment,9.0,10.0,3.6109179126442243,1.0,4762.0
"3 BHK Flatin Raysan, Gandhinagar","Raysan, Gandhinagar",120.0,4762.0,2520.0,"Big balcony, new construction, ultra premium 3bhk, Spacious airy rooms and natural lighting throughout the day, Walking distance from metro station, All basic needs items at walking distance, close to school Close to temple , very near to gift city, society with all major amenities.",https://www.99acres.com/3-bhk-bedroom-apartment-flat-for-sale-in-vinayak-skydeck-raysan-gandhinagar-2520-sqft-spid-T86369204,3.0,3.0,1.0,,,unfurnished,Raysan,,New,1,False,False,True,apartment,2.0,9.0,4.795790545596741,3.0,4762.0
"3 BHK Flatin Kudasan, Gandhinagar","Kudasan, Gandhinagar",90.0,5315.504736705332,1693.16,"This 3 bhk apartment is available for sale in shubh saral heights, one of the most prominent projects for flats in kudasan, gandhinagar. The flat is overbuilt up area of 2025 sq.Yards and comes with 3 bathrooms and 3 balconies. The flat building has a total of 8 floors and this property is situated on 6th floor. As the project is already ready to move, so you can easily move into this 0-1 year(...",https://www.99acres.com/3-bhk-bedroom-apartment-flat-for-sale-in-shubh-saral-heights-kudasan-gandhinagar-18225-sqft-spid-I87392890,3.0,3.0,3.0,6.0,8.0,,Kudasan,,New,1,True,False,False,apartment,0.0,0.0,4.51085950651685,3.0,5316.0
"2 BHK Flatin Kudasan, Gandhinagar","Kudasan, Gandhinagar",35.0,3535.0,990.0,"Situated in kudasan, gandhinagar, siddhidhata aalay is a well planned society that offers a pleasant living experience to its residents. This 2 bhk flat in gandhinagar is your opportunity to be a part of this community. This property faces the east direction. Constructed on a super built up area of 110 sq.Yards, the flat comprises 2 bedroom(s), 2 bathrooms and 1 balcony. The flat has a total of...",https://www.99acres.com/2-bhk-bedroom-apartment-flat-for-sale-in-siddhidhata-aalay-kudasan-gandhinagar-990-sqft-spid-G87356972,2.0,2.0,1.0,,,unfurnished,Kudasan,East,New,1,False,False,True,apartment,0.0,0.0,3.58351893845611,2.0,3535.0
"2 BHK Flatin Vavol, Gandhinagar","Vavol, Gandhinagar",45.0,9000.0,500.0,"Check out this 2 bhk apartment for sale in aakar shalvik shukan, a popular residential project that houses in-Demand flats in vavol, gandhinagar. The floor plan additionally contains 2 bedroom(s), 2 bathrooms and 2 balconies. All in all, the flat is spread over a carpet area of 500 sq.Ft. The flat has a total of 3 floors and this property is situated on 2nd floor. Being a ready to move project,...",https://www.99acres.com/2-bhk-bedroom-apartment-flat-for-sale-in-aakar-shalvik-shukan-vavol-gandhinagar-500-sqft-spid-E87354784,2.0,2.0,2.0,2.0,3.0,,Vavol,,New,1,False,True,False,apartment,0.0,0.0,3.828641396489095,2.0,9000.0
"2 BHK Flatin Sargasan, Gandhinagar","Sargasan, Gandhinagar",65.0,5122.0,1269.0,Garden facing main hall balcony Good location High security living Ample sunlight All major brand shops are nearby Ground floor parking,https://www.99acres.com/2-bhk-bedroom-apartment-flat-for-sale-in-swagat-pelican-sargasan-gandhinagar-1269-sqft-spid-P87325162,2.0,2.0,1.0,0.0,,unfurnished,Sargasan,Other,New,1,False,True,False,apartment,0.0,1.0,4.189654742026425,2.0,5122.0
"3 BHK Flatin Sargasan, Gandhinagar","Sargasan, Gandhinagar",125.0,5600.0,2232.0,Residential apartment for sell.Located in uvarsad.It is a unfurnished property.The property has 3 bedrooms with 3 bathrooms .Available at an expected price of rs 15000000.Located on 3rd floor out of the 10 the property comes with a good construction quality which ages 1-5 years old property,https://www.99acres.com/3-bhk-bedroom-apartment-flat-for-sale-in-sargasan-gandhinagar-2232-sqft-spid-O87324484,3.0,3.0,1.0,3.0,10.0,unfurnished,Sargasan,,1-5 years,1,False,False,True,apartment,0.0,0.0,4.836281906951478,3.0,5600.0
"2 BHK Flatin Randheja, Gandhinagar","Randheja, Gandhinagar",38.0,3704.0,1026.0,Sparsh county socity is just 3 floor socity ... Our flat is on 1st floor.. And on perfect location as point of view,https://www.99acres.com/2-bhk-bedroom-apartment-flat-for-sale-in-swamev-sparsh-county-randheja-gandhinagar-1026-sqft-r2-spid-M80935523,2.0,2.0,2.0,1.0,3.0,,Randheja,,Unknown,1,False,True,False,apartment,0.0,0.0,3.6635616461296463,2.0,3704.0
"2 BHK Flatin Randesan, Gandhinagar","Randesan, Gandhinagar",50.0,4085.0,1224.0,"My property is located on the 3rd floor. Only 3 flats are on that floor. The society has 4 towers heaving 5 th floors, it is located only 600 meters to the gift city rivera front and 500 meters to randesan metro station.",https://www.99acres.com/2-bhk-bedroom-apartment-flat-for-sale-in-ganesh-kesar-aangan-randesan-gandhinagar-1224-sqft-spid-R86245382,0.0,2.0,2.0,3.0,5.0,,Randesan,,New,1,False,True,False,apartment,0.0,0.0,3.9318256327243257,2.0,4085.0
"2 BHK Builder Floorin Sargasan, Gandhinagar","Sargasan, Gandhinagar",65.0,9220.0,705.0,"This 2 bhk builder floor located in sargasan, one of the prime locations in gandhinagar, is available for sale. Equipped with 2 bedrooms, 2 bathrooms and 2 balconies. The furnishing status of the builder floor is furnished. Built up area of the property is 1299 sq.Ft. This builder floor apartment is located at 11th floor in a building of total 13 floors. It is 0-1 year old ready to move propert...",https://www.99acres.com/2-bhk-bedroom-independent-builder-floor-for-sale-in-sargasan-gandhinagar-1299-sqft-spid-B87263170,2.0,2.0,2.0,11.0,13.0,furnished,Sargasan,,New,1,False,True,False,apartment,0.0,0.0,4.189654742026425,2.0,9220.0
"3 BHK Flatin Kudasan, Gandhinagar","Kudasan, Gandhinagar",95.0,5331.0,1782.0,"This beautiful 3 bhk flat in kudasan, gandhinagar is situated in shree krishna sunshine heights 2, one of the popular residential society in gandhinagar. The flat occupies a super built up area of 1782 sq.Ft. That consists of 3 bedrooms, 3 bathrooms and 2 balconies. The property is located on the top floor of a 8 floors tall building. An added advantage of this 5-10 years old flat is that it is...",https://www.99acres.com/3-bhk-bedroom-apartment-flat-for-sale-in-shree-krishna-sunshine-heights-2-kudasan-gandhinagar-1782-sqft-spid-L87231026,3.0,3.0,2.0,,8.0,,Kudasan,,5-10 years,1,False,False,True,apartment,0.0,0.0,4.564348191467836,3.0,5331.0
"2 BHK Flatin Sargasan, Gandhinagar","Sargasan, Gandhinagar",65.0,9220.0,705.0,"Located in a desirable neighborhood with schools, shops, transportation, and daily necessities nearby, this property combines practicality with comfort, making it an excellent choice for buyers.",https://www.99acres.com/2-bhk-bedroom-apartment-flat-for-sale-in-sahajanand-elite-sargasan-gandhinagar-705-sqft-spid-U87219888,2.0,2.0,1.0,,,,Sargasan,,Unknown,1,False,True,False,apartment,0.0,2.0,4.189654742026425,2.0,9220.0
"2 BHK Flatin Vavol, Gandhinagar","Vavol, Gandhinagar",41.0,3961.0,1035.0,Property listing: - Location: Shalvik shukan - Availability: For sell - Features: - Fully furnished - Double bed - Freeze - Tv,https://www.99acres.com/2-bhk-bedroom-apartment-flat-for-sale-in-aakar-shalvik-shukan-vavol-gandhinagar-1035-sqft-spid-R87219572,2.0,2.0,1.0,,,unfurnished,Vavol,,Unknown,1,False,True,False,apartment,0.0,0.0,3.7376696182833684,2.0,3961.0
"3 BHK Flatin Koba, Gandhinagar","Koba, Gandhinagar",110.0,8148.0,1350.0,"This 3 bhk semifurnished flat spans 1,350 sq.Ft. On the 13th floor of a high-Rise at sharnam platinum, koba, gandhinagar. Built less than a year ago, it offers immediate availability within a gated society. Featuring modular kitchen, 3 bathrooms, and visitor parking, its vaastu compliant and close to infocity and health focus clinic.",https://www.99acres.com/3-bhk-bedroom-apartment-flat-for-sale-in-koba-gandhinagar-1350-sqft-spid-T87218220,3.0,3.0,1.0,13.0,14.0,semi-furnished,Koba,,New,1,False,True,False,apartment,2.0,4.0,4.709530201312334,3.0,8148.0
"1 BHK Builder Floorin Vavol, Gandhinagar","Vavol, Gandhinagar",27.0,3689.0,731.9452,,https://www.99acres.com/1-bhk-bedroom-independent-builder-floor-for-sale-in-labh-residency-vavol-gandhinagar-68-sqft-spid-H87200156,1.0,1.0,1.0,,,,Vavol,,Unknown,1,False,True,False,builder floor,,,3.332204510175204,1.0,3689.0
"2 BHK Flatin Adalaj, Gandhinagar","Adalaj, Gandhinagar",50.0,3716.0,1345.4875,All rooms and hall garden facing and sunlight throughout day. Semi furnished.,https://www.99acres.com/2-bhk-bedroom-apartment-flat-for-sale-in-gandhinagar-125-sqft-spid-C87196054,2.0,2.0,2.0,,,semi-furnished,Adalaj,Other,New,1,False,True,False,apartment,0.0,0.0,3.9318256327243257,2.0,3716.0
"3 BHK Flatin Vavol, Gandhinagar","Vavol, Gandhinagar",60.0,4040.0,1485.0,Residential apartment for sell.The property comes with a good construction quality which ages 1-5 years old propertylocated in vavol.It is a semifurnished property.The property has 3 bedrooms with 3 bathrooms .Available at an expected price of rs 6000000.Located on 2nd floor out of the 6,https://www.99acres.com/3-bhk-bedroom-apartment-flat-for-sale-in-siddharth-heights-vavol-gandhinagar-1485-sqft-r2-spid-N76864901,3.0,3.0,2.0,2.0,6.0,semi-furnished,Vavol,,1-5 years,1,False,True,False,apartment,0.0,0.0,4.110873864173311,3.0,4040.0
"2 BHK Flatin Sargasan, Gandhinagar","Sargasan, Gandhinagar",60.0,4167.0,1440.0,"Rudra infinity is one of gandhinagar's most sought after destination for apartments and this 2 bhk flat in sargasan is your opportunity to be a part of this community. This property faces the east direction. The flat is over 1440 sq.Ft. Super built up area and comes with 2 bedroom(s), 2 bathrooms . The flat has a total of 7 floors and this property is situated on top floor. This is a ready to m...",https://www.99acres.com/2-bhk-bedroom-apartment-flat-for-sale-in-sargasan-gandhinagar-1440-sqft-spid-D87168788,2.0,2.0,1.0,,7.0,unfurnished,Sargasan,East,New,1,False,False,True,apartment,0.0,0.0,4.110873864173311,2.0,4167.0
"2 BHK Flatin Vavol, Gandhinagar","Vavol, Gandhinagar",42.0,3818.0,1100.0,"We are the proud owners of this 2 bhk apartment available in subham residency, vavol, gandhinagar. This it is a and the unit is located on 3rd floor and has a super built-Up area of 1100 sq.Ft. . It has 2 bathroom(s) and 2 balcony(s). The ownership is freehold type.",https://www.99acres.com/2-bhk-bedroom-apartment-flat-for-sale-in-subham-residency-vavol-gandhinagar-1100-sqft-spid-H87166528,2.0,2.0,2.0,3.0,,,Vavol,,New,1,False,False,True,apartment,0.0,0.0,3.7612001156935624,2.0,3818.0
"3 BHK Flatin Sector 22, Gandhinagar","Sector 22, Gandhinagar",151.0,11615.0,1300.0,"We are the proud owners of this 3 bhk apartment available in suman duplex, sector 22 gandhinagar, gandhinagar. This it is a and the unit is located on ground floor and has a super built-Up area of 1300 sq.Ft. . It has 3 bathroom(s) and 2 balcony(s). The ownership is freehold type.",https://www.99acres.com/3-bhk-bedroom-apartment-flat-for-sale-in-sector-22-gandhinagar-1300-sqft-spid-Y87161102,3.0,3.0,2.0,0.0,,,Sector 22,,New,1,False,False,True,apartment,0.0,0.0,5.0238805208462765,3.0,11615.0
"2 BHK Flatin Sector 22, Gandhinagar","Sector 22, Gandhinagar",85.0,8808.0,965.0,"Situated in yogeshwar apartment, sector 22, gandhinagar, this 2 bhk flat spans 965 sq.Ft. On the ground floor of a 2-Floor low-Rise building. Over 10 years old, it offers 2 bedrooms and 2 bathrooms. Available immediately, the apartment is unfurnished and conveniently close to key religious sites and hospitals, blending comfort with accessibility.",https://www.99acres.com/2-bhk-bedroom-apartment-flat-for-sale-in-sector-22-gandhinagar-965-sqft-spid-G87141028,2.0,2.0,1.0,,,,Sector 22,,Unknown,1,False,True,False,apartment,0.0,0.0,4.454347296253507,2.0,8808.0
"3 BHK Flatin Kudasan, Gandhinagar","Kudasan, Gandhinagar",83.0,3547.0,2340.0,,https://www.99acres.com/3-bhk-bedroom-apartment-flat-for-sale-in-kudasan-gandhinagar-2340-sqft-spid-Q87086838,3.0,3.0,1.0,,,,Kudasan,,Unknown,1,False,True,False,apartment,,,4.430816798843313,3.0,3547.0
"2 BHK Flatin Gift City, Gandhinagar","Gift City, Gandhinagar",110.0,8302.0,1325.0,"We are the proud owners of this 2 bhk apartment available in shilp north sky, gift city, gandhinagar. This it is a and the unit is located on 11th floor and has a super built-Up area of 1325 sq.Ft. . It has 2 bathroom(s) and 1 balcony(s). The ownership is freehold type.",https://www.99acres.com/2-bhk-bedroom-apartment-flat-for-sale-in-shilp-north-sky-gift-city-gandhinagar-1325-sqft-spid-S87070294,2.0,2.0,1.0,,,,Gift City,,Unknown,0,False,False,True,apartment,0.0,0.0,4.709530201312334,2.0,8302.0
"3 BHK Flatin Sargasan, Gandhinagar","Sargasan, Gandhinagar",75.0,4006.0,1872.0,,https://www.99acres.com/3-bhk-bedroom-apartment-flat-for-sale-in-shivala-sadbhav-sargasan-gandhinagar-1872-sqft-spid-M87027008,3.0,3.0,1.0,,,,Sargasan,,Unknown,1,False,False,True,apartment,,,4.330733340286331,3.0,4006.0
"2 BHK Flatin Vavol, Gandhinagar","Vavol, Gandhinagar",56.0,4444.0,1260.0,,https://www.99acres.com/2-bhk-bedroom-apartment-flat-for-sale-in-kunj-heights-vavol-gandhinagar-1260-sqft-spid-O87023524,2.0,2.0,1.0,,,,Vavol,,Unknown,1,False,False,True,apartment,,,4.04305126783455,2.0,4444.0
"2 BHK Flatin Vavol, Gandhinagar","Vavol, Gandhinagar",56.0,4375.0,1280.0,,https://www.99acres.com/2-bhk-bedroom-apartment-flat-for-sale-in-kunj-heights-vavol-gandhinagar-1280-sq-ft-spid-P87022522,2.0,2.0,1.0,,,,Vavol,,Unknown,1,False,True,False,apartment,,,4.04305126783455,2.0,4375.0
"2 BHK Flatin Sargasan, Gandhinagar","Sargasan, Gandhinagar",65.0,4344.0,1496.1821,"Located on the top floor of a mid-Rise building in pramukh nagar phase 2, this semi-Furnished 2 bhk flat spans 139 sq.Ft. With 2 bedrooms and 2 bathrooms, it's just 1-5 years old and ready for immediate sale. Parking is available, and nearby religious sites add to its appeal in gandhinagars serene sargasan area.",https://www.99acres.com/2-bhk-bedroom-apartment-flat-for-sale-in-pramukh-nagar-phase-2-sargasan-gandhinagar-139-sqft-spid-M86998484,2.0,2.0,1.0,,,semi-furnished,Sargasan,,1-5 years,1,False,True,False,apartment,3.0,1.0,4.189654742026425,2.0,4344.0
"2 BHK Flatin Kudasan, Gandhinagar","Kudasan, Gandhinagar",50.0,5051.0,990.0,,https://www.99acres.com/2-bhk-bedroom-apartment-flat-for-sale-in-siddhidhata-aalay-kudasan-gandhinagar-990-sqft-spid-O82918348,2.0,2.0,1.0,,,,Kudasan,,Unknown,1,False,True,False,apartment,,,3.9318256327243257,2.0,5051.0
"3 BHK Flatin Kudasan, Gandhinagar","Kudasan, Gandhinagar",100.0,7143.0,1400.0,"Investor alert! 3 bhk for sale at rakshashakti circle No gst! Below builder rate! Prime location! Act fast, this deal won't last!",https://www.99acres.com/3-bhk-bedroom-apartment-flat-for-sale-in-radhe-infinity-kudasan-gandhinagar-1400-sqft-spid-M86898452,3.0,3.0,1.0,,,,Kudasan,,Unknown,1,True,False,False,apartment,0.0,0.0,4.61512051684126,3.0,7143.0
"Residential propertyin Sargasan, Gandhinagar","Sargasan, Gandhinagar",16.0,4326.0,369.85,I have 1 bhk flat in sargasan erea. I want sell my flat on power of attorney,https://www.99acres.com/other-residential-property-for-sale-in-sargasan-gandhinagar-370-sqft-spid-L86883922,,1.0,0.0,,,,Sargasan,,Unknown,1,False,False,False,apartment,0.0,0.0,2.833213344056216,1.0,4326.0
"3 BHK Flatin Raysan, Gandhinagar","Raysan, Gandhinagar",115.0,12029.0,956.0,,https://www.99acres.com/3-bhk-bedroom-apartment-flat-for-sale-in-raysan-gandhinagar-956-sqft-spid-A86868940,3.0,3.0,1.0,,,,Raysan,,Unknown,1,False,True,False,apartment,,,4.7535901911063645,3.0,12029.0
"2 BHK Flatin Uvarsad, Gandhinagar","Uvarsad, Gandhinagar",70.0,5596.0,1251.0,,https://www.99acres.com/2-bhk-bedroom-apartment-flat-for-sale-in-psy-pramukh-glory-uvarsad-gandhinagar-1251-sqft-spid-G86845140,2.0,1.0,2.0,,,,Uvarsad,,Unknown,1,False,True,False,apartment,,,4.2626798770413155,2.0,5596.0
"4 BHK Flatin Koba, Gandhinagar","Koba, Gandhinagar",210.0,4187.0,5015.9774,"A property is made unique by its specific characteristics, such as its size, location, architecture, custom features, historical significance, or a unique layout that sets it apart from others in the market.",https://www.99acres.com/4-bhk-bedroom-apartment-flat-for-sale-in-koba-gandhinagar-466-sqft-spid-D86830136,4.0,4.0,2.0,,,,Koba,,Unknown,0,False,True,False,apartment,0.0,0.0,5.351858133476067,4.0,4187.0
"3 BHK Flatin Sargasan, Gandhinagar","Sargasan, Gandhinagar",78.0,4167.0,1872.0,"02 flats in each floor Three sides open spaceous home. 03 standing balcony and 01 huge balcony at hall. 02 lifts in each floor Possession to be given on march 2026. Fresh home, dastavej is not done yet. #price to be negotiable",https://www.99acres.com/3-bhk-bedroom-apartment-flat-for-sale-in-shivala-sadbhav-sargasan-gandhinagar-1872-sqft-spid-B86821132,3.0,3.0,3.0,,,unfurnished,Sargasan,Other,New,1,False,False,True,apartment,1.0,0.0,4.3694478524670215,3.0,4167.0
"3 BHK Flatin Raysan, Gandhinagar","Raysan, Gandhinagar",180.0,7273.0,2475.0,"Appartment just like bunglow, only two appartment each floor full furnished and beautiful location two entry,",https://www.99acres.com/3-bhk-bedroom-apartment-flat-for-sale-in-shree-govindam-residency-raysan-gandhinagar-2475-sqft-spid-I86785606,3.0,3.0,1.0,,,furnished,Raysan,,Unknown,1,False,False,True,apartment,0.0,0.0,5.198497031265826,3.0,7273.0
"3 BHK Flatin SG Highway, Gandhinagar","SG Highway, Gandhinagar",75.0,3788.0,1980.0,,https://www.99acres.com/3-bhk-bedroom-apartment-flat-for-sale-in-gopinath-swarnim-shrushti-sg-highway-gandhinagar-1980-sqft-spid-Q86754854,3.0,3.0,2.0,,,,SG Highway,,Unknown,1,False,False,True,apartment,,,4.330733340286331,3.0,3788.0
"2 BHK Flatin Sargasan, Gandhinagar","Sargasan, Gandhinagar",65.0,2617.0,2484.0,"Two road corner pent house, walking diatance to sg high way, swagat mall & sargasan cross road",https://www.99acres.com/2-bhk-bedroom-apartment-flat-for-sale-in-sanskar-santoor-grace-sargasan-gandhinagar-2484-sqft-spid-O86721072,2.0,2.0,1.0,,,,Sargasan,,New,1,False,True,False,penthouse,4.0,5.0,4.189654742026425,2.0,2617.0
"2 BHK Flatin Koba, Gandhinagar","Koba, Gandhinagar",50.0,7143.0,700.0,,https://www.99acres.com/2-bhk-bedroom-apartment-flat-for-sale-in-sangath-bliss-koba-gandhinagar-700-sq-ft-spid-A86702154,2.0,2.0,1.0,,,,Koba,,Unknown,1,False,True,False,apartment,,,3.9318256327243257,2.0,7143.0
"2 BHK Flatin Kalol, Gandhinagar","Kalol, Gandhinagar",33.0,3492.0,945.0,"We are the proud owners of this 2 bhk apartment available in sanskar residency, kalol, gandhinagar. This it is a and the unit is located on 1st floor and has a super built-Up area of 945 sq.Ft. . It has 2 bathroom(s) and 1 balcony(s). The ownership is freehold type.",https://www.99acres.com/2-bhk-bedroom-apartment-flat-for-sale-in-sanskar-residency-kalol-gandhinagar-945-sqft-spid-T86691164,2.0,2.0,1.0,1.0,,,Kalol,,New,1,False,False,True,apartment,0.0,0.0,3.5263605246161616,2.0,3492.0
"3 BHK Flatin Vavol, Gandhinagar","Vavol, Gandhinagar",61.0,5586.0,1092.0,"Experience luxurious living in this beautifully crafted 3 bhk penthouse, designed for those who appreciate space, style, and comfort. The highlight of the home is its massive balcony, offering open views and the perfect outdoor retreat. The apartment is semi-Furnished and finished with high-End plastic paint, giving the interiors a smooth, elegant, and enduring finish. Curated by a talented int...",https://www.99acres.com/3-bhk-bedroom-apartment-flat-for-sale-in-aakar-lowrise-vavol-gandhinagar-1092-sqft-spid-H86687858,3.0,3.0,1.0,,,semi-furnished,Vavol,,New,1,False,True,False,penthouse,0.0,0.0,4.127134385045092,3.0,5586.0
"3 BHK Flatin Vavol, Gandhinagar","Vavol, Gandhinagar",55.0,3574.0,1539.0,"Located in the popular residential address of vavol, gandhinagar, neelkanth jay visat mangalya is one of the most preferred destination for apartments in gandhinagar. This 3 bhk flat is your ticket to be a part of this community. The floor plan additionally contains 3 bedroom(s), 3 bathrooms and 3 balconies. All in all, the flat is spread over a carpet area of 1539 sq.Ft. The flat has a total o...",https://www.99acres.com/3-bhk-bedroom-apartment-flat-for-sale-in-neelkanth-jay-visat-mangalya-vavol-gandhinagar-1539-sqft-spid-O86684174,3.0,3.0,3.0,,,,Vavol,,New,1,False,True,False,apartment,0.0,0.0,4.02535169073515,3.0,3574.0
"3 BHK Flatin Sargasan, Gandhinagar","Sargasan, Gandhinagar",82.0,9599.0,854.22,"Only 2 towers..Spacious lounge. No common walls between the flats. Separate alloted parking Two side road of scheme location. Near to sg highway..300 mtr. All commercials center, school, hotels, malls near by 300 to 500 mtr. 24/7 water supply..Security..Cleaning.. Gym..Common meeting hall..",https://www.99acres.com/3-bhk-bedroom-apartment-flat-for-sale-in-shreeji-woods-ville-sargasan-gandhinagar-2164-sqft-spid-P86675954,0.0,3.0,1.0,,,,Sargasan,,New,1,False,True,False,apartment,6.0,10.0,4.418840607796598,3.0,9599.0
"2 BHK Flatin Uvarsad, Gandhinagar","Uvarsad, Gandhinagar",58.0,9667.0,600.0,,https://www.99acres.com/2-bhk-bedroom-apartment-flat-for-sale-in-psy-pramukh-glory-uvarsad-gandhinagar-600-sqft-spid-O86621356,2.0,1.0,2.0,,,,Uvarsad,,Unknown,1,False,True,False,apartment,,,4.07753744390572,2.0,9667.0
"2 BHK Flatin Vavol, Gandhinagar","Vavol, Gandhinagar",40.0,4444.0,900.0,"Looking for a 2 bhk property for sale in gandhinagar? Buy this 2 bhk flat in siddharth homes that is situated in vavol, gandhinagar. The flat is over 900 sq.Ft. Super built up area and comes with 2 bedroom(s), 2 bathrooms and 2 balconies. The flat has a total of 3 floors and this property is situated on top floor. This is a ready to move project and the property is 5-10 years old. The flat will...",https://www.99acres.com/2-bhk-bedroom-apartment-flat-for-sale-in-siddharth-homes-vavol-gandhinagar-900-sqft-spid-W86604044,2.0,2.0,2.0,,3.0,,Vavol,,5-10 years,1,False,False,True,apartment,0.0,0.0,3.713572066704308,2.0,4444.0
"2 BHK Flatin Dahegam, Gandhinagar","Dahegam, Gandhinagar",37.0,5272.0,701.81,1 four wheeler parking owned and open parking for two wheelers. Need to sale earlier.,https://www.99acres.com/2-bhk-bedroom-apartment-flat-for-sale-in-pooja-heaven-dhegam-gandhinagar-702-sq-ft-spid-N86603354,2.0,2.0,1.0,,,,Dahegam,,Unknown,1,False,True,False,apartment,0.0,0.0,3.6375861597263857,2.0,5272.0
"3 BHK Flatin Koba, Gandhinagar","Koba, Gandhinagar",86.5,4688.0,1845.0,"Looking for a 3 bhk property for sale in gandhinagar? Buy this 3 bhk flat in surya suyash status that is situated in koba, gandhinagar. The flat is over 205 sq.Yards carpet area and comes with 3 bedroom(s), 3 bathrooms and 2 balconies. This flat is situated on the top floor of this 4 floors tall residential building. An added advantage of this 10+ years old flat is that it is available for imme...",https://www.99acres.com/3-bhk-bedroom-apartment-flat-for-sale-in-surya-suyash-status-koba-gandhinagar-1845-sqft-spid-G86559372,3.0,3.0,2.0,,4.0,,Koba,,10-20 years,1,False,True,False,apartment,0.0,0.0,4.471638793363569,3.0,4688.0
"1 BHK Flatin Sargasan, Gandhinagar","Sargasan, Gandhinagar",41.0,7348.0,558.0,,https://www.99acres.com/1-bhk-bedroom-apartment-flat-for-sale-in-shree-rang-nano-city-1-and-2-sargasan-gandhinagar-558-sqft-spid-M86553340,1.0,1.0,1.0,,,,Sargasan,,Unknown,1,False,False,True,apartment,,,3.7376696182833684,1.0,7348.0
"3 BHK Flatin Koba, Gandhinagar","Koba, Gandhinagar",109.0,4000.0,2718.0,"Your dream home is calling! 3 bhk at satvan harmony, gandhinagar with 302 sq. Yd of pure elegance. Sunlight, space, and style meet top-Notch connectivity gnlu metro, pdpu road, gift city nearby. Grab it now! step into luxury with this stunning 3 bhk apartment at satvan harmony in raysan, gandhinagar. Spread over a spacious 302 sq. Yard super built-Up area, this home offers modern living with ab...",https://www.99acres.com/3-bhk-bedroom-apartment-flat-for-sale-in-koba-gandhinagar-2718-sqft-spid-P86513756,3.0,3.0,1.0,,,,Koba,,New,0,False,False,True,apartment,5.0,7.0,4.700480365792417,3.0,4010.0
"2 BHK Flatin Gift City, Gandhinagar","Gift City, Gandhinagar",170.0,26984.0,630.0,"This lovely 2 bhk apartment/flat in gift city is available for sale in one of gandhinagar's most popular projects, sobha dream heights. Constructed on a carpet area of 630 sq.Ft., the flat comprises 2 bedroom(s), 2 bathrooms and 2 balconies. This flat lies on the 11th level of a 33 storey building. As the project is already ready to move, so you can easily move into this 0-1 year old property. ...",https://www.99acres.com/2-bhk-bedroom-apartment-flat-for-sale-in-sobha-dream-heights-gift-city-gandhinagar-630-sqft-spid-R86509012,2.0,2.0,2.0,11.0,33.0,,Gift City,,New,1,False,True,False,apartment,0.0,0.0,5.14166355650266,2.0,26984.0
"5 BHK Flatin Raysan, Gandhinagar","Raysan, Gandhinagar",300.0,4688.0,6399.0,"Located in dev avani aayam, raysan, gandhinagar, this spacious 5 bhk flat spans 6399 sq.Ft. On the 11th floor of a high-Rise building. Unfurnished and under construction, it offers 6 bathrooms and a north-East-Facing corner layout. Enjoy natural light, park views, and amenities like full power backup, 24x7 water, and on-Call maintenance. Available august 2026.",https://www.99acres.com/5-bhk-bedroom-apartment-flat-for-sale-in-raysan-gandhinagar-6399-sqft-spid-E86501958,5.0,6.0,2.0,11.0,,unfurnished,Raysan,North-East,New,0,False,True,False,apartment,8.0,0.0,5.707110264748875,5.0,4688.0
"3 BHK Flatin Randesan, Gandhinagar","Randesan, Gandhinagar",90.0,4167.0,2160.0,Royal rivera @ randesan Metro station Gift city rd Riverfront,https://www.99acres.com/3-bhk-bedroom-apartment-flat-for-sale-in-royal-riviera-randesan-gandhinagar-2160-sqft-spid-Y86476370,3.0,3.0,1.0,,,,Randesan,,Unknown,1,False,True,False,apartment,2.0,3.0,4.51085950651685,3.0,4167.0
"2 BHK Flatin Vavol, Gandhinagar","Vavol, Gandhinagar",47.0,3369.0,1395.0,"Main vavol ubarsad road frot side third floor, Nearest mahatma mandir and capital railway station gandhinagar. Reliance mall and d-Mart",https://www.99acres.com/2-bhk-bedroom-apartment-flat-for-sale-in-vavol-gandhinagar-1395-sqft-spid-F86472500,2.0,2.0,1.0,3.0,,,Vavol,Other,Unknown,1,False,True,False,apartment,0.0,0.0,3.871201010907891,2.0,3369.0
"1 BHK Builder Floorin Gift City, Gandhinagar","Gift City, Gandhinagar",95.0,11176.0,850.0,"Located in gift city, gandhinagar, this 850 sq.Ft. Unfurnished 1 bhk builder floor apartment on the 5th floor of a 24-Story high-Rise offers immediate occupancy. North-Facing with fresh construction, it features 1 bedroom, 1 bathroom, and overlooks the pool. Enjoy amenities like 24/7 water, full power backup, parking, gym, and proximity to hospital, school, and market.",https://www.99acres.com/1-bhk-bedroom-independent-builder-floor-for-sale-in-gift-city-gandhinagar-850-sqft-spid-W86465576,1.0,1.0,1.0,5.0,24.0,unfurnished,Gift City,North,New,1,False,True,False,apartment,6.0,3.0,4.564348191467836,1.0,11176.0
"2 BHK Flatin Gift City, Gandhinagar","Gift City, Gandhinagar",150.0,12744.0,1177.0,"Located in reva, gift city, gandhinagar, this fresh construction 2 bhk flat spans 1140 sq.Ft. Situated on the 4th floor of a 32-Story high-Rise, the north-Facing apartment offers immediate availability. Unfurnished and just under a year old, it includes vitrified flooring, parking, full power backup, and nearby amenities like hospitals, schools, and markets.",https://www.99acres.com/2-bhk-bedroom-apartment-flat-for-sale-in-gift-city-gandhinagar-1177-sqft-spid-Y86465468,2.0,2.0,1.0,4.0,32.0,unfurnished,Gift City,North,New,1,False,True,False,apartment,3.0,3.0,5.017279836814924,2.0,12744.0
"2 BHK Flatin Kalol, Gandhinagar","Kalol, Gandhinagar",24.0,5381.0,446.0,"We are the proud owners of this 2 bhk apartment available in tata shubh griha, kalol, gandhinagar. This semi-Furnished apartment it is a and the unit is located on 4th floor and has a carpet area of 446 sq.Ft. . It has 1 bathroom(s) and 1 balcony(s). The unit is located in a co-Operative society.",https://www.99acres.com/2-bhk-bedroom-apartment-flat-for-sale-in-tata-shubh-griha-kalol-gandhinagar-446-sqft-spid-J86454342,2.0,1.0,1.0,4.0,,semi-furnished,Kalol,,New,1,False,True,False,apartment,0.0,0.0,3.2188758248682006,2.0,5381.0
"2 BHK Flatin Kalol, Gandhinagar","Kalol, Gandhinagar",24.0,4800.0,500.0,"With all complete home appliances likes freeze ,ac,sofa, dining table,double bed,singal bed,fans all room,",https://www.99acres.com/2-bhk-bedroom-apartment-flat-for-sale-in-tata-shubh-griha-kalol-gandhinagar-500-sqft-spid-S86454238,2.0,2.0,1.0,,,,Kalol,,Unknown,1,False,True,False,apartment,0.0,0.0,3.2188758248682006,2.0,4800.0
"3 BHK Flatin Raysan, Gandhinagar","Raysan, Gandhinagar",90.0,4091.0,2200.0,"Situated in saral skyline, raysan, gandhinagar, this unfurnished 3 bhk flat offers 2200 sq.Ft. On the 9th floor of a 13-Story high-Rise. Built within the last year, the corner property in a gated society features 3 bedrooms, 3 bathrooms, full power backup, fitness center access, and overlooks park and main road. Immediate availability ensures quick move-In near top schools and hospitals.",https://www.99acres.com/3-bhk-bedroom-apartment-flat-for-sale-in-saral-skyline-raysan-gandhinagar-2200-sqft-spid-M86440298,3.0,3.0,1.0,9.0,13.0,unfurnished,Raysan,Other,New,1,False,True,False,apartment,8.0,2.0,4.51085950651685,3.0,4091.0
"2 BHK Flatin Urjanagar 1, Randesan, Gandhinagar",Swagat RaForest 2,72.0,5760.0,1250.0,"Located in the popular residential address of urjanagar 1, gandhinagar, swagat rain forest 2 is one of the most preferred destination for apartments in gandhinagar. This 2 bhk flat is your ticket to be a part of this community. The flat occupies a carpet area of 1250 sq.Ft. That consists of 2 bedrooms, 2 bathrooms and 1 balcony. The flat has a total of 7 floors and this property is situated on ...",https://www.99acres.com/2-bhk-bedroom-apartment-flat-for-sale-in-swagat-rain-forest-2-urjanagar-1-gandhinagar-1250-sqft-spid-R86434578,2.0,2.0,1.0,,7.0,,Kudasan,,New,1,False,True,False,apartment,0.0,0.0,4.290459441148391,2.0,5760.0
"4 BHK Flatin Koba, Gandhinagar","Koba, Gandhinagar",240.0,5013.0,4788.0,"Situated on the 3rd floor of a 12-Story high-Rise near abhishek shreedhar shrine, this nearly new 4 bhk flat offers 4,788 sq.Ft. Of spacious living with 4 bathrooms. Ready for immediate sale, it features modern amenities including a gym and swimming pool. Conveniently close to koba raysan rd, gujarat state highway 71, and key educational institutions.",https://www.99acres.com/4-bhk-bedroom-apartment-flat-for-sale-in-abhishek-shreedhar-shrine-koba-gandhinagar-4788-sqft-spid-G86421672,4.0,4.0,2.0,3.0,12.0,unfurnished,Koba,,New,1,False,True,False,apartment,7.0,10.0,5.484796933490655,4.0,5013.0
"1 BHK Flatin Randheja, Gandhinagar","Randheja, Gandhinagar",25.0,9259.0,270.0,"This 1 bhk apartment is available for sale in maruti apartment, one of the most prominent projects for flats in randheja, gandhinagar. The flat is over 270 sq.Ft. Carpet area and comes with 1 bedroom(s), 1 bathroom and 1 balcony. The residential building has 4 floors in total and the flat for sale is located on the 3rd floor. Being a ready to move project, you can expect immediate possession of...",https://www.99acres.com/1-bhk-bedroom-apartment-flat-for-sale-in-randheja-gandhinagar-270-sqft-spid-X86418606,1.0,1.0,1.0,3.0,4.0,,Randheja,,New,1,False,False,False,apartment,0.0,0.0,3.258096538021482,1.0,9259.0
"3 BHK Flatin Raysan, Gandhinagar","Raysan, Gandhinagar",95.0,4979.0,1908.0,"Vastu compliment, prime corner location. Good parking. Nice views from both balconies.",https://www.99acres.com/3-bhk-bedroom-apartment-flat-for-sale-in-radhe-imperial-sky-raysan-gandhinagar-1908-sq-ft-spid-P86415766,3.0,3.0,2.0,,,,Raysan,,New,1,False,False,True,apartment,3.0,0.0,4.564348191467836,3.0,4979.0
"2 BHK Flatin Gift City, Gandhinagar","Gift City, Gandhinagar",135.0,20903.0,645.83,"Located in sangath ipl smart life, gift city, this 2 bhk flat offers 645.83 sq.Ft. Of modern living space on the 4th floor of a 22-Story high-Rise. Newly built and available immediately, it features 2 bedrooms and 2 bathrooms, is furnished, and includes access to a fitness center. Nearby are super mall 1, nh 48, top schools, and apollo hospital.",https://www.99acres.com/2-bhk-bedroom-apartment-flat-for-sale-in-sangath-ipl-smart-life-gift-city-gandhinagar-646-sqft-spid-K86407710,2.0,2.0,1.0,4.0,22.0,furnished,Gift City,,New,1,False,True,False,apartment,2.0,4.0,4.912654885736052,2.0,20903.0
"2 BHK Flatin Sargasan, Gandhinagar","Sargasan, Gandhinagar",72.11,5103.0,1413.0,"Move-In ready 2bhk for sale! You can call me on this: 8+8+4+9+6+ 5+9+1+3+2+ Looking for a home where you don't need to spend a single rupee after buying? Check out this fully-Furnished 2bhk by shikshapatri builders . Top features: Fully furnished: King bed, sofa, tv unit, computer table, and shoe rack. Storage galore: 4+ wardrobes, 6-Door marble storeroom, and kitchen overheads. Modular kitchen...",https://www.99acres.com/2-bhk-bedroom-apartment-flat-for-sale-in-shikshapatri-sky-park-sargasan-gandhinagar-1413-sqft-spid-R85366278,2.0,2.0,1.0,,,furnished,Sargasan,,New,1,False,True,False,apartment,0.0,0.0,4.291965156305224,2.0,5103.0
"3 BHK Builder Floorin Koba, Gandhinagar","Koba, Gandhinagar",100.0,5051.0,1980.0,"This well designed 3 bhk builder floor in koba, gandhinagar, is a perfect place for your family. Equipped with 3 bedrooms, 3 bathrooms. This builder floor is furnished. This spacious builder floor has built up area of 220 sq.Yards. This beautiful property resides at 1st floor of 8 floors building. It is 0-1 year old ready to move property. The ownership right of this property is freehold. Avail...",https://www.99acres.com/3-bhk-bedroom-independent-builder-floor-for-sale-in-koba-gandhinagar-1980-sqft-spid-X86387624,3.0,3.0,1.0,1.0,8.0,furnished,Koba,,New,1,True,False,False,builder floor,0.0,0.0,4.61512051684126,3.0,5051.0
"2 BHK Flatin Kudasan, Gandhinagar","Kudasan, Gandhinagar",72.0,5096.0,1413.0,"Looking for a 2 bhk property for sale in gandhinagar? Buy this 2 bhk flat in sheladia poornam residency that is situated in kudasan, gandhinagar. This residential flat is north-East-Facing direction. Containing 2 bedroom(s), 2 bathrooms and 2 balconies, this flat is spread over a carpet area of 157 sq.Yards. This flat lies on the 1st level of a 7 storey building. An added advantage of this 5-10...",https://www.99acres.com/2-bhk-bedroom-apartment-flat-for-sale-in-sheladia-poornam-residency-kudasan-gandhinagar-1413-sqft-spid-D86381756,2.0,2.0,2.0,1.0,7.0,unfurnished,Kudasan,North-East,5-10 years,1,False,True,False,apartment,0.0,0.0,4.290459441148391,2.0,5096.0
"2 BHK Flatin Sargasan, Gandhinagar","Sargasan, Gandhinagar",54.0,3889.0,1388.55,"Road side facing, big balcony, located at well developed area,",https://www.99acres.com/2-bhk-bedroom-apartment-flat-for-sale-in-b-and-m-divya-sanskar-city-sargasan-gandhinagar-1389-sqft-spid-C86364024,2.0,2.0,1.0,,,,Sargasan,Other,Unknown,1,False,False,True,apartment,0.0,0.0,4.007333185232471,2.0,3889.0
"3 BHK Flatin Sargasan, Gandhinagar","Sargasan, Gandhinagar",90.0,5376.0,1674.0,"N/a is one of gandhinagar's most sought after destination for apartments and this 3 bhk flat in sargasan is your opportunity to be a part of this community. The flat is over 1674 sq.Ft. Built up area and comes with 3 bedroom(s), 3 bathrooms . This flat lies on the ground level of a 1 storey building. An added advantage of this 0-1 year old flat is that it is available for immediate possession a...",https://www.99acres.com/3-bhk-bedroom-apartment-flat-for-sale-in-sargasan-gandhinagar-1674-sqft-spid-I86334888,3.0,3.0,1.0,0.0,1.0,,Sargasan,,New,1,True,False,False,apartment,0.0,0.0,4.51085950651685,3.0,5376.0
"1 BHK Flatin Kalyanpura, Kalol, Gandhinagar","Kalyanpura, Kalol, Gandhinagar",15.0,2049.0,731.94,,https://www.99acres.com/1-bhk-bedroom-apartment-flat-for-sale-in-shivganga-residency-kalyanpura-gandhinagar-68-sqft-spid-E86303370,1.0,1.0,1.0,,,,Kalol,,Unknown,1,False,True,False,apartment,,,2.772588722239781,1.0,2049.0
"3 BHK Flatin Sargasan, Gandhinagar","Sargasan, Gandhinagar",90.0,5495.0,1638.0,1) residential apartment only with single tower 2) fully furnished with royal touch furniture and saag wood along with all room pop and lightings 3) roadside view location 4) well maintained and clean 5) 30% fsi only 6) all day sunlight and perfect air circulation 7) spacious balcony 8) more than enough distance with beside apartment maintaining privacy 9) car parking facility 10) 24 hours wate...,https://www.99acres.com/3-bhk-bedroom-apartment-flat-for-sale-in-pratishtha-avenue-sargasan-gandhinagar-1638-sqft-spid-U86274782,0.0,1.0,1.0,,,furnished,Sargasan,Other,New,1,False,True,False,apartment,1.0,0.0,4.51085950651685,3.0,5495.0
"2 BHK Flatin Koba, Gandhinagar","Koba, Gandhinagar",48.0,4129.0,1162.5012,"Satyamev surya is one of gandhinagar's most sought after destination for apartments and this 2 bhk flat in koba is your opportunity to be a part of this community. The floor plan additionally contains 2 bedroom(s), 2 bathrooms and 3 balconies. All in all, the flat is spread over a carpet area of 108 sq.Ft. This flat lies on the 5th level of a 8 storey building. Being a ready to move project, yo...",https://www.99acres.com/2-bhk-bedroom-apartment-flat-for-sale-in-satyamev-surya-koba-gandhinagar-108-sqft-spid-W86268752,2.0,2.0,3.0,5.0,8.0,,Koba,,New,1,False,True,False,apartment,0.0,0.0,3.8918202981106265,2.0,4129.0
"1 BHK Flatin Kalol, Gandhinagar","Kalol, Gandhinagar",22.0,3400.0,647.0,Residential apartment for sell.The property has 1 bedroom with 1 bathroom .It is a unfurnished property.Located in kalol.Available at an expected price of rs 2200000.Located on 2nd floor out of the 4 the property comes with a good construction quality which ages 5-10 years old property,https://www.99acres.com/1-bhk-bedroom-apartment-flat-for-sale-in-tata-shubh-griha-kalol-gandhinagar-647-sqft-spid-K86245326,1.0,1.0,1.0,2.0,4.0,unfurnished,Kalol,,5-10 years,1,False,False,True,apartment,0.0,0.0,3.1354942159291497,1.0,3400.0
"1 BHK Flatin Vavol, Gandhinagar","Vavol, Gandhinagar",38.0,7756.0,489.97,Ready to move property in new vavol near upcoming d mar. Ideal for living and investment. Very peacefull environment. Name of property arjun 226,https://www.99acres.com/1-bhk-bedroom-apartment-flat-for-sale-in-jayde-arjun-226-vavol-gandhinagar-490-sqft-spid-T86243632,1.0,1.0,1.0,,,,Vavol,,Unknown,1,False,True,False,apartment,0.0,0.0,3.6635616461296463,1.0,7756.0
"2 BHK Flatin Koba, Gandhinagar","Koba, Gandhinagar",49.0,5041.0,972.0,Property is in the prime location. Please contatct for further information.,https://www.99acres.com/2-bhk-bedroom-apartment-flat-for-sale-in-satyamev-surya-koba-gandhinagar-972-sqft-spid-H86233120,2.0,2.0,1.0,,,,Koba,,Unknown,1,False,True,False,apartment,0.0,0.0,3.912023005428146,2.0,5041.0
"2 BHK Builder Floorin Gift City, Gandhinagar","Gift City, Gandhinagar",62.0,4851.0,1278.0,"2 bhk builder floor in gift city, gandhinagar available for sale. This builder floor comes with 2 bedrooms, 2 bathrooms and 1 balcony. This is an unfurnished builder floor. This builder floor spreads over built up area of 1278 sq.Ft. It is located on 5th floor of 13 storey building. It is 0-1 year old ready to move property. The ownership right of this property is freehold. Available for sale a...",https://www.99acres.com/2-bhk-bedroom-independent-builder-floor-for-sale-in-gift-city-gandhinagar-1278-sqft-spid-U86213356,2.0,2.0,1.0,5.0,13.0,unfurnished,Gift City,,New,1,True,False,False,builder floor,0.0,0.0,4.143134726391533,2.0,4851.0
"1 BHK Flatin Vavol, Gandhinagar","Vavol, Gandhinagar",39.5,4719.0,837.0,"This beautiful 1 bhk flat in vavol, gandhinagar is situated in shantivan, one of the popular residential society in gandhinagar. Constructed on a carpet area of 93 sq.Yards, the flat comprises 1 bedroom(s), 1 bathroom and 1 balcony. This flat is situated on the 2nd floor of this 3 floors tall residential building. This is a ready to move project and the property is 10+ years old.",https://www.99acres.com/1-bhk-bedroom-apartment-flat-for-sale-in-vavol-gandhinagar-837-sqft-spid-Q86181072,1.0,1.0,1.0,2.0,3.0,,Vavol,,10-20 years,1,False,True,False,apartment,0.0,0.0,3.7013019741124933,1.0,4719.0
"3 BHK Flatin Vavol, Gandhinagar","Vavol, Gandhinagar",60.0,7981.0,751.75,"The spenta is one of gandhinagar's most sought after destination for apartments and this 3 bhk flat in vavol is your opportunity to be a part of this community. The flat occupies a carpet area of 70 sq.M. That consists of 3 bedrooms, 3 bathrooms and 1 balcony. This flat lies on the 5th level of a 7 storey building. As the project is already ready to move, so you can easily move into this 1-5 ye...",https://www.99acres.com/3-bhk-bedroom-apartment-flat-for-sale-in-shivaay-the-spenta-vavol-gandhinagar-752-sqft-spid-O86171436,3.0,3.0,1.0,5.0,7.0,,Vavol,,1-5 years,1,False,True,False,apartment,0.0,0.0,4.110873864173311,3.0,7981.0
"3 BHK Flatin Kudasan, Gandhinagar","Kudasan, Gandhinagar",85.0,4607.0,1845.0,"This unfurnished 3 bhk flat on the 3rd floor of a low-Rise building at shreenath homes, kudasan, gandhinagar offers 1,845 sq.Ft. Of living space. Over 10 years old and ready for immediate possession, it includes 3 bedrooms and 3 bathrooms. Conveniently located near temples and healthcare facilities, with parking available.",https://www.99acres.com/3-bhk-bedroom-apartment-flat-for-sale-in-shreenath-homes-kudasan-gandhinagar-1845-sqft-spid-X86166940,3.0,3.0,1.0,3.0,,unfurnished,Kudasan,,10-20 years,1,False,False,True,apartment,0.0,2.0,4.454347296253507,3.0,4607.0
"2 BHK Flatin Sargasan, Gandhinagar","Sargasan, Gandhinagar",65.0,9461.0,687.0,"Located in the popular residential address of sargasan, gandhinagar, shikshapatri sky park is one of the most preferred destination for apartments in gandhinagar. This 2 bhk flat is your ticket to be a part of this community. The flat is over 687 sq.Ft. Super built up area and comes with 2 bedroom(s), 2 bathrooms and 3 balconies. The flat has a total of 12 floors and this property is situated o...",https://www.99acres.com/2-bhk-bedroom-apartment-flat-for-sale-in-shikshapatri-sky-park-sargasan-gandhinagar-687-sq-ft-spid-U86153122,2.0,2.0,3.0,,12.0,,Sargasan,,New,1,False,False,True,apartment,0.0,0.0,4.189654742026425,2.0,9461.0
"3 BHK Flatin Vavol, Gandhinagar","Vavol, Gandhinagar",62.0,3645.0,1701.0,,https://www.99acres.com/3-bhk-bedroom-apartment-flat-for-sale-in-siddharth-haven-vavol-gandhinagar-1701-sqft-spid-K86144974,3.0,3.0,2.0,,,,Vavol,,Unknown,0,False,True,False,apartment,,,4.143134726391533,3.0,3645.0
"3 BHK Flatin Raysan, Gandhinagar","Raysan, Gandhinagar",116.0,4145.0,2798.614,500 metar from gift city Next to pdeu 100 metar from metro station 80 miter road 70 persant open speas in project at centre 200 metar from gift city revar front,https://www.99acres.com/3-bhk-bedroom-apartment-flat-for-sale-in-vinayak-courtyard-raysan-gandhinagar-260-sqft-spid-F86144608,3.0,3.0,1.0,,,,Raysan,Other,New,1,False,False,True,apartment,2.0,8.0,4.762173934797756,3.0,4145.0
"2 BHK Flatin Urjanagar 1, Randesan, Gandhinagar","Urjanagar 1, Randesan, Gandhinagar",50.0,5000.0,1000.0,"We are the proud owners of this 2 bhk apartment available in sheetal vedika happy valley, urjanagar 1, gandhinagar. This it is a and the unit is located on 2nd floor and has a super built-Up area of 1000 sq.Ft. . It has 2 bathroom(s) and 1 balcony(s). The ownership is freehold type.",https://www.99acres.com/2-bhk-bedroom-apartment-flat-for-sale-in-sheetal-vedika-happy-valley-urjanagar-1-gandhinagar-1000-sqft-spid-K86119750,2.0,2.0,1.0,2.0,,,Randesan,,New,1,False,False,True,apartment,0.0,0.0,3.9318256327243257,2.0,5000.0
"2 BHK Flatin Urjanagar 1, Randesan, Gandhinagar","Urjanagar 1, Randesan, Gandhinagar",46.0,4600.0,1000.0,,https://www.99acres.com/2-bhk-bedroom-apartment-flat-for-sale-in-sheetal-vedika-happy-valley-urjanagar-1-gandhinagar-1000-sqft-spid-G86117312,2.0,2.0,1.0,,,,Randesan,,Unknown,1,False,True,False,apartment,,,3.8501476017100584,2.0,4600.0
"1 BHK Flatin Vavol, Gandhinagar",Shal4 Apartment,30.0,4444.0,675.0,"Well-Maintained 1bhk flat available for sale. Spacious living room, airy bedroom, and a modular kitchen. Building me 24x7 water supply, lift, aur security ki suvidha hai. Prime location market, school aur hospital ke pass. Peaceful society, perfect for small family ya working professional. Registry and loan facility available.",https://www.99acres.com/1-bhk-bedroom-apartment-flat-for-sale-in-shalin-4-apartment-vavol-gandhinagar-675-sqft-spid-H86112640,1.0,1.0,1.0,,,unfurnished,Vavol,,New,1,False,True,False,apartment,3.0,3.0,3.4339872044851463,1.0,4444.0
"2 BHK Flatin Sector 29, Gandhinagar","Sector 29, Gandhinagar",50.0,3441.0,1453.1264999999999,"Situated on the top floor of a low-Rise building in sector 29, gandhinagar, this 2 bhk furnished flat spans 135 sq.Ft. With 2 bedrooms and 2 bathrooms. The north-Facing corner apartment offers 24/7 water, visitor parking, and a modular kitchen. Close to metro, market, and key hospitals, its available for immediate sale in the peaceful sweat homes community.",https://www.99acres.com/2-bhk-bedroom-apartment-flat-for-sale-in-sector-29-gandhinagar-135-sqft-spid-U86013128,2.0,2.0,1.0,,,furnished,Sector 29,North,New,1,False,True,False,apartment,5.0,5.0,3.9318256327243257,2.0,3441.0
"2 BHK Flatin Vavol, Gandhinagar","Vavol, Gandhinagar",40.0,4000.0,1000.0,"I have a apartment available for sale in vavol, gandhinagar. Available at price of rs 40 lacs. It has super area of 1000 sq ft. It has 2 bhk, 1 bathroom, 2 balcony.It is a freehold property",https://www.99acres.com/2-bhk-bedroom-apartment-flat-for-sale-in-shri-suraj-residency-vavol-gandhinagar-1000-sqft-spid-I86010444,2.0,1.0,2.0,,,unfurnished,Vavol,,New,1,False,False,True,apartment,0.0,0.0,3.713572066704308,2.0,4000.0
"2 BHK Builder Floorin Gift City, Gandhinagar","Gift City, Gandhinagar",51.0,5667.0,900.0,"2 bhk builder floor in gift city enjoys a prime property in gandhinagar. This apartment is just the type of property you are looking for. This spacious builder floor provides you 2 bedrooms, 2 bathrooms . The furnishing status of the builder floor is semi-Furnished. This builder floor provides you built up area of 900 sq.Ft. This beautiful property resides at 2nd floor of 4 floors building. Thi...",https://www.99acres.com/2-bhk-bedroom-independent-builder-floor-for-sale-in-gift-city-gandhinagar-900-sqft-spid-A86008094,2.0,2.0,1.0,2.0,4.0,semi-furnished,Gift City,,New,1,True,False,False,builder floor,0.0,0.0,3.9512437185814275,2.0,5667.0
"3 BHK Flatin Sargasan, Gandhinagar","Sargasan, Gandhinagar",70.0,3370.0,2077.4327,"Psy pramukh oasis is one of gandhinagar's most sought after destination for apartments and this 3 bhk flat in sargasan is your opportunity to be a part of this community. The flat occupies a built up area of 193 sq.Ft. That consists of 3 bedrooms, 3 bathrooms and 3 balconies. The residential building has 5 floors in total and the flat for sale is located on the 4th floor. Being a ready to move ...",https://www.99acres.com/3-bhk-bedroom-apartment-flat-for-sale-in-sargasan-gandhinagar-193-sqft-spid-L85996010,3.0,3.0,3.0,4.0,5.0,,Sargasan,,New,1,True,False,False,apartment,0.0,0.0,4.2626798770413155,3.0,3370.0
"3 BHK Flatin Kalol, Gandhinagar","Kalol, Gandhinagar",60.0,3529.0,1700.0,Cornar falt and all blcony side ongc lend so not construction air and sun roof all time,https://www.99acres.com/3-bhk-bedroom-apartment-flat-for-sale-in-shivam-plaza-kalol-gandhinagar-1700-sqft-spid-T85988236,3.0,3.0,2.0,,,,Kalol,,Unknown,1,False,True,False,apartment,0.0,0.0,4.110873864173311,3.0,3529.0
"2 BHK Flatin Gift City, Gandhinagar","Gift City, Gandhinagar",156.0,14247.0,1095.0,"This lovely 2 bhk apartment/flat in gift city is available for sale in one of gandhinagar's most popular projects, sobha dream heights. This is a north-East-Facing property. Constructed on a super built up area of 1095 sq.Ft., the flat comprises 2 bedroom(s), 2 bathrooms and 2 balconies. This flat lies on the 26th level of a 33 storey building. Being a ready to move project, you can expect imme...",https://www.99acres.com/2-bhk-bedroom-apartment-flat-for-sale-in-sobha-dream-heights-gift-city-gandhinagar-1095-sqft-spid-K85960938,2.0,2.0,2.0,26.0,33.0,unfurnished,Gift City,North-East,New,1,False,False,True,apartment,0.0,0.0,5.056245805348308,2.0,14247.0
"2 BHK Flatin Raysan, Gandhinagar","Raysan, Gandhinagar",53.55,3889.0,1377.0,,https://www.99acres.com/2-bhk-bedroom-apartment-flat-for-sale-in-raysan-gandhinagar-1377-sqft-spid-L85943540,2.0,2.0,1.0,,,,Raysan,,Unknown,1,False,False,True,apartment,,,3.9991177122790798,2.0,3889.0
"3 BHK Flatin Uvarsad, Gandhinagar","Uvarsad, Gandhinagar",100.0,4645.156495322328,2152.7799999999997,"We are the proud owners of this 3 bhk apartment available in sthapan 1, uvarsad, gandhinagar. This it is a and the unit is located on 2nd floor and has a super built-Up area of 200 sq.Ft. . It has 3 bathroom(s) and 3 balcony(s). The ownership is freehold type.",https://www.99acres.com/3-bhk-bedroom-apartment-flat-for-sale-in-sthapan-1-uvarsad-gandhinagar-200-sqft-spid-W85927506,3.0,3.0,3.0,2.0,,,Uvarsad,,New,1,False,False,True,apartment,0.0,0.0,4.61512051684126,3.0,4645.0
"4 BHK Flatin Sargasan, Gandhinagar","Sargasan, Gandhinagar",144.0,4000.0,3600.0,,https://www.99acres.com/4-bhk-bedroom-apartment-flat-for-sale-in-sargasan-gandhinagar-3600-sqft-spid-V85923002,4.0,4.0,2.0,,,,Sargasan,,Unknown,0,False,False,True,apartment,,,4.976733742420574,4.0,4000.0
"3 BHK Flatin Koba, Gandhinagar","Koba, Gandhinagar",85.0,5640.547172891398,1506.946,"This 3 bhk flat is located in manidhar shreedhar century, which houses some of the most spacious flats in koba, gandhinagar. Constructed on a carpet area of 140 sq.Ft., the flat comprises 3 bedroom(s), 2 bathrooms and 2 balconies. The residential building has 6 floors in total and the flat for sale is located on the 1st floor. As the property is currently under construction , you can expect to ...",https://www.99acres.com/3-bhk-bedroom-apartment-flat-for-sale-in-manidhar-shreedhar-century-koba-gandhinagar-140-sqft-spid-Y85922330,3.0,2.0,2.0,1.0,6.0,,Koba,,New,0,False,True,False,apartment,0.0,0.0,4.454347296253507,3.0,5641.0
"2 BHK Flatin Sargasan, Gandhinagar","Sargasan, Gandhinagar",68.0,5211.0,1305.0,,https://www.99acres.com/2-bhk-bedroom-apartment-flat-for-sale-in-saundarya-444-sargasan-gandhinagar-1305-sqft-spid-M85907774,2.0,2.0,1.0,,,,Sargasan,,Unknown,1,False,True,False,apartment,,,4.23410650459726,2.0,5211.0
"3 BHK Flatin Koba, Gandhinagar","Koba, Gandhinagar",155.0,5156.0,3006.0,Property is in the prime location. Please contatct for further information.,https://www.99acres.com/3-bhk-bedroom-apartment-flat-for-sale-in-abhishek-shreedhar-shrine-koba-gandhinagar-3006-sqft-spid-K85892034,3.0,3.0,1.0,,,,Koba,,Unknown,1,False,True,False,apartment,0.0,0.0,5.049856007249537,3.0,5156.0
"3 BHK Flatin Sargasan, Gandhinagar","Sargasan, Gandhinagar",85.0,4223.0,2012.85,"Set on the 4th floor of a mid-Rise building, this 3 bhk flat in psy pramukh pacific, sargasan spans 2012.85 sq.Ft. Semi-Furnished and 5-10 years old, it features east-Facing views overlooking a park. With gated security, modular kitchen, and 24/7 water, its close to temples and hospitals, ready for immediate possession.",https://www.99acres.com/3-bhk-bedroom-apartment-flat-for-sale-in-psy-pramukh-pacific-sargasan-gandhinagar-2013-sqft-spid-B85874272,3.0,3.0,1.0,4.0,,semi-furnished,Sargasan,East,5-10 years,1,False,False,True,apartment,4.0,2.0,4.454347296253507,3.0,4223.0
"3 BHK Flatin Sector 26, Gandhinagar","Sector 26, Gandhinagar",96.0,5470.0,1755.0,Entry point of gandhinagar In green zone and away from pollution Nearby dmart and malls Soon government will go for the metro line,https://www.99acres.com/3-bhk-bedroom-apartment-flat-for-sale-in-raj-panchamrut-sector-26-gandhinagar-1755-sqft-spid-X85864814,3.0,2.0,2.0,,,,Sector 26,,Unknown,1,False,True,False,apartment,2.0,2.0,4.574710978503383,3.0,5470.0
"2 BHK Builder Floorin Vavol, Gandhinagar","Vavol, Gandhinagar",135.0,13500.0,1000.0,"Looking for buyer to purchase our builder floor available for sale in sector 27, gandhinagar. Available at price of rs 1.35 crores. It has super area of 1000 sq ft. It has 2 bhk, 1 bathroom, 0 balcony.It is a freehold property",https://www.99acres.com/2-bhk-bedroom-independent-builder-floor-for-sale-in-kirtidham-society-vavol-gandhinagar-1000-sqft-spid-C85858796,2.0,1.0,0.0,,,unfurnished,Vavol,,New,1,False,False,True,builder floor,0.0,0.0,4.912654885736052,2.0,13500.0
"2 BHK Flatin Koba, Gandhinagar","Koba, Gandhinagar",49.0,5041.0,972.0,"Satyamev surya is one of gandhinagar's most sought after destination for apartments and this 2 bhk flat in koba is your opportunity to be a part of this community. This property faces the south-East direction. Constructed on a carpet area of 108 sq.Yards, the flat comprises 2 bedroom(s), 2 bathrooms and 3 balconies. The property is located on the 5th floor of a 8 floors tall building. An added ...",https://www.99acres.com/2-bhk-bedroom-apartment-flat-for-sale-in-satyamev-surya-koba-gandhinagar-972-sqft-spid-G85858606,2.0,2.0,3.0,5.0,8.0,unfurnished,Koba,South-East,New,1,False,True,False,apartment,0.0,0.0,3.912023005428146,2.0,5041.0
"3 BHK Flatin Sargasan, Gandhinagar","Sargasan, Gandhinagar",72.0,5538.0,1300.0,"Well furnished, ac sofa double bed washing machine geyser available",https://www.99acres.com/3-bhk-bedroom-apartment-flat-for-sale-in-bansal-shiva-blessing-1-sargasan-gandhinagar-1300-sqft-spid-O85839530,3.0,3.0,1.0,,,furnished,Sargasan,,Unknown,1,False,True,False,apartment,0.0,0.0,4.290459441148391,3.0,5538.0
"3 BHK Flatin Raysan, Gandhinagar","Raysan, Gandhinagar",180.0,7519.0,2394.0,Near by metro Hospital 5 college Developing area And main very near gift city,https://www.99acres.com/3-bhk-bedroom-apartment-flat-for-sale-in-raysan-gandhinagar-2394-sqft-spid-A85782214,3.0,3.0,1.0,,,,Raysan,,Unknown,1,False,True,False,apartment,0.0,6.0,5.198497031265826,3.0,7519.0
"3 BHK Flatin Urjanagar 1, Randesan, Gandhinagar","Urjanagar 1, Randesan, Gandhinagar",75.0,4167.0,1800.0,"This 3 bhk flat is located in shukan sky, which houses some of the most spacious flats in urjanagar 1, gandhinagar. The flat occupies a super built up area of 1800 sq.Ft. That consists of 3 bedrooms, 3 bathrooms and 3 balconies. The property is located on the 5th floor of a 9 floors tall building. As the project is already ready to move, so you can easily move into this 5-10 years old property....",https://www.99acres.com/3-bhk-bedroom-apartment-flat-for-sale-in-shukan-sky-urjanagar-1-gandhinagar-1800-sqft-spid-Z85762428,3.0,3.0,3.0,5.0,9.0,,Randesan,,5-10 years,1,False,False,True,apartment,0.0,0.0,4.330733340286331,3.0,4167.0
"2 BHK Flatin Gift City, Gandhinagar","Gift City, Gandhinagar",125.0,8273.0,1511.0,"Located in upcoming gift city sez area, this property is near the new river front being developed.",https://www.99acres.com/2-bhk-bedroom-apartment-flat-for-sale-in-shilp-north-sky-gift-city-gandhinagar-1511-sqft-spid-X85756798,2.0,2.0,1.0,,,,Gift City,,Unknown,0,False,False,True,apartment,0.0,6.0,4.836281906951478,2.0,8273.0
"2 BHK Flatin Koba, Gandhinagar","Koba, Gandhinagar",49.0,4215.0,1162.5012,"Looking for a 2 bhk property for sale in gandhinagar? Buy this 2 bhk flat in satyamev surya that is situated in koba, gandhinagar. The flat is facing the east direction. Containing 2 bedroom(s), 2 bathrooms and 3 balconies, this flat is spread over a carpet area of 108 sq.Ft. This flat is situated on the 5th floor of this 8 floors tall residential building. This 5-10 years old property is avail...",https://www.99acres.com/2-bhk-bedroom-apartment-flat-for-sale-in-satyamev-surya-koba-gandhinagar-108-sqft-spid-B85740628,2.0,2.0,3.0,5.0,8.0,unfurnished,Koba,East,5-10 years,1,False,True,False,apartment,0.0,0.0,3.912023005428146,2.0,4215.0
"2 BHK Flatin Sector 8B Gandhinagar, Sector 8 Gandhinagar","Sector 8B Gandhinagar, Sector 8 Gandhinagar",60.0,7038.0,852.5,"Vvip sector, adjacent to ch road,emerging metro station at 400 mtrs,beautiful garden with two small gardens in front, total 7 flats. North east facing entrance door, vastu based strong construction work. 24 hrs water electricity , civil hospital and main bus stand is 1.2 km ,all over greenery and fresh air, bus stand is 200 meter ,",https://www.99acres.com/2-bhk-bedroom-apartment-flat-for-sale-in-sector-8b-gandhinagar-853-sqft-r2-spid-V69726762,0.0,1.0,1.0,,7.0,,Sector 8,North-East,New,1,False,True,False,apartment,3.0,0.0,4.110873864173311,2.0,7038.0
"2 BHK Flatin Zundal, Gandhinagar","Zundal, Gandhinagar",51.0,4762.0,1071.0,"Garden facing property near s p ring road which is mor convinient for travelling, garden beside the property, no issue of ventilation",https://www.99acres.com/2-bhk-bedroom-apartment-flat-for-sale-in-gandhinagar-1071-sqft-spid-E85716470,2.0,2.0,2.0,,,,SP Ring Road,Other,New,1,False,True,False,apartment,0.0,0.0,3.9512437185814275,2.0,4762.0
"3 BHK Flatin Chiloda, Gandhinagar","Chiloda, Gandhinagar",60.0,3472.0,1728.0,"This beautiful 3 bhk flat in chiloda, gandhinagar is situated in n/a, one of the popular residential society in gandhinagar. The flat is over 1728 sq.Ft. Built up area and comes with 3 bedroom(s), 3 bathrooms . This flat lies on the ground level of a 1 storey building. An added advantage of this 0-1 year old flat is that it is available for immediate possession as the project is already ready t...",https://www.99acres.com/3-bhk-bedroom-apartment-flat-for-sale-in-chiloda-gandhinagar-1728-sqft-spid-K85697812,3.0,3.0,3.0,,,,Chiloda,,Unknown,1,True,False,False,apartment,0.0,0.0,4.110873864173311,3.0,3472.0
"3 BHK Flatin Sargasan, Gandhinagar","Sargasan, Gandhinagar",88.0,8502.0,1035.0,"We are the proud owners of this 3 bhk apartment available in vihaan sarthak era, sargasan, gandhinagar. This it is a and the unit is located on 5th floor and has a super built-Up area of 115 sq.Yards. It has 3 bathroom(s) and more than 3 balcony(s). The ownership is freehold type.",https://www.99acres.com/3-bhk-bedroom-apartment-flat-for-sale-in-vihaan-sarthak-era-sargasan-gandhinagar-1035-sqft-spid-L85694972,3.0,3.0,1.0,,,,Sargasan,,Unknown,1,False,False,True,apartment,0.0,0.0,4.48863636973214,3.0,8502.0
"2 BHK Flatin Kudasan, Gandhinagar","Kudasan, Gandhinagar",51.0,5795.0,880.0,"Looking for a 2 bhk property for sale in gandhinagar? Buy this 2 bhk flat in psy pramukh elegance that is situated in kudasan, gandhinagar. The flat occupies a carpet area of 880 sq.Ft. That consists of 2 bedrooms, 2 bathrooms . The flat has a total of 3 floors and this property is situated on top floor. This 0-1 year old property is available for immediate possession as the project is ready to...",https://www.99acres.com/2-bhk-bedroom-apartment-flat-for-sale-in-kudasan-gandhinagar-880-sqft-spid-H85682230,2.0,2.0,1.0,,3.0,,Kudasan,,New,1,False,True,False,apartment,0.0,0.0,3.9512437185814275,2.0,5795.0
"2 BHK Flatin Urjanagar 1, Randesan, Gandhinagar","Urjanagar 1, Randesan, Gandhinagar",50.0,3968.0,1260.0,"Spacious and bright 2bhk flat on the first floor of shukan sky co. Op. Society. With a large 1260 sq. Ft. Built-Up area, this house is well-Ventilated and completely ready. The society is perfectly located in a great locality, near all the banks, schools, and hospitals you need. Shukan sky is a well-Maintained community famous for its fun festival celebrations, giving it a vibrant and friendly ...",https://www.99acres.com/2-bhk-bedroom-apartment-flat-for-sale-in-shukan-sky-urjanagar-1-gandhinagar-1260-sqft-spid-S85673220,2.0,2.0,1.0,1.0,,unfurnished,Randesan,,New,1,True,False,False,apartment,0.0,3.0,3.9318256327243257,2.0,3968.0
"1 BHK Flatin Pratap Pura, Kalol, Gandhinagar","Pratap Pura, Kalol, Gandhinagar",55.0,15967.0,344.45,1 bedroom 1 washroom 1 kitchen 1 bed curtain and other available,https://www.99acres.com/1-bhk-bedroom-apartment-flat-for-sale-in-janaadhar-mangala-pratap-pura-gandhinagar-344-sqft-spid-B85670362,1.0,1.0,1.0,,,,Kalol,,Unknown,1,False,True,False,apartment,0.0,0.0,4.02535169073515,1.0,15967.0
"Studio Apartments / 1 RK Flatsin Kalyanpura, Kalol, Gandhinagar","Kalyanpura, Kalol, Gandhinagar",15.0,2727.2727272727275,550.0,,https://www.99acres.com/studio-apartment-flat-for-sale-in-kalyanpura-gandhinagar-20-sqft-spid-P85635236,1.0,1.0,1.0,,,,Kalol,,Unknown,1,False,True,False,apartment,,,2.772588722239781,1.0,2727.0
"2 BHK Flatin Sargasan, Gandhinagar","Sargasan, Gandhinagar",72.0,5442.0,1323.0,,https://www.99acres.com/2-bhk-bedroom-apartment-flat-for-sale-in-saundarya-444-sargasan-gandhinagar-1323-sqft-spid-C85632178,2.0,2.0,1.0,,,,Sargasan,,Unknown,1,False,True,False,apartment,,,4.290459441148391,2.0,5442.0
"3 BHK Flatin Urjanagar 1, Randesan, Gandhinagar","Urjanagar 1, Randesan, Gandhinagar",70.0,4072.0,1719.0,"Looking for a 3 bhk property for sale in gandhinagar? Buy this shukan silver 3 bhk flat in shukan silver that is situated in kudasan, gandhinagar. The floor plan additionally contains 3 bedroom(s), 3 bathrooms and 2 balconies. All in all, the flat is spread over a super built up area of 191 sq.Yards. This flat lies on the 6th level of a 8 storey building. Being a ready to move project, you can ...",https://www.99acres.com/3-bhk-bedroom-apartment-flat-for-sale-in-shukan-silver-urjanagar-1-gandhinagar-1719-sqft-spid-D85624488,3.0,3.0,2.0,6.0,8.0,,Randesan,,New,1,False,True,False,apartment,0.0,0.0,4.2626798770413155,3.0,4072.0
"3 BHK Flatin Sargasan, Gandhinagar","Sargasan, Gandhinagar",75.0,4480.0,1674.0,"Prime location, culturally strong families stay there,only 80 flats,easy to maintain, worth investing as well as living.",https://www.99acres.com/3-bhk-bedroom-apartment-flat-for-sale-in-sargasan-gandhinagar-1674-sqft-spid-X85548522,3.0,3.0,1.0,,,,Sargasan,,Unknown,1,False,False,True,apartment,0.0,0.0,4.330733340286331,3.0,4480.0
"3 BHK Flatin Vavol, Gandhinagar","Vavol, Gandhinagar",72.0,3810.0,1890.0,,https://www.99acres.com/3-bhk-bedroom-apartment-flat-for-sale-in-vavol-gandhinagar-1890-sqft-spid-O85538042,3.0,3.0,2.0,,,,Vavol,,Unknown,1,False,False,True,apartment,,,4.290459441148391,3.0,3810.0
"1 BHK Flatin Adalaj, Gandhinagar","Adalaj, Gandhinagar",26.0,3611.0,720.0,"Property for urgent sale in devanand prisar-2 Spacious and well-Maintained 1bhk flat available for quick sale at devanand prisar-2. The flat is located on the 2nd floor (U-202) out of 3 floors and has a built-Up area of 80 var (Approx. 720 sq.Ft.). Clear title with all documents verified Ready to move property Currently generating 8,000/month rent (Ideal for investors) Discounted price for quic...",https://www.99acres.com/1-bhk-bedroom-apartment-flat-for-sale-in-gandhinagar-720-sq-ft-spid-E85498630,1.0,1.0,1.0,2.0,3.0,unfurnished,Adalaj,,New,1,False,True,False,apartment,0.0,0.0,3.295836866004329,1.0,3611.0
"2 BHK Flatin Vavol, Gandhinagar","Vavol, Gandhinagar",38.0,4208.0,902.97,U can visit property any time by informing me. .And u can call on mobile number,https://www.99acres.com/2-bhk-bedroom-apartment-flat-for-sale-in-snkj-siddharth-residency-vavol-gandhinagar-903-sqft-spid-J85493452,2.0,2.0,1.0,,,,Vavol,,Unknown,1,False,False,True,apartment,0.0,0.0,3.6635616461296463,2.0,4208.0
"2 BHK Flatin Randesan, Gandhinagar","Randesan, Gandhinagar",55.0,5000.0,1100.0,1100 sq. Ft. Fully furnished with modern furniture & all electronics - Samsung led tv - Samsung double door fridge ...,https://www.99acres.com/2-bhk-bedroom-apartment-flat-for-sale-in-satyamev-riviera-randesan-gandhinagar-1100-sqft-spid-L85458630,2.0,2.0,1.0,,,furnished,Randesan,,Unknown,1,False,False,True,apartment,0.0,0.0,4.02535169073515,2.0,5000.0
"3 BHK Builder Floorin Sargasan, Gandhinagar","Sargasan, Gandhinagar",95.0,4139.0,2295.0,"Property is unique because it offers exclusive, thoughtfully designed living spaces with features that set it apart, such as: Zero common walls ensuring complete privacy and no borrowed sunlight. Huge running balconies unmatched in size for this segment, creating private horizons for relaxation. Two master bedrooms per unit a rare layout for added comfort. Private foyers in each home enhancing ...",https://www.99acres.com/3-bhk-bedroom-independent-builder-floor-for-sale-in-sargasan-gandhinagar-2295-sqft-spid-S85452916,2.0,2.0,1.0,,,,Sargasan,,New,0,False,True,False,apartment,0.0,0.0,4.564348191467836,3.0,4139.0
"2 BHK Flatin Kalol, Gandhinagar","Kalol, Gandhinagar",28.0,2150.0,1302.4319,,https://www.99acres.com/2-bhk-bedroom-apartment-flat-for-sale-in-maruti-shyam-heights-kalol-gandhinagar-121-sqft-spid-F85452000,2.0,2.0,1.0,,,,Kalol,,Unknown,1,True,False,False,apartment,,,3.367295829986474,2.0,2150.0
"2 BHK Flatin Sargasan, Gandhinagar","Sargasan, Gandhinagar",39.0,3980.0,980.0,,https://www.99acres.com/2-bhk-bedroom-apartment-flat-for-sale-in-shree-rang-nano-city-1-and-2-sargasan-gandhinagar-980-sqft-spid-A85428422,2.0,2.0,1.0,,,,Sargasan,,Unknown,1,False,False,True,apartment,,,3.6888794541139363,2.0,3980.0
"2 BHK Flatin Pethapur, Gandhinagar","Pethapur, Gandhinagar",42.0,7000.0,600.0,,https://www.99acres.com/2-bhk-bedroom-apartment-flat-for-sale-in-shiv-siddheshwari-gold-pethapur-gandhinagar-600-sqft-spid-B85356202,2.0,2.0,1.0,,,,Pethapur,,Unknown,1,False,True,False,apartment,,,3.7612001156935624,2.0,7000.0
"2 BHK Flatin Sector 21, Gandhinagar","Sector 21, Gandhinagar",67.0,8892.0,753.47,"Perfect location just off the main road, with a temple next door, school and hospital nearby a home that keeps everything within easy reach",https://www.99acres.com/2-bhk-bedroom-apartment-flat-for-sale-in-sector-21-gandhinagar-753-sqft-spid-W84855952,2.0,2.0,1.0,,,,Sector 21,,Unknown,0,False,True,False,apartment,2.0,2.0,4.219507705176107,2.0,8892.0
"2 BHK Flatin Koba, Gandhinagar","Koba, Gandhinagar",46.5,2959.0,1571.5294,"3 flats on one floor, near petrol pump, near pdpu road and koba-Gandhinagar highway",https://www.99acres.com/2-bhk-bedroom-apartment-flat-for-sale-in-psy-pramukh-elegance-koba-gandhinagar-146-sqft-r1-spid-M80643709,2.0,2.0,1.0,,,,Koba,,Unknown,1,False,True,False,apartment,0.0,0.0,3.8607297110405954,2.0,2959.0
"3 BHK Flatin Raysan, Gandhinagar","Raysan, Gandhinagar",92.0,4822.0,1908.0,"We are the proud owners of this 3 bhk apartment available in radhe imperial sky, raysan, gandhinagar. This it is a and the unit is located on 5th floor and has a super built-Up area of 212 sq.Yards. It has 3 bathroom(s) and 2 balcony(s). The ownership is freehold type.",https://www.99acres.com/3-bhk-bedroom-apartment-flat-for-sale-in-radhe-imperial-sky-raysan-gandhinagar-1908-sq-ft-spid-D84824764,3.0,3.0,2.0,5.0,,,Raysan,,New,1,False,False,True,apartment,0.0,0.0,4.532599493153256,3.0,4822.0
"3 BHK Flatin Kudasan, Gandhinagar","Kudasan, Gandhinagar",85.0,4607.0,1845.0,"This lovely 3 bhk apartment/flat in kudasan is available for sale in one of gandhinagar's most popular projects, srifal height. Containing 3 bedroom(s), 3 bathrooms , this flat is spread over a carpet area of 205 sq.Yards. This flat lies on the 6th level of a 8 storey building. An added advantage of this 10+ years old flat is that it is available for immediate possession as the project is alrea...",https://www.99acres.com/3-bhk-bedroom-apartment-flat-for-sale-in-kudasan-gandhinagar-1845-sq-ft-spid-Q84471784,3.0,3.0,1.0,6.0,8.0,,Kudasan,,10-20 years,1,False,True,False,apartment,0.0,0.0,4.454347296253507,3.0,4607.0
"3 BHK Flatin Raysan, Gandhinagar","Raysan, Gandhinagar",92.0,4822.0,1908.0,"We are the proud owners of this 3 bhk apartment available in radhe imperial sky, raysan, gandhinagar. This it is a and the unit is located on 5th floor and has a super built-Up area of 212 sq.Yards. It has 3 bathroom(s). The ownership is freehold type.",https://www.99acres.com/3-bhk-bedroom-apartment-flat-for-sale-in-radhe-imperial-sky-raysan-gandhinagar-1908-sqft-spid-E84438256,3.0,3.0,1.0,5.0,,,Raysan,,New,1,False,False,True,apartment,0.0,0.0,4.532599493153256,3.0,4822.0
"3 BHK Flatin Raysan, Gandhinagar","Raysan, Gandhinagar",92.0,4822.0,1908.0,"We are the proud owners of this 3 bhk apartment available in radhe imperial sky, raysan, gandhinagar. This it is a and the unit is located on 5th floor and has a carpet area of 212 sq.Yards. It has 3 bathroom(s) and 3 balcony(s). The ownership is freehold type.",https://www.99acres.com/3-bhk-bedroom-apartment-flat-for-sale-in-radhe-imperial-sky-raysan-gandhinagar-1908-sq-ft-spid-W84427392,3.0,3.0,3.0,5.0,,,Raysan,,New,1,False,True,False,apartment,0.0,0.0,4.532599493153256,3.0,4822.0
"2 BHK Flatin Vavol, Gandhinagar","Vavol, Gandhinagar",48.0,3840.0,1250.0,,https://www.99acres.com/2-bhk-bedroom-apartment-flat-for-sale-in-vavol-gandhinagar-1250-sqft-spid-E84427266,2.0,2.0,1.0,,,,Vavol,,Unknown,1,False,True,False,apartment,,,3.8918202981106265,2.0,3840.0
"2 BHK Builder Floorin babul, Gandhinagar","babul, Gandhinagar",48.0,10667.0,450.0,"Looking for magnificent 2 bhk builder floors in babul gandhinagar? This property is the best deal for you. Equipped with 2 bedrooms, 2 bathrooms. This property is semi-Furnished. Carpet area of the property is 450 sq.Ft. This builder floor apartment is located at ground floor in a building of total 4 floors. You can plan to move in immediately in this amazing ready to move in builder floor. Thi...",https://www.99acres.com/2-bhk-bedroom-independent-builder-floor-for-sale-in-gandhinagar-450-sq-ft-spid-U84374524,2.0,2.0,1.0,0.0,4.0,semi-furnished,Sector 22,,New,1,False,False,False,builder floor,0.0,0.0,3.8918202981106265,2.0,10667.0
"3 BHK Flatin Koba, Gandhinagar","Koba, Gandhinagar",100.0,5291.0,1890.0,"Full furniture, garden facings, without commercial, only 80 units",https://www.99acres.com/3-bhk-bedroom-apartment-flat-for-sale-in-somnath-devasya-gold-koba-gandhinagar-1890-sqft-spid-B84067372,3.0,3.0,1.0,,,furnished,Koba,Other,New,1,False,True,False,apartment,0.0,0.0,4.61512051684126,3.0,5291.0
"2 BHK Flatin Vavol, Gandhinagar","Vavol, Gandhinagar",40.0,3065.0,1305.0,,https://www.99acres.com/2-bhk-bedroom-apartment-flat-for-sale-in-vavol-gandhinagar-1305-sqft-spid-P83931222,2.0,2.0,1.0,,,,Vavol,,Unknown,1,False,True,False,apartment,,,3.713572066704308,2.0,3065.0
"Residential propertyin Vavol, Gandhinagar","Vavol, Gandhinagar",32.0,3200.0,1000.0,,https://www.99acres.com/other-residential-property-for-sale-in-vavol-gandhinagar-1000-sqft-spid-Y83883628,,1.0,1.0,,,,Vavol,,Unknown,1,False,False,False,apartment,,,3.4965075614664802,2.0,3200.0
"3 BHK Builder Floorin Gift City, Gandhinagar","Gift City, Gandhinagar",90.0,3913.0,2300.0,"This 3 bhk builder floor located in gift city, one of the prime locations in gandhinagar, is available for sale. This builder floor comes with 3 bedrooms, 3 bathrooms . It's an unfurnished property. This builder floor provides you built up area of 2300 sq.Ft. This builder floor is situated at the 3rd floor of 11 floors building. This ready to move apartment is the residence you have been lookin...",https://www.99acres.com/3-bhk-bedroom-independent-builder-floor-for-sale-in-gift-city-gandhinagar-2300-sqft-spid-N83780390,3.0,3.0,2.0,,,,Gift City,,Unknown,1,True,False,False,builder floor,0.0,0.0,4.51085950651685,3.0,3913.0
3 BHK Flatin Gandhinagar Randheja Highway,Gandhinagar Randheja Highway,78.0,3852.0,2025.0,Vastu compliance Nature friendly Good community Highway touch,https://www.99acres.com/3-bhk-bedroom-apartment-flat-for-sale-in-bansari-greencity-gandhinagar-2025-sqft-spid-L83616222,3.0,3.0,3.0,,,,Randheja,,Unknown,1,False,True,False,apartment,0.0,0.0,4.3694478524670215,3.0,3852.0
"2 BHK Flatin Sargasan, Gandhinagar","Sargasan, Gandhinagar",49.0,6980.0,702.0,"Furnished 2bhk apartment including all electronics-Samsung convertible double door refrigerator, lg inverter washing machine, tv, ac,ro, two geysers etc. Road facing- East direction-Sunrise view from all rooms. Society amenities- Gym, swimming pool, garden, play area ready to move.",https://www.99acres.com/2-bhk-bedroom-apartment-flat-for-sale-in-swagat-afford-sargasan-gandhinagar-702-sqft-spid-E83395362,2.0,2.0,1.0,,,,Sargasan,,Unknown,1,False,True,False,apartment,0.0,0.0,3.912023005428146,2.0,6980.0
