Name,Location,Price (INR in Lakhs),Price_per_sqft,Area_sqft,Description,Property_URL,bedrooms,bathrooms,balconies,current_floor,total_floors,furnishing_status,Mapped_Area,facing,property_age_bucket,is_ready_to_move,is_built_up_area,is_carpet_area,is_super_built_up_area,property_type,luxury_score,location_advantage_score
"4 Bedroom Housein Sector 3C Gandhinagar, SG Highway","Sector 3C Gandhinagar, SG Highway",210.0,21605.0,972.0,"Construction g+2 (3 flor )
4 badroom 
2 kitchen 
Property highlights 
East facing, 3 side open property, vetrified flooring, 
Only 2 years,
24 hour water and electricity 
B.U permission approved 
12 meter road
Fully furnished 
4 a.C
Solar system",https://www.99acres.com/4-bhk-bedroom-independent-house-villa-for-sale-in-sector-3c-gandhinagar-972-sqft-spid-K90465736,4.0,3.0,2.0,,,furnished,Sector 3,East,Unknown,0,False,False,False,house,5.0,0.0
"6 Bedroom Housein Palodia, Gandhinagar","Palodia, Gandhinagar",800.0,13488.0,5931.0,"This 6 bhk house for sale in palodia, a well planned locality in gandhinagar, is ideal for a family that is looking for complete peace of mind. Containing 6 bedrooms, 6 bathrooms and 1 balcony, this independent house is spread over a super built up area of 659 sq.Yards. The owner of the house also gets 2 open parking slot(s) to park their car safely. Another added advantage of this 1-5 years ol...",https://www.99acres.com/6-bhk-bedroom-independent-house-villa-for-sale-in-palodia-ahmedabad-west-5931-sqft-spid-V88747806,6.0,6.0,1.0,,,,Palodia,,1-5 years,1,False,False,False,house,0.0,0.0
"3 Bedroom Housein Raysan, Gandhinagar","Raysan, Gandhinagar",280.0,15556.0,1800.0,"Vrundavan bungalows-2 in raysan, gandhinagar is a peaceful residential bungalow society offering independent homes with spacious layouts and family-Friendly surroundings. The project is ideal for those looking for privacy, open space and comfortable living in a developing premium area. Bungalows are designed with proper ventilation, natural light and private parking facilities. Located near pdp...",https://www.99acres.com/3-bhk-bedroom-independent-house-villa-for-sale-in-raysan-gandhinagar-1800-sqft-spid-O90920016,3.0,3.0,1.0,,,,Raysan,,Unknown,1,False,False,False,villa,0.0,5.0
"5 Bedroom Housein Pethapur, Gandhinagar","Pethapur, Gandhinagar",200.0,9789.0,2043.0,"Pethapur is one of gandhinagar's most sought after destination for residential houses and this siddhivinayak bunglows 5 bhk house in pethapur is your opportunity to be a part of this community. This house occupies a super built up area of 227 sq.Yards and contains 5 bedrooms, 5 bathrooms and 1 balcony. Your vehicle(s) can be easily parked as this house comes with 1 covered and 1 open parking. A...",https://www.99acres.com/5-bhk-bedroom-independent-house-villa-for-sale-in-pethapur-gandhinagar-2043-sqft-spid-A90784234,5.0,5.0,1.0,,,,Pethapur,,New,1,False,False,False,villa,0.0,0.0
"5 Bedroom Housein Koba, Gandhinagar","Koba, Gandhinagar",650.0,22569.0,2880.0,"Looking to buy a twin bunglows in gandhinagar? Do check out this saharsh villa 5 bhk house in koba, which is an ideal choice for a family. Constructed on a plot area of 320 sq.Yards, this house comprises 5 bedrooms, 5 bathrooms and 2 balconies. The owner of the house also gets 1 covered parking slot(s) to park their car safely. Being a ready to move house, you can expect immediate possession of...",https://www.99acres.com/5-bhk-bedroom-independent-house-villa-for-sale-in-koba-gandhinagar-2880-sqft-spid-S90507082,5.0,5.0,2.0,,,unfurnished,Koba,,New,1,False,False,False,villa,0.0,0.0
"5 Bedroom Housein Kudasan, Gandhinagar","Kudasan, Gandhinagar",335.0,25702.0,1303.0,"Presenting an exceptional corner bungalow located in one of the most prestigious and well-Connected neighborhoods, near podar international school. This prime property enjoys a strategic main road position, offering unmatched visibility, accessibility, and convenience. Surrounded by premium residential communities and thriving commercial hubs, the bungalow is within walking distance of leading ...",https://www.99acres.com/5-bhk-bedroom-independent-house-villa-for-sale-in-kudasan-gandhinagar-1773-sq-ft-spid-S88763940,5.0,5.0,2.0,,,,Kudasan,,New,1,False,False,False,villa,2.0,1.0
"3 Bedroom Housein Sector 29, Gandhinagar","Sector 29, Gandhinagar",625.0,12401.0,5040.0,"Wishing to settle down in an individual house with your family? This bunglows for sell well-Built and spacious 3 bhk house for sale in sector 29 gandhinagar seems to be an ideal choice for a peaceful abode for a family. Containing 3 bedrooms and 3 bathrooms, this independent house is spread over a plot area of 560 sq.Yards. There is 1 covered parking available with this house. Another added adv...",https://www.99acres.com/3-bhk-bedroom-independent-house-villa-for-sale-in-sector-29-gandhinagar-5040-sqft-spid-P89741616,3.0,3.0,2.0,,,,Sector 29,,New,1,False,False,False,villa,0.0,0.0
"4 Bedroom Housein Vavol, Gandhinagar","Vavol, Gandhinagar",275.0,11843.0,2322.0,"Independent house for sale in sector 28, gandhinagar true premium living Experience the freedom of independent living with this spacious home located in the prime residential area of sector 28, gandhinagar. Designed for families who value privacy, space, and ownership, this property offers a lifestyle beyond apartment living. Property overview Plot area: 258 sq.Yd 4 bedrooms",https://www.99acres.com/4-bhk-bedroom-independent-house-villa-for-sale-in-vavol-gandhinagar-2322-sq-ft-spid-S90749582,4.0,4.0,2.0,,,,Vavol,,New,1,False,False,False,house,0.0,0.0
"4 Bedroom Housein Koba, Gandhinagar","Koba, Gandhinagar",300.0,10101.0,1980.0,"A premium 330 sq. Yd bungalow in devshrut villa, koba offers luxurious and spacious living in one of gandhinagars most sought-After locations.The property features well-Designed interiors, large rooms, and excellent ventilation with ample natural light. Situated near key connectivity routes, it provides easy access to ahmedabad and gift city.",https://www.99acres.com/4-bhk-bedroom-independent-house-villa-for-sale-in-waterstone-devshrut-villa-koba-gandhinagar-2970-sqft-spid-M90894056,4.0,4.0,2.0,,,,Koba,,Unknown,1,False,False,False,villa,0.0,5.0
"5 Bedroom Housein Dahegam, Gandhinagar","Dahegam, Gandhinagar",141.0,7756.0,1818.0,"On the lookout for a spacious house in gandhinagar? Go for this shubhvastu villa 5 bhk house for sale in dahegam, a well-Connected locality within gandhinagar. This house occupies a super built up area of 202 sq.Yards and contains 5 bedrooms, 4 bathrooms and more than 3 balconies. There is 1 open parking available with this house. Another added advantage of this 5 years old house is that it is ...",https://www.99acres.com/5-bhk-bedroom-independent-house-villa-for-sale-in-dhegam-gandhinagar-1818-sqft-spid-E89637544,5.0,4.0,3.0,,,unfurnished,Dahegam,,Unknown,1,False,False,False,villa,0.0,0.0
"5 Bedroom Housein Raysan, Gandhinagar","Raysan, Gandhinagar",550.0,16606.0,3312.0,Pdpu collage -1 km Metro-1 km Hospital hmvs.2 km Riverfront -200 mtr,https://www.99acres.com/5-bhk-bedroom-independent-house-villa-for-sale-in-raysan-gandhinagar-3312-sqft-spid-R91268984,5.0,5.0,2.0,,,,Raysan,,New,1,False,False,False,house,0.0,10.0
"5 Bedroom Housein Raysan, Gandhinagar","Raysan, Gandhinagar",330.0,17460.0,1890.0,Riverfront -200 mtr B.U.Permission Pdpu collage -1 km Metro -1 km Bhaijipura market With dastavej including 0nly 11 bunglow Sepret parking and common parking,https://www.99acres.com/5-bhk-bedroom-independent-house-villa-for-sale-in-vrundavan-homes-raysan-gandhinagar-1890-sqft-spid-G90814508,0.0,1.0,0.0,,,,Raysan,,New,1,False,False,False,villa,6.0,4.0
"3 BHK Flatin Sargasan, Gandhinagar","Sargasan, Gandhinagar",70.0,4630.0,1512.0,"The shukan villa flat is over 168 sq.Yards super built up area and comes with 3 bedrooms, 2 bathrooms and 2 balconies. The property is located on the 5th floor of a 5 floors tall building. Being a ready to move project, you can expect immediate possession of this 12 years old property. Na/noc available.",https://www.99acres.com/3-bhk-bedroom-apartment-flat-for-sale-in-sargasan-gandhinagar-1512-sqft-spid-P90658918,3.0,2.0,2.0,5.0,5.0,,Sargasan,,Unknown,1,False,False,True,villa,2.0,0.0
"4 Bedroom Housein Sargasan, Gandhinagar","Sargasan, Gandhinagar",300.0,123456.0,243.0,"Sargasan is one of gandhinagar's most sought after destination for residential houses and this 4 bhk house in sargasan is your opportunity to be a part of this community. This house occupies a super built up area of 243 sq.Ft. And contains 4 bedrooms, 3 bathrooms and 2 balconies. This 4 bhk house comes attached with 1 covered and 1 open parking for your vehicle(s). This is a ready to move house...",https://www.99acres.com/4-bhk-bedroom-independent-house-villa-for-sale-in-parijat-homes-sargasan-gandhinagar-243-sqft-spid-Q90439888,4.0,3.0,2.0,,,unfurnished,Sargasan,,New,1,False,False,False,house,0.0,0.0
"4 Bedroom Housein Dahegam, Gandhinagar","Dahegam, Gandhinagar",161.0,12006.0,1782.0,1)club house 2)garden area 3)children play area 4)1 car allotted 5)2 two wheeler parking allotted 6)fully air circulation area 7)24 hrs water 8)cctv 9)security 10)pic and drop facility 11)developing area 12) plastic colour paint 13) kitchen & hall fully furnishing. 14) specious bungalow 15) servent entry 16) solar water heater.,https://www.99acres.com/4-bhk-bedroom-independent-house-villa-for-sale-in-rudra-shivalay-white-house-dhegam-gandhinagar-1782-sqft-r1-spid-W84645078,0.0,1.0,0.0,,,furnished,Dahegam,,Unknown,1,False,False,False,villa,11.0,0.0
"3 Bedroom Housein Mansa, Gandhinagar","Mansa, Gandhinagar",75.0,6696.0,1119.456,"Available by 2029, this under-Construction 3 bhk independent villa in keshav aaradhyam, mansa, gandhinagar offers 1120 sqft of well-Planned space with 3 bedrooms and 3 bathrooms. The residential property is unfurnished and ideal for those seeking proximity to multiple hospitals, including yashasvi eye hospital and shivam surgical hospital.",https://www.99acres.com/3-bhk-bedroom-independent-house-villa-for-sale-in-mansa-gandhinagar-1120-sqft-spid-E91290778,3.0,3.0,2.0,,,unfurnished,Mansa,,New,0,False,False,False,villa,0.0,1.0
"4 Bedroom Housein Vasana Hadmatia, Sargasan","Vasana Hadmatia, Sargasan",330.0,26539.0,1410.0839999999998,"Located in vasana hadmatia, sargasan, gandhinagar, this 4 bhk independent house spans 1413 sqft across multiple floors. With 4 bedrooms and 3 bathrooms, the 10+ year old villa is furnished and available immediately. Nearby religious sites include shree mahakali mataji, swaminarayan, and gayatri mandir, adding cultural value to this residential sale.",https://www.99acres.com/4-bhk-bedroom-independent-house-villa-for-sale-in-vasana-hadmatia-gandhinagar-1413-sqft-r1-spid-N91033046,4.0,3.0,2.0,,,furnished,Sargasan,,10-20 years,1,False,False,False,villa,10.0,10.0
"Residential propertyin Mansa, Gandhinagar","Mansa, Gandhinagar",27.0,2109.0,1280.0,"Ready for immediate possession, this 1-5 year old residential property in mansa, gandhinagar offers 1280 sq ft of spacious living. Located near several hospitals like yashasvi eye hospital and shivam surgical hospital, it ensures convenience and peace of mind. The property type is classified as other and is ideal for buyers seeking a well-Positioned home in a developing area.",https://www.99acres.com/other-residential-property-for-sale-in-mansa-gandhinagar-1280-sqft-spid-E91238786,0.0,0.0,0.0,,,,Mansa,,1-5 years,1,False,False,False,house,0.0,1.0
"4 Bedroom Housein Vasana Hadmatia, Sargasan","Vasana Hadmatia, Sargasan",415.00000000000006,18444.0,2249.676,"Open from 3 side, vaastu complaint north facing entry and south east kitchen.Available for immediate sale, this 4 bhk independent house in vasana hadmatia, sargasan, gandhinagar offers 2250 sqft of well-Maintained living space. Featuring 4 bedrooms and 4 bathrooms across its layout, the 10+ year old villa is unfurnished and benefits from proximity to several religious sites including shree maha...",https://www.99acres.com/4-bhk-bedroom-independent-house-villa-for-sale-in-vasana-hadmatia-gandhinagar-2475-sqft-spid-P91189868,4.0,4.0,2.0,,,unfurnished,Sargasan,North,10-20 years,1,False,False,False,villa,3.0,1.0
"5 Bedroom Housein Vasana Hadmatia, Sargasan","Vasana Hadmatia, Sargasan",375.0,26539.0,1413.0,"Premium 5 bhk independent house for sale in sargasan, gandhinagar Experience luxury living in one of gandhinagars fastest-Growing and most sought-After residential locations sargasan. This beautifully designed 5-Bedroom, 3-Bathroom house offers the perfect combination of comfort, connectivity, and future investment potential. Property highlights: - Spacious 5 bedrooms with excellent ventilation...",https://www.99acres.com/5-bhk-bedroom-independent-house-villa-for-sale-in-vasana-hadmatia-gandhinagar-1413-sqft-r2-spid-F91033212,5.0,3.0,2.0,,,,Sargasan,,New,1,False,False,False,house,0.0,0.0
"2 Bedroom Housein Sardar Patel Ring Road, Gandhinagar","Sardar Patel Ring Road, Gandhinagar",35.0,25000.0,140.0,"Good property, locality area , nearest shop & all amenities good",https://www.99acres.com/2-bhk-bedroom-independent-house-villa-for-sale-in-adira-royal-rejoice-2-sardar-patel-ring-road-gandhinagar-140-sqft-spid-L91124190,2.0,2.0,2.0,,,,SP Ring Road,,Unknown,1,False,False,False,house,0.0,0.0
"4 Bedroom Housein Raysan, Gandhinagar","Raysan, Gandhinagar",200.0,95238.0,215.28,"This 4 bhk independent house in raysan, gandhinagar offers 210 sqft of well-Planned space, featuring 4 bedrooms and 4 bathrooms. Built 5-10 years ago, the villa is available immediately and comes unfurnished. Located near multiple hospitals and infocity, it combines convenience with comfort on a quiet floor.",https://www.99acres.com/4-bhk-bedroom-independent-house-villa-for-sale-in-raysan-gandhinagar-210-sqft-spid-R90934376,4.0,4.0,2.0,,,unfurnished,Raysan,,5-10 years,1,False,False,False,villa,0.0,5.0
"1 Bedroom Housein Uvarsad, Gandhinagar","Uvarsad, Gandhinagar",17.0,3541.0,484.38,"Located in vankarvas, uvarsad, gandhinagar, this 1 bhk independent house spans 480 sqft and is available for immediate sale. Over 10 years old, the home features one bedroom and one bathroom, offering a practical layout on a single floor. The property is unfurnished, ideal for customizing your living space in a peaceful neighborhood.",https://www.99acres.com/1-bhk-bedroom-independent-house-villa-for-sale-in-uvarsad-gandhinagar-480-sqft-spid-B90928750,1.0,1.0,1.0,1.0,1.0,unfurnished,Uvarsad,,10-20 years,1,False,False,False,house,0.0,0.0
"4 Bedroom Housein Dahegam, Gandhinagar","Dahegam, Gandhinagar",153.0,9883.0,1548.0,"17, shivalay white house Near shree umiya mataji temple New satellite road Dahegam-Ahmedabad road 4 bhk luxurious bungalow 495 var bandhkam 3 floor Hall size : 19.9 x 17.7 Osize : 21.8 x 11.6 Bedroom size : 18.5 x 11 Bedroom size : 21.8 x 11.6 Bedroom size : 11 x 11.8 Kitchen size : 17 x 10 Toilet size : 15.6 x7 Toilet size : 15.6 x 7 Toilet size : 10.8 x 7 Toilet size : 7 x 4 Toilet size : 6 x...",https://www.99acres.com/4-bhk-bedroom-independent-house-villa-for-sale-in-rudra-shivalay-white-house-dhegam-gandhinagar-4455-sqft-spid-J90921388,4.0,5.0,2.0,,3.0,,Dahegam,,New,1,False,False,False,villa,0.0,0.0
"6 Bedroom Housein Panchvati, Kalol, Gandhinagar","Panchvati, Kalol, Gandhinagar",105.0,7556.0,1125.0,,https://www.99acres.com/6-bhk-bedroom-independent-house-villa-for-sale-in-panchvati-gandhinagar-1125-sqft-r1-spid-P85605882,6.0,6.0,3.0,,,,Kalol,,Unknown,1,False,False,False,house,,
"3 Bedroom Housein Pethapur, Gandhinagar","Pethapur, Gandhinagar",85.0,9941.0,855.0,"Located in pethapur gandhinagar ,society managed and all basic needs easily available in nearby area",https://www.99acres.com/3-bhk-bedroom-independent-house-villa-for-sale-in-pethapur-gandhinagar-855-sqft-r1-spid-P76952725,3.0,3.0,2.0,,,,Pethapur,,Unknown,1,False,False,False,house,0.0,0.0
"3 Bedroom Housein Randheja, Gandhinagar","Randheja, Gandhinagar",115.0,6326.0,1818.0,"Wishing to settle down in an individual house with your family? This well-Built and spacious 3 bhk house for sale in randheja, gandhinagar seems to be an ideal choice for a peaceful abode for a family. The floor plan additionally contains 3 bedrooms, 4 bathrooms and 1 balcony. All in all, the independent house is spread over a super built up area of 202 sq.Yards. The owner of the house also get...",https://www.99acres.com/3-bhk-bedroom-independent-house-villa-for-sale-in-randheja-gandhinagar-1818-sqft-spid-V90624176,3.0,4.0,1.0,,,,Randheja,,New,1,False,False,False,house,0.0,0.0
"4 Bedroom Housein Sector 8, Gandhinagar","Sector 8, Gandhinagar",700.0,23569.0,2970.0,Property construction quality is good Primium location Nearby rich community people live Well maintained society Political cabinet mantri government officer business owner Ready move Document title clear,https://www.99acres.com/4-bhk-bedroom-independent-house-villa-for-sale-in-sector-8-gandhinagar-2970-sqft-spid-G90729526,4.0,4.0,3.0,,,,Sector 8,,Unknown,1,False,False,False,house,0.0,0.0
"4 Bedroom Housein Kudasan, Gandhinagar","Kudasan, Gandhinagar",350.0,18258.0,1917.0,The vrundavan bunglows is located at the corner of 2 major highways both are about 100m wide,https://www.99acres.com/4-bhk-bedroom-independent-house-villa-for-sale-in-vrundavan-bunglows-kudasan-gandhinagar-1917-sq-ft-r1-spid-B84699474,4.0,4.0,2.0,,,,Kudasan,,Unknown,1,False,False,False,villa,2.0,3.0
"4 Bedroom Housein Koba, Gandhinagar","Koba, Gandhinagar",291.0,19596.0,1980.0,"This 4 bhk independent villa in koba, gandhinagar offers 1980 sq.Ft. Of well-Designed space, featuring 4 bedrooms and 5 bathrooms. Just 1-5 years old and unfurnished, its available for immediate occupancy. Located near health focus physiotherapy clinic and infocity, it combines convenience with comfort in a sought-After residential area.",https://www.99acres.com/4-bhk-bedroom-independent-house-villa-for-sale-in-koba-gandhinagar-2970-sqft-spid-R90677940,4.0,5.0,2.0,,,unfurnished,Koba,,1-5 years,1,False,False,False,villa,0.0,4.0
"4 Bedroom Housein Raysan, Gandhinagar","Raysan, Gandhinagar",302.0,13427.0,2250.0,"Its only 22 bungalows double road corner property, near to gift city, as well all near by property price is 5.5 cr to 12.5 cr",https://www.99acres.com/4-bhk-bedroom-independent-house-villa-for-sale-in-mahavir-enclave-raysan-gandhinagar-2250-sqft-spid-Q90676788,4.0,4.0,2.0,,,,Raysan,,New,1,False,False,False,villa,2.0,5.0
"5 Bedroom Housein Kalol, Gandhinagar","Kalol, Gandhinagar",125.0,6039.0,2070.0,,https://www.99acres.com/5-bhk-bedroom-independent-house-villa-for-sale-in-kalol-gandhinagar-1890-sqft-spid-D90233282,5.0,5.0,3.0,,,,Kalol,,Unknown,1,False,False,False,house,,
"4 Bedroom Housein Kudasan, Gandhinagar","Kudasan, Gandhinagar",550.0,25347.0,2169.0,"What makes our property unique is that it is a spacious and well-Designed 3-Floor bungalow that offers comfort, privacy, and flexibility for a growing family. Each floor provides ample space, making it ideal for joint families or for creating separate living, work, and guest areas. The bungalow has a strong structure, good natural light, and excellent ventilation throughout the home. Its multi-...",https://www.99acres.com/4-bhk-bedroom-independent-house-villa-for-sale-in-kudasan-gandhinagar-2170-sqft-spid-H90557666,0.0,0.0,0.0,,3.0,,Kudasan,,New,1,False,False,False,villa,0.0,0.0
"3 Bedroom Housein Raysan, Gandhinagar","Raysan, Gandhinagar",321.0,14253.0,2252.0,"We have a house/villa available for sale in raysan, gandhinagar. Available at price of rs 3.21 crores. It has plot area of 2252 sq ft. It has 3.5 bhk, 4 bathroom, 2 balcony.It is a freehold property",https://www.99acres.com/3-bhk-bedroom-independent-house-villa-for-sale-in-mahavir-enclave-raysan-gandhinagar-2252-sqft-spid-N90526352,3.0,4.0,1.0,,,,Raysan,,Unknown,1,False,False,False,house,0.0,0.0
"2 Bedroom Housein Dahegam, Gandhinagar",Natraj TwBunglows,200.0,100000.0,200.0,,https://www.99acres.com/2-bhk-bedroom-independent-house-villa-for-sale-in-natraj-twin-bunglows-dhegam-gandhinagar-200-sq-ft-r1-spid-Z82473844,2.0,2.0,1.0,,,,Dahegam,,Unknown,1,False,False,False,house,,
"4 Bedroom Housein Dahegam, Gandhinagar",Natraj TwBunglows,230.0,112500.0,200.0,,https://www.99acres.com/4-bhk-bedroom-independent-house-villa-for-sale-in-natraj-twin-bunglows-dhegam-gandhinagar-200-sq-ft-r1-spid-W82479054,4.0,4.0,2.0,,,,Dahegam,,Unknown,1,False,False,False,house,,
"2 Bedroom Housein Ambapur, Gandhinagar","Ambapur, Gandhinagar",85.0,4393.0,1935.0,Ambapur main road touch society and near by adalaj and gandhinagar city.,https://www.99acres.com/2-bhk-bedroom-independent-house-villa-for-sale-in-ambapur-ahmedabad-north-1935-sqft-spid-R90142912,2.0,2.0,1.0,,,,Ambapur,,Unknown,1,False,False,False,house,2.0,10.0
"4 Bedroom Housein Alampur, Gandhinagar","Alampur, Gandhinagar",950.0,47500.0,2000.0,,https://www.99acres.com/4-bhk-bedroom-independent-house-villa-for-sale-in-shraddha-residency-alampur-gandhinagar-2000-sqft-spid-X90000286,4.0,3.0,4.0,,,,Alampur,,Unknown,1,False,False,False,house,,
"5 Bedroom Housein Sector 22, Gandhinagar","Sector 22, Gandhinagar",540.0,15707.0,3438.0,"This 4 bhk house for sale in sector 22 gandhinagar is an ideal abode for a family. Even better, it is situated in one of the prominent localities of gandhinagar. The house has over super built up area of 382 sq.Yards and comes with 4 bedrooms, 4 bathrooms and 1 balcony. This 4 bhk house comes attached with 1 covered and 3 open parking for your vehicle(s). This 10+ years old property is availabl...",https://www.99acres.com/5-bhk-bedroom-independent-house-villa-for-sale-in-sector-22-gandhinagar-3879-sqft-spid-M89935808,4.0,4.0,1.0,,,,Sector 22,,10-20 years,1,False,False,False,house,0.0,0.0
"2 Bedroom Housein Sargasan, Gandhinagar","Sargasan, Gandhinagar",200.0,13387.0,1494.0,"Planning to buy an individual house in gandhinagar. Then you should definitely check out this 2 bhk house for sale in sargasan, a well-Planned and well-Connected locality in gandhinagar. The house has over super built up area of 166 sq.Yards and comes with 2 bedrooms, 2 bathrooms and 1 balcony. The houses comes with dedicated 2 covered and 1 open parking space(s) where you can easily park your ...",https://www.99acres.com/2-bhk-bedroom-independent-house-villa-for-sale-in-sargasan-gandhinagar-1494-sqft-spid-S89753574,2.0,2.0,1.0,,,,Sargasan,,New,1,False,False,False,house,0.0,0.0
"5 Bedroom Housein Mahudi, Gandhinagar","Mahudi, Gandhinagar",60.0,2380.0,2520.0,"Looking for buyer to purchase our house/villa available for sale in mahudi, gandhinagar. Available at price of rs 60 lacs. It has plot area of 2520 sq ft. It has 5 bhk, 2 bathroom, 4 balcony.It is a power of attorney property",https://www.99acres.com/5-bhk-bedroom-independent-house-villa-for-sale-in-mahudi-gandhinagar-2520-sqft-spid-T89137135,5.0,2.0,4.0,,,,Mansa,,New,1,False,False,False,villa,0.0,0.0
"2 Bedroom Housein Juna chora, Gandhinagar","Juna chora, Gandhinagar",35.0,4504.0,777.0,"Located in juna chora, gandhinagar, this 2 bhk independent house offers 777 sq.Ft. Of well-Laid space with 2 bedrooms and 2 bathrooms. Over 10 years old, the villa is available immediately and comes unfurnished. Situated on a convenient floor, it presents a practical residential sale opportunity at rs 35 lac.",https://www.99acres.com/2-bhk-bedroom-independent-house-villa-for-sale-in-gandhinagar-777-sqft-spid-I89072974,2.0,2.0,1.0,,,unfurnished,Kalol,,10-20 years,1,False,False,False,house,0.0,0.0
"3 Bedroom Housein Sector 2B Gandhinagar, SG Highway","Sector 2B Gandhinagar, SG Highway",220.00000000000003,22710.0,968.0,"Do you wish to buy an independent house in sector 2b gandhinagar. This 3 bhk house looks like an ideal choice for somebody looking for peace of mind. This house occupies a super built up area of 90 sq.M. And contains 3 bedrooms, 4 bathrooms and 2 balconies. The owner of the house also gets 2 covered and 1 open parking slot(s) to park their car safely. Being a ready to move house, you can expect...",https://www.99acres.com/3-bhk-bedroom-independent-house-villa-for-sale-in-sector-2b-gandhinagar-969-sqft-spid-U88922396,3.0,4.0,2.0,,,unfurnished,Sector 2,,New,1,False,False,False,house,0.0,0.0
"4 Bedroom Housein Vavol, Gandhinagar","Vavol, Gandhinagar",200.0,15326.0,1305.0,"This 4 bhk independent villa at tatva villas, vavol, gandhinagar, offers 145 sq.Ft. Of living space across multiple floors in a 10+ year old property. Available immediately, it features 4 bedrooms and 4 bathrooms, unfurnished. Its prime location is near several hospitals, including supreme smile dental and gayatri hospital, ensuring convenience and accessibility.",https://www.99acres.com/4-bhk-bedroom-independent-house-villa-for-sale-in-tatva-villas-vavol-gandhinagar-1305-sqft-spid-N88748344,4.0,4.0,2.0,,,unfurnished,Vavol,,10-20 years,1,False,False,False,villa,0.0,1.0
"1 Bedroom Housein Jethalaj, Gandhinagar","Jethalaj, Gandhinagar",280.0,3963.0,10080.0,,https://www.99acres.com/1-bhk-bedroom-independent-house-villa-for-sale-in-jethalaj-gandhinagar-10080-sqft-spid-X88255302,1.0,1.0,1.0,,,,Kalol,,Unknown,0,False,False,False,house,,
"8 Bedroom Housein Kalol, Gandhinagar","Kalol, Gandhinagar",351.0,9398.0,3735.0,"Twin luxurious duplex bungalows, all over granite mould photo frames , spacious bedrooms and bathrooms, 3 car parking within the plot, north facing main doors, french windows in living area, rcc construction, title clear free hold land with 7/12 extracts in our names, vacant ready to move semi furnished.",https://www.99acres.com/8-bhk-bedroom-independent-house-villa-for-sale-in-kalol-gandhinagar-3735-sqft-r3-spid-F76556453,3.0,3.0,2.0,,,semi-furnished,Kalol,North,New,1,False,False,False,villa,6.0,0.0
"4 Bedroom Housein Kudasan, Gandhinagar","Kudasan, Gandhinagar",300.0,14292.0,2099.0,Hello everyone sell my 4 bhk property gandhinagar pdpu road kudasan urgent sell,https://www.99acres.com/4-bhk-bedroom-independent-house-villa-for-sale-in-kudasan-gandhinagar-2099-sqft-spid-D87426762,4.0,4.0,2.0,,,,Kudasan,,Unknown,1,False,False,False,house,0.0,0.0
"1 Bedroom Housein Dahegam, Gandhinagar","Dahegam, Gandhinagar",100.0,14577.0,686.0,"Ideal for those seeking a peaceful residence, this 1 bhk independent house in hj satyagrah lifestyle, nikol offers 686 sq.Ft. Of living space. Located in ahmedabad east, the 5-10 year old property features 1 bathroom, is immediately available, and comes unfurnished. Proximity to several hospitals ensures convenient healthcare access.",https://www.99acres.com/1-bhk-bedroom-independent-house-villa-for-sale-in-dhegam-gandhinagar-686-sqft-spid-A86467710,1.0,1.0,1.0,,,unfurnished,Dahegam,,5-10 years,1,False,False,False,house,0.0,1.0
"4 Bedroom Housein Kalol, Gandhinagar","Kalol, Gandhinagar",350.0,12545.0,2790.0,"I have a house/villa available for sale in raysan, gandhinagar. Available at price of rs 3.5 crores. It has plot area of 310 sq yards. It has 4 bhk, 4 bathroom, balcony.It is a freehold property",https://www.99acres.com/4-bhk-bedroom-independent-house-villa-for-sale-in-park-view-kalol-gandhinagar-2790-sqft-spid-Z84360532,4.0,4.0,1.0,,,,Kalol,,New,1,False,False,False,villa,0.0,0.0
"4 Bedroom Housein Sargasan, Gandhinagar","Sargasan, Gandhinagar",310.0,19294.0,1606.0,"House located at sargasan circle,all facilities like schools , hospitals ,malls ,main highway connectivity with in 1 km",https://www.99acres.com/4-bhk-bedroom-independent-house-villa-for-sale-in-sargasan-gandhinagar-1607-sq-ft-spid-P84054200,4.0,4.0,2.0,,,,Sargasan,,Unknown,1,False,False,False,house,0.0,7.0
"4 Bedroom Housein Vavol, Gandhinagar","Vavol, Gandhinagar",260.0,111587.0,233.0,"An exceptional 4 bhk furnished villa is available for sale in the exclusive tatva bungalows project, located in the prominent vavol area of gandhinagar. This property, which is ready to move in, presents a magnificent residential opportunity for discerning buyers seeking comfort, luxury, and a prime location.Property specifications this newly constructed villa boasts a generous size with a tota...",https://www.99acres.com/4-bhk-bedroom-independent-house-villa-for-sale-in-tatva-villas-vavol-gandhinagar-233-sqft-r1-spid-R82087826,4.0,4.0,2.0,,,furnished,Vavol,,New,1,False,False,False,villa,0.0,0.0
"4 Bedroom Housein Raysan, Gandhinagar","Raysan, Gandhinagar",300.0,11696.0,2097.0,"Interested to sell independent house/villa.Placed at raysan.Nice semifurnished enhancing decorit has spacious 4 bedrooms and 4 bathrooms. .285.00 sq. Yards(Builtup area) is the area of the propertywant to sell it for rs 30000000.It is a 10 years old property construction.Road touch property, prime location.",https://www.99acres.com/4-bhk-bedroom-independent-house-villa-for-sale-in-ganesh-3-raysan-gandhinagar-2565-sqft-r2-spid-U75949747,4.0,4.0,2.0,,,semi-furnished,Raysan,,10-20 years,1,False,False,False,villa,2.0,0.0
"2 Bedroom Housein Vayana, Kalol, Gandhinagar","Vayana, Kalol, Gandhinagar",63.0,2011.0,3132.0,"Check out this 2 bhk house for sale in karmabumi 1 opp arvind upland,vayna, a popular residential locality that contains many of the in-Demand properties in ahmedabad west. The floor plan additionally contains 2 bedrooms, 2 bathrooms and 2 balconies. All in all, the independent house is spread over a super built up area of 291 sq.M. This 5-10 years old property is available for immediate posses...",https://www.99acres.com/2-bhk-bedroom-independent-house-villa-for-sale-in-vayana-gandhinagar-1453-sqft-spid-P81624407,2.0,2.0,2.0,,,,Kalol,,5-10 years,1,False,False,False,house,0.0,0.0
"4 Bedroom Housein Sargasan, Gandhinagar","Sargasan, Gandhinagar",325.0,18056.0,1800.0,"Wonderful 2012 home in a posh location just freshened up with new garden, available for sale corner plot of the society utmost care followed during the construction, this is a very special home with 100% vasthu care taken sufficient parking place available, updated most useful condition of flooring, electric, and plumbing. A very special home that is move-In ready or can be taken to the next le...",https://www.99acres.com/4-bhk-bedroom-independent-house-villa-for-sale-in-sargasan-gandhinagar-1980-sqft-spid-Z77099725,0.0,0.0,0.0,,,,Sargasan,,New,1,False,False,False,house,3.0,0.0
"4 Bedroom Housein Sector 23 Gandhinagar, Sector 16 Gandhinagar","Sector 23 Gandhinagar, Sector 16 Gandhinagar",950.0,26745.0,3552.0,"Available for sale individual bungalow. Experience pure nature living with premium lifestyle comfort in a beautifully designed bungalow located in the heart of the city. Constructed with premium quality materials and elegant finishing, this 4-Side open bungalow offers excellent ventilation, abundant natural light, and a peaceful environment for comfortable family living. A perfect combination o...",https://www.99acres.com/4-bhk-bedroom-independent-house-villa-for-sale-in-sector-23-gandhinagar-3552-sqft-spid-Z91089974,3.0,3.0,2.0,,,unfurnished,Sector 16,,New,1,False,False,False,villa,2.0,0.0
"4 Bedroom Housein Vavol, Gandhinagar","Vavol, Gandhinagar",275.0,13227.0,2079.0,Available on sell 4bhk fully furnished bunglow in vavol near by relience smart bazar bunglow plot size 231 sq.Yard and 294 sq.Yard construction 2 car parking and personal garden,https://www.99acres.com/4-bhk-bedroom-independent-house-villa-for-sale-in-tatva-villas-vavol-gandhinagar-2079-sqft-spid-R89531512,4.0,4.0,2.0,,,furnished,Vavol,,New,1,False,False,False,villa,0.0,0.0
"3 Bedroom Housein Dahegam, Gandhinagar","Dahegam, Gandhinagar",225.0,6329.0,3555.0,"Are you planning to buy your dream home? You can consider this well-Built 3 bhk house for sale in dahegam, gandhinagar and make it your new address. This house occupies a built up area of 3555 sq.Ft. And contains 3 bedrooms, 4 bathrooms and 1 balcony. This 3 bhk house comes attached with 1 covered and 1 open parking for your vehicle(s). Moreover, this house is currently under construction and p...",https://www.99acres.com/3-bhk-bedroom-independent-house-villa-for-sale-in-dhegam-gandhinagar-3555-sqft-r3-spid-D83257684,3.0,4.0,1.0,,,,Dahegam,,New,0,True,False,False,house,0.0,0.0
"4 Bedroom Housein Uvarsad, Gandhinagar","Uvarsad, Gandhinagar",400.0,8924.0,4482.0,"Looking to buy an independent house in gandhinagar? Do check out this 4 bhk house in uvarsad, which is an ideal choice for a family. The floor plan additionally contains 4 bedrooms, 4 bathrooms and 3 balconies. All in all, the independent house is spread over a built up area of 4482 sq.Ft. This 4 bhk house comes attached with 3 covered parking for your vehicle(s). This residential property is s...",https://www.99acres.com/4-bhk-bedroom-independent-house-villa-for-sale-in-uvarsad-gandhinagar-4482-sqft-r1-spid-C87621992,4.0,4.0,3.0,,,,Uvarsad,,New,0,True,False,False,house,0.0,0.0
"3 Bedroom Housein Sardar Patel Ring Road, Gandhinagar","Sardar Patel Ring Road, Gandhinagar",380.0,10556.0,3600.0,"Available 3bhk villa bungalow for sale at sentosa greenland, s p ring road, near science city circle.",https://www.99acres.com/3-bhk-bedroom-independent-house-villa-for-sale-in-satyam-sentossa-greenland-sardar-patel-ring-road-gandhinagar-2250-sqft-r2-spid-P88308884,3.0,3.0,3.0,,,,SP Ring Road,,Unknown,1,False,False,False,villa,0.0,0.0
"2 Bedroom Housein Sargasan, Gandhinagar","Sargasan, Gandhinagar",181.0,12569.0,1440.0,,https://www.99acres.com/2-bhk-bedroom-independent-house-villa-for-sale-in-sargasan-gandhinagar-1440-sqft-spid-U90617090,2.0,2.0,1.0,,,,Sargasan,,Unknown,1,False,False,False,house,,
"3 Bedroom Housein Vavol, Gandhinagar","Vavol, Gandhinagar",160.0,11852.0,1350.0,Available on sell 3bhk bunglow in vavol 2 floor available 150 sq.Yard plot and 200 sq.Yard construction prime location near by vavol pundrasan road,https://www.99acres.com/3-bhk-bedroom-independent-house-villa-for-sale-in-krishna-tulsi-bungalows-vavol-gandhinagar-1350-sqft-spid-C87425470,3.0,3.0,2.0,2.0,,,Vavol,,New,1,False,False,False,villa,0.0,0.0
"4 Bedroom Housein Raysan, Gandhinagar","Raysan, Gandhinagar",350.0,11111.0,3150.0,Available on sell 4bhk bunglow in raysan pdpu road 350 sq.Yard plot and 370 sq.Yard construction prime location,https://www.99acres.com/4-bhk-bedroom-independent-house-villa-for-sale-in-sparsh-palace-raysan-gandhinagar-3150-sqft-r1-spid-L88319430,4.0,4.0,2.0,,,,Raysan,,New,1,False,False,False,villa,0.0,0.0
"4 Bedroom Housein Kudasan, Gandhinagar","Kudasan, Gandhinagar",425.0,12694.0,3348.0,"Nakas bungalow in kudasan, gandhinagar is a premium residential bungalow locality offering spacious independent homes with modern layouts and peaceful surroundings. The society is ideal for families looking for privacy, comfort and luxury living in a developed residential area. Bungalows are designed with ample open space, private parking, proper ventilation and natural light for a comfortable ...",https://www.99acres.com/4-bhk-bedroom-independent-house-villa-for-sale-in-kudasan-gandhinagar-2700-sqft-spid-C90940372,4.0,4.0,2.0,,,,Kudasan,,Unknown,1,False,False,False,villa,0.0,0.0
"4 Bedroom Housein Raysan, Gandhinagar","Raysan, Gandhinagar",450.0,15823.0,2844.0,"Omkar bungalows in raysan, gandhinagar is a premium residential bungalow society offering luxurious independent homes with spacious layouts and modern living features. The locality is known for its peaceful environment, wide internal roads and family-Friendly atmosphere, making it ideal for premium residential living. Bungalows are designed with private open spaces, ample parking, excellent ven...",https://www.99acres.com/4-bhk-bedroom-independent-house-villa-for-sale-in-raysan-gandhinagar-3690-sqft-spid-S90932840,4.0,4.0,2.0,,,,Raysan,,Unknown,1,False,False,False,villa,0.0,0.0
"4 Bedroom Housein Raysan, Gandhinagar","Raysan, Gandhinagar",300.0,128755.0,233.0,"Ganesh society in raysan, gandhinagar is a peaceful residential bungalow locality offering independent homes with spacious layouts and comfortable living. The area is well-Developed with internal roads and a family-Friendly environment, making it ideal for end users. Bungalows provide private space, parking and good ventilation with natural light. Located in the fast-Growing raysan area, it enj...",https://www.99acres.com/4-bhk-bedroom-independent-house-villa-for-sale-in-ganesh-3-raysan-gandhinagar-285-sqft-spid-K90913302,4.0,4.0,2.0,,,,Raysan,,Unknown,1,False,False,False,villa,0.0,0.0
"2 Bedroom Housein Kudasan, Gandhinagar","Kudasan, Gandhinagar",211.0,11217.0,1881.0,"Green park in kudasan, gandhinagar is a well-Established residential bungalow locality known for its peaceful surroundings and family-Friendly environment. The area offers independent homes with good space utilization, private parking and open areas, making it ideal for comfortable living. Bungalows are designed with proper ventilation and natural light, ensuring a healthy lifestyle. Located in...",https://www.99acres.com/2-bhk-bedroom-independent-house-villa-for-sale-in-kudasan-gandhinagar-1710-sqft-spid-B90912942,2.0,2.0,1.0,,,,Kudasan,,Unknown,1,False,False,False,villa,0.0,0.0
"4 Bedroom Housein Urjanagar 1, Randesan, Gandhinagar","Urjanagar 1, Randesan, Gandhinagar",350.0,155555.0,225.0,"Urjanagar 1 in randesan, gandhinagar is a well-Established residential bungalow locality known for its peaceful environment and premium low-Density living. The area offers a perfect blend of independent homes, greenery and a secure neighborhood, making it ideal for families. Bungalows are spacious with private open space, parking and good ventilation. Located in the fast-Developing randesan are...",https://www.99acres.com/4-bhk-bedroom-independent-house-villa-for-sale-in-urjanagar-1-gandhinagar-300-sqft-spid-J90911076,4.0,4.0,2.0,,,,Randesan,,Unknown,1,False,False,False,villa,0.0,0.0
"4 Bedroom Housein Raysan, Gandhinagar","Raysan, Gandhinagar",300.0,17544.0,1710.0,"Premium 190 sq. Yd. Bungalow located in a well-Developed gated society of raysan, offering peaceful living with modern infrastructure. The property features spacious rooms, ample natural light, and excellent ventilation, making it ideal for family living. Located near pdpu road, the society provides easy connectivity to schools, hospitals, and daily conveniences. With wide internal roads, secur...",https://www.99acres.com/4-bhk-bedroom-independent-house-villa-for-sale-in-mahavir-enclave-raysan-gandhinagar-2070-sqft-spid-E90867692,0.0,0.0,0.0,,,,Raysan,,Unknown,1,False,False,False,villa,0.0,2.0
"5 Bedroom Housein Raysan, Gandhinagar","Raysan, Gandhinagar",599.0,20047.0,2988.0,"Are you planning to buy your dream home? You can consider this vinayak woodlands well-Built 5 bhk house for sale in raysan, gandhinagar and make it your new address. The house has over super built up area of 332 sq.Yards and comes with 5 bedrooms, 5 bathrooms and 2 balconies. The owner of the house also gets 1 covered parking slot to park their car safely. Being a ready to move house, you can e...",https://www.99acres.com/5-bhk-bedroom-independent-house-villa-for-sale-in-vinayak-woodlands-raysan-gandhinagar-2988-sqft-r1-spid-V88447410,5.0,5.0,2.0,,,unfurnished,Raysan,,New,1,False,False,False,house,0.0,0.0
"4 Bedroom Housein Raysan, Gandhinagar","Raysan, Gandhinagar",825.0,23504.0,3510.0,"Are you planning to buy your dream home? You can consider this well-Built 4 bhk house for sale in raysan, gandhinagar and make it your new address. This residential property boasts proximity to key landmarks like close to metro station and close to hospital. Constructed on a super built up area of 3510 sq.Ft., this house comprises 4 bedrooms, 4 bathrooms and 2 balconies. Your vehicle(s) can be ...",https://www.99acres.com/4-bhk-bedroom-independent-house-villa-for-sale-in-raysan-gandhinagar-3510-sqft-spid-C91003248,4.0,4.0,2.0,,,,Raysan,,New,1,False,False,False,house,0.0,4.0
"4 Bedroom Housein Raysan, Gandhinagar","Raysan, Gandhinagar",600.0,16667.0,3600.0,"Planning to buy an individual house in gandhinagar. Then you should definitely check out this 4 bhk house for sale in raysan, a well-Planned and well-Connected locality in gandhinagar. Owing to its key locations, several landmarks like close to metro station and close to hospital are easily accessible. Containing 4 bedrooms, 4 bathrooms and 2 balconies, this independent house is spread over a s...",https://www.99acres.com/4-bhk-bedroom-independent-house-villa-for-sale-in-raysan-gandhinagar-3600-sqft-spid-O90929956,4.0,4.0,2.0,,,,Raysan,,New,0,False,False,False,house,0.0,4.0
"Residential land / Plotin Palodia, Gandhinagar","Palodia, Gandhinagar",432.0,8000.0,5400.0,"Residential plot for sale in palodia ideal for bungalow or twin bungalow construction A prime residential plot measuring 600 sq. Yards (Approx. 5400 sq. Ft.) is available for sale in the peaceful and rapidly developing area of palodia. The plot comes with ideal dimensions of 123 ft. X 44 ft., perfectly suited for building a luxurious bungalow or twin bungalow. Located in a serene yet well-Conne...",https://www.99acres.com/residential-land-plot-for-sale-in-palodia-ahmedabad-west-600-sqyd-r4-spid-O85941086,,,,,,,Palodia,,Unknown,1,False,False,False,villa,0.0,0.0
3 Bedroom Housein Sector 7 Gandhinagar,Sector 7 Gandhinagar,350.0,24086.0,1453.0,,https://www.99acres.com/3-bhk-bedroom-independent-house-villa-for-sale-in-sector-7-gandhinagar-1453-sqft-r2-spid-Q87196076,3.0,3.0,2.0,,,,Sector 7,,Unknown,1,False,False,False,house,,
"1 BHK Flatin Gift City, Gandhinagar","Gift City, Gandhinagar",97.85,9500.0,1030.0,"The 1 bhk residences at siban in gift city offer spacious layouts , designed to provide the comfort of a larger home with modern interiors and smart functionality.These homes feature a large living area, premium kitchen, and ample natural light, making them ideal for working professionals, couples, and investors.Residents enjoy access to world-Class amenities, high-Rise living, and strong renta...",https://www.99acres.com/1-bhk-bedroom-apartment-flat-for-sale-in-gift-city-gandhinagar-1030-sqft-spid-Z89988868,1.0,1.0,1.0,,,,Gift City,,New,0,False,False,True,house,0.0,0.0
"2 Bedroom Housein Sargasan, Gandhinagar","Sargasan, Gandhinagar",182.0,12639.0,1440.0,"Devbhumi society in sargasan, gandhinagar is a peaceful residential bungalow locality offering independent homes with comfortable layouts and family-Friendly surroundings. The society is suitable for families looking for privacy, open space and a calm residential environment. Bungalows are designed with good ventilation, natural light and private parking areas for comfortable living. Located in...",https://www.99acres.com/2-bhk-bedroom-independent-house-villa-for-sale-in-sargasan-gandhinagar-1440-sqft-spid-K90937750,2.0,2.0,1.0,,,,Sargasan,,Unknown,1,False,False,False,villa,0.0,0.0
"4 Bedroom Housein Vavol, Gandhinagar","Vavol, Gandhinagar",250.0,9645.0,2592.0,Available on sell 4bhk bunglow in sargasan new project 288 sq.Yard plot size and 386 sq.Yard construction prime location near by mahatma gandhi mandir kh road,https://www.99acres.com/4-bhk-bedroom-independent-house-villa-for-sale-in-shreeji-villa-gandhinagar-vavol-gandhinagar-2592-sqft-spid-G87292442,4.0,4.0,2.0,,,,Vavol,,New,0,False,False,False,villa,4.0,10.0
"4 Bedroom Housein Kudasan, Gandhinagar","Kudasan, Gandhinagar",250.0,13889.0,1800.0,Available on sell 4bhk bunglow in kudasan 2 floor 200 sq.Yard plot and 275 sq.Yard construction near by relience circle,https://www.99acres.com/4-bhk-bedroom-independent-house-villa-for-sale-in-radhe-green-kudasan-gandhinagar-1800-sqft-spid-O87228508,4.0,4.0,2.0,2.0,,,Kudasan,,New,1,False,False,False,villa,0.0,0.0
"4 Bedroom Housein Raysan, Gandhinagar","Raysan, Gandhinagar",300.0,17007.0,1764.0,Available on sell 4bhk bunglow in raysan 196 sq.Yard plot and 240 sq.Yard construction near by pdpu road prime location,https://www.99acres.com/4-bhk-bedroom-independent-house-villa-for-sale-in-raysan-gandhinagar-1764-sqft-spid-X87228316,4.0,4.0,2.0,,,,Raysan,,New,1,False,False,False,villa,0.0,0.0
"1 Bedroom Farm housein Khatraj, Gandhinagar","Khatraj, Gandhinagar",160.0,3541.0,4518.0,"Availble villa for sale in forresye by arvind , jethalaj, khatraj",https://www.99acres.com/1-bhk-bedroom-farm-house-for-sale-in-forreste-khatraj-ahmedabad-south-4518-sqft-spid-N90137496,1.0,1.0,1.0,,,,Kalol,,Unknown,0,True,False,False,villa,0.0,0.0
"5 Bedroom Housein Sargasan, Gandhinagar","Sargasan, Gandhinagar",270.0,19608.0,1377.0,This is an 5bhk ultra luxurious bunglow Nearby sargasan cross road Plot area is 153sq.Yard And construction is 250sq.Yard Asking price is just 2.70cr it can be negotiable on table Naman real estate,https://www.99acres.com/5-bhk-bedroom-independent-house-villa-for-sale-in-sargasan-gandhinagar-1377-sqft-r2-spid-S87326092,5.0,5.0,2.0,,,,Sargasan,,New,1,False,False,False,villa,0.0,0.0
"3 Bedroom Housein Nandoli, Gandhinagar","Nandoli, Gandhinagar",450.0,10000.0,4500.0,"3 bhk spacious bungalow for sell in one of the prime location at nandoli, for queries and inquiries, contact a real estate agent, i.E., tulja estate pvt. Ltd., in ahmedabad.",https://www.99acres.com/3-bhk-bedroom-independent-house-villa-for-sale-in-nandoli-gandhinagar-4500-sqft-r6-spid-P81390191,3.0,3.0,2.0,,,,Kalol,,Unknown,1,False,False,False,villa,0.0,0.0
"4 Bedroom Housein Ambapur, Gandhinagar","Ambapur, Gandhinagar",1200.0,7017.0,17100.0,"4 bhk luxurious bungalow for sell in one of the prime location near ahmedabad, ambapur, for queries and inquiries, contact a real estate agent, i.E., tulja estate pvt. Ltd., in ahmedabad.",https://www.99acres.com/4-bhk-bedroom-independent-house-villa-for-sale-in-ambapur-ahmedabad-north-6300-sqft-r2-spid-Q86585114,4.0,4.0,3.0,,,,Ambapur,,Unknown,1,False,False,False,villa,0.0,0.0
"4 Bedroom Housein Kudasan, Gandhinagar","Kudasan, Gandhinagar",250.0,11574.0,2160.0,4bhk bunglow in prime location and good locality at kudasan. 200 sq.Yard net plot and 450 sq.Yard construction.,https://www.99acres.com/4-bhk-bedroom-independent-house-villa-for-sale-in-kudasan-gandhinagar-4050-sqft-r2-spid-Z86945944,4.0,4.0,2.0,,,,Kudasan,,New,1,False,False,False,villa,0.0,0.0
"Residential land / Plotin Palodia, Gandhinagar","Palodia, Gandhinagar",260.0,5556.0,4680.0,This plot for sale Good location and silent area 24 hours security and water Near all connectivity area Best for first home villa 5km from s p ring road,https://www.99acres.com/residential-land-plot-for-sale-in-suramya-three-palodia-ahmedabad-west-520-sqyd-spid-Z90535360,,,,,,,Palodia,,Unknown,1,False,False,False,villa,0.0,0.0
"4 Bedroom Housein Vavol, Gandhinagar","Vavol, Gandhinagar",165.0,11828.0,1395.0,Available on sell 4bhk bunglow in vavol 155 sq.Yard plot size and 250 sq.Yard construction prime location new society,https://www.99acres.com/4-bhk-bedroom-independent-house-villa-for-sale-in-radhe-vrundavan-residency-vavol-gandhinagar-1395-sqft-spid-I87936004,4.0,4.0,2.0,,,,Vavol,,New,1,False,False,False,villa,0.0,0.0
"4 Bedroom Housein Sector 4A Gandhinagar, Sector 4 Gandhinagar","Sector 4A Gandhinagar, Sector 4 Gandhinagar",190.0,19613.0,968.0,Available on sell tenament in sector 4 double floor construction 90 sq.M area prime location near by kh road,https://www.99acres.com/4-bhk-bedroom-independent-house-villa-for-sale-in-sector-4a-gandhinagar-969-sqft-r1-spid-W88708896,4.0,4.0,2.0,,,,Sector 4,,Unknown,1,False,False,False,house,0.0,0.0
"4 Bedroom Housein Adalaj, Gandhinagar","Adalaj, Gandhinagar",535.0,11111.0,4815.0,4 bhk sami furnished banglow in zundal to adalaj man road near by divine child school good loction and primium viw and pure air all over good loction,https://www.99acres.com/4-bhk-bedroom-independent-house-villa-for-sale-in-gandhinagar-3600-sq-ft-spid-J76744811,4.0,5.0,4.0,,,semi-furnished,Adalaj,,New,1,False,False,False,villa,0.0,1.0
"4 Bedroom Housein Palodia, Gandhinagar","Palodia, Gandhinagar",525.0,11667.0,4500.0,,https://www.99acres.com/4-bhk-bedroom-independent-house-villa-for-sale-in-palodia-ahmedabad-west-4500-sqft-r1-spid-V89428700,4.0,4.0,1.0,,,,Palodia,,Unknown,1,False,False,False,house,,
"4 Bedroom Housein Sonarda, Gandhinagar","Sonarda, Gandhinagar",200.0,7716.0,2592.0,"This 4 bhk house for sale in sonarda naroda dehagam road is an ideal abode for a family. Even better, it is situated in one of the prominent localities of ahmedabad east. Constructed on a super built up area of 2592 sq.Ft., this house comprises 4 bedrooms, 5 bathrooms and 2 balconies. The houses comes with dedicated 1 covered and 1 open parking space(s) where you can easily park your vehicle(s)...",https://www.99acres.com/4-bhk-bedroom-independent-house-villa-for-sale-in-sonarda-gandhinagar-3906-sqft-r2-spid-B83921772,4.0,5.0,2.0,,,,Gandhinagar Taluka,,New,0,False,False,False,house,0.0,0.0
"3 Bedroom Housein Kalol, Gandhinagar","Kalol, Gandhinagar",120.0,10720.0,1119.0,"Check out this 3 bhk house for sale in gandhinagar, kalol, a popular residential locality that contains many of the in-Demand properties in ahmedabad north. The property's proximity to landmarks like close to highway and close to mall makes it ideal property for families. This house occupies a super built up area of 104 sq.M. And contains 3 bedrooms, 3 bathrooms and 1 balcony. The houses comes ...",https://www.99acres.com/3-bhk-bedroom-independent-house-villa-for-sale-in-kalol-gandhinagar-1119-sqft-spid-A90275490,3.0,3.0,1.0,,,,Kalol,,New,1,False,False,False,house,0.0,5.0
"4 Bedroom Housein Kudasan, Gandhinagar","Kudasan, Gandhinagar",250.0,13550.0,1845.0,Available on sell 4bhk bunglow in kudasan 2 floor available 205 sq.Yard plot and 275 sq.Yard construction prime location near by relience circle,https://www.99acres.com/4-bhk-bedroom-independent-house-villa-for-sale-in-radhe-green-kudasan-gandhinagar-1845-sqft-r1-spid-G87421780,4.0,4.0,2.0,2.0,,,Kudasan,,New,1,False,False,False,villa,0.0,0.0
"4 Bedroom Housein Sargasan, Gandhinagar","Sargasan, Gandhinagar",270.0,15789.0,1710.0,4 bhk furnished banglow in good loction and near by kha road and good view and very nice view and good area,https://www.99acres.com/4-bhk-bedroom-independent-house-villa-for-sale-in-sargasan-gandhinagar-2385-sq-ft-spid-P81514553,4.0,4.0,2.0,,,furnished,Sargasan,,Unknown,1,False,False,False,villa,2.0,10.0
"4 Bedroom Housein Ambapur, Gandhinagar","Ambapur, Gandhinagar",1200.0,63157.0,1900.0,"This 4 bhk semi-Furnished luxurious bungalow in adalaj is built on a spacious 17,100 sq.Ft, offering ample space for a grand lifestyle. Featuring modern interiors, well-Planned rooms, and quality fittings, it ensures comfort and elegance. Located in a peaceful, well-Connected area, it provides easy access to schools, markets, and daily essentials, making it perfect for families seeking privacy,...",https://www.99acres.com/4-bhk-bedroom-independent-house-villa-for-sale-in-shree-balaji-greenvalley-ambapur-ahmedabad-north-1900-sqft-spid-G90231008,4.0,4.0,3.0,,,semi-furnished,Ambapur,,New,1,False,False,False,villa,0.0,2.0
"3 Bedroom Housein Sardar Patel Ring Road, Gandhinagar","Sardar Patel Ring Road, Gandhinagar",525.0,14583.0,3600.0,,https://www.99acres.com/3-bhk-bedroom-independent-house-villa-for-sale-in-satyam-sentossa-greenland-sardar-patel-ring-road-gandhinagar-2250-sqft-r2-spid-R88741302,3.0,3.0,3.0,,,,SP Ring Road,,Unknown,1,False,False,False,house,,
"4 Bedroom Housein Raysan, Gandhinagar","Raysan, Gandhinagar",610.0,11057.0,5517.0,"Planning to buy an individual house in gandhinagar. Then you should definitely check out this 4 bhk house for sale in raysan, a well-Planned and well-Connected locality in gandhinagar. This residential house is located close to close to metro station, close to school, close to hospital and close to highway. The floor plan additionally contains 4 bedrooms, 5 bathrooms and 3 balconies. All in all...",https://www.99acres.com/4-bhk-bedroom-independent-house-villa-for-sale-in-raysan-gandhinagar-5517-sqft-spid-K89758724,4.0,5.0,3.0,,,,Raysan,,New,1,True,False,False,house,0.0,8.0
"4 Bedroom Housein Alampur, Gandhinagar","Alampur, Gandhinagar",75.0,7545.0,994.0,"Wishing to settle down in a tenament with your family? This aamani bunglows well-Built and spacious 4 bhk house for sale in alampur, gandhinagar seems to be an ideal choice for a peaceful abode for a family. The house has over plot area of 994 sq.Ft. And comes with 4 bedrooms, 4 bathrooms and more than 3 balconies. This 4 bhk house comes attached with 1 open parking for your vehicle(s). Another...",https://www.99acres.com/4-bhk-bedroom-independent-house-villa-for-sale-in-alampur-gandhinagar-994-sqft-r1-spid-B89194663,4.0,4.0,3.0,,,,Alampur,,New,1,False,False,False,villa,0.0,0.0
"1 BHK Flatin Gift City, Gandhinagar","Gift City, Gandhinagar",88.35,9500.0,930.0,"The 1 bhk residences at siban in gift city offer spacious layouts , designed to provide the comfort of a larger home with modern interiors and smart functionality.These homes feature a large living area, premium kitchen, and ample natural light, making them ideal for working professionals, couples, and investors.Residents enjoy access to world-Class amenities, high-Rise living, and strong renta...",https://www.99acres.com/1-bhk-bedroom-apartment-flat-for-sale-in-gift-city-gandhinagar-930-sqft-spid-L89988684,1.0,1.0,1.0,,,,Gift City,,New,0,False,False,True,house,0.0,0.0
"4 Bedroom Housein Kudasan, Gandhinagar","Kudasan, Gandhinagar",350.0,21605.0,1620.0,Bungalow for sale in kudasan gandhinagar. Good location and near to all facility. For this is well maintain and very good condition in kudasan. Key usps- This bungalow in kudasan gandhinagar: Swaminarayan dham 2 min. Info city 2 min. City pulse 2 min. Indroda park 3 min. Akshardham 5 min. Gift city 5 min. K raheja it park 5 min. Airport 10 min. Tcs garima park 2 min. School of achievers 3 min. ...,https://www.99acres.com/4-bhk-bedroom-independent-house-villa-for-sale-in-kudasan-gandhinagar-1962-sqft-spid-H90833894,4.0,4.0,2.0,,,,Kudasan,,Unknown,1,False,False,False,villa,2.0,17.0
"4 Bedroom Housein Raysan, Gandhinagar","Raysan, Gandhinagar",270.0,14019.0,1926.0,"Sell new bungalows in raysan gandhinagar is a ready to move new society. This project is a perfect combination of comfort and style, specifically designed to suit your requirements and conveniences and this bungalow new society is now ready to be called home as families have started moving in. Check out some of the features of new bungalows new society: New villa for sell and near to all fasili...",https://www.99acres.com/4-bhk-bedroom-independent-house-villa-for-sale-in-raysan-gandhinagar-3060-sqft-spid-J90832914,4.0,4.0,2.0,,,,Raysan,,Unknown,1,False,False,False,villa,0.0,0.0
"4 Bedroom Housein Kudasan, Gandhinagar","Kudasan, Gandhinagar",400.0,22222.0,1800.0,"Kudasan is one of gandhinagar's most sought after destination for residential houses and this 4 bhk house in kudasan is your opportunity to be a part of this community. Containing 4 bedrooms, 4 bathrooms and 2 balconies, this independent house is spread over a super built up area of 200 sq.Ft. The houses comes with dedicated 2 covered and 2 open parking space(s) where you can easily park your v...",https://www.99acres.com/4-bhk-bedroom-independent-house-villa-for-sale-in-kudasan-gandhinagar-1800-sqft-r1-spid-N88890140,4.0,4.0,2.0,,,,Kudasan,,Unknown,1,False,False,False,house,0.0,0.0
"4 Bedroom Housein Kudasan, Gandhinagar","Kudasan, Gandhinagar",320.0,19536.0,1638.0,"This 4 bhk house for sale in akshar bungalow is an ideal abode for a family. Even better, it is situated in one of the prominent localities of gandhinagar. Another plus point for the house is that it is situated near close to school, close to hospital and close to market. This house occupies a super built up area of 182 sq.Yards and contains 4 bedrooms, 4 bathrooms and 1 balcony. This 4 bhk hou...",https://www.99acres.com/4-bhk-bedroom-independent-house-villa-for-sale-in-kudasan-gandhinagar-1638-sqft-spid-S90123778,4.0,4.0,1.0,,,,Kudasan,,New,1,False,False,False,villa,0.0,3.0
"4 Bedroom Housein Kudasan, Gandhinagar","Kudasan, Gandhinagar",225.0,19841.0,1134.0,"Property future , east facing main door, 2 terrace, 24hrs water Club house gym",https://www.99acres.com/4-bhk-bedroom-independent-house-villa-for-sale-in-aawaass-mango-kudasan-gandhinagar-1651-sqft-r1-spid-Y88765560,0.0,1.0,2.0,,,,Kudasan,East,New,1,False,False,False,house,7.0,0.0
"3 Bedroom Housein Sardar Patel Ring Road, Gandhinagar","Sardar Patel Ring Road, Gandhinagar",495.0,11066.0,4473.0,Bungalow in premium society and location Fully furnished Elegant and spacious layout Multiple options available in same society and other societies nearby,https://www.99acres.com/3-bhk-bedroom-independent-house-villa-for-sale-in-satyam-sentossa-greenland-sardar-patel-ring-road-gandhinagar-2268-sqft-spid-F90607572,3.0,3.0,3.0,,,furnished,SP Ring Road,,Unknown,1,False,False,False,villa,0.0,0.0
"4 BHK Flatin Randesan, Gandhinagar","Randesan, Gandhinagar",198.0,5000.0,3960.0,Avilabale 4bhk duplex standard luxury living Ready to move project Modern layout Good connectivity to giftcity & ahemdabad. Natural light & personal swiming pool.,https://www.99acres.com/4-bhk-bedroom-apartment-flat-for-sale-in-randesan-gandhinagar-3960-sqft-spid-L89949712,4.0,4.0,2.0,,,,Randesan,,New,1,False,False,True,villa,5.0,0.0
"1 Bedroom Housein Khatraj, Gandhinagar","Khatraj, Gandhinagar",199.0,3685.0,5400.0,"This is a ready property best for investment as well as for end use, contact us for more details",https://www.99acres.com/1-bhk-bedroom-independent-house-villa-for-sale-in-arvind-forreste-5-khatraj-ahmedabad-south-1287-sqft-spid-Z91030270,1.0,1.0,1.0,,,,Kalol,,Unknown,1,False,False,False,house,0.0,0.0
"4 Bedroom Housein Kudasan, Gandhinagar","Kudasan, Gandhinagar",250.0,8521.0,2934.0,"Satyamev aawaass mango in kudasan, gandhinagar is a premium residential villa project by aawaass buildcon pvt ltd offering spacious 4 bhk bunglows styled for luxury family living. Set within a secure gated community, the project features landscaped gardens, childrens play area, jogging track, gymnasium, clubhouse, swimming pool, cctv surveillance and 247 security, combining convenience with com...",https://www.99acres.com/4-bhk-bedroom-independent-house-villa-for-sale-in-kudasan-gandhinagar-2520-sqft-r1-spid-P88676132,4.0,4.0,2.0,,,unfurnished,Kudasan,,New,1,False,False,False,villa,19.0,0.0
"4 Bedroom Housein Koba, Gandhinagar","Koba, Gandhinagar",300.0,136363.0,220.0,,https://www.99acres.com/4-bhk-bedroom-independent-house-villa-for-sale-in-koba-gandhinagar-220-sqft-spid-O89837256,4.0,4.0,2.0,,,,Koba,,Unknown,1,False,False,False,house,,
"Residential land / Plotin Palodia, Gandhinagar","Palodia, Gandhinagar",343.0,6444.0,5319.0,"Spacious 591 sq yd premium 2-Road corner plot, just a short walk from the clubhouse and located on a wide internal road. One of the best, fully developed and lively neighbourhoods in suramya three, ideal for an exclusive bungalow and long-Term investment.",https://www.99acres.com/residential-land-plot-for-sale-in-suramya-three-palodia-ahmedabad-west-591-sqyd-spid-H91267404,0.0,1.0,0.0,,,,Palodia,,New,1,False,False,False,villa,2.0,0.0
"Residential propertyin Kudasan, Gandhinagar","Kudasan, Gandhinagar",169.0,18074.0,936.468,"Situated in kudasan, gandhinagar, this newly constructed residential property offers 935 sqft on the ground floor. Built within the last year, it features a practical layout and is available for immediate sale. Residents benefit from proximity to several temples and a multispeciality dental clinic, enhancing convenience and community living.",https://www.99acres.com/other-residential-property-for-sale-in-kudasan-gandhinagar-935-sqft-spid-Z91229168,,,,0.0,,unfurnished,Kudasan,,New,1,False,False,False,house,0.0,1.0
"4 Bedroom Housein Sector 25, Gandhinagar","Sector 25, Gandhinagar",150.0,7500.0,2000.0,,https://www.99acres.com/4-bhk-bedroom-independent-house-villa-for-sale-in-sector-25-gandhinagar-2000-sqft-r3-spid-C80259485,4.0,3.0,3.0,,,,Sector 25,,Unknown,1,True,False,False,house,,
"6 Bedroom Housein Sector 25, Gandhinagar","Sector 25, Gandhinagar",150.0,13889.0,1080.0,"On the lookout for a spacious house in gandhinagar? Go for this 6 bhk house for sale in sector 25 gandhinagar, a well-Connected locality within gandhinagar. Owing to its key locations, several landmarks like close to railway station, close to metro station, close to mall and close to market are easily accessible. This house occupies a super built up area of 120 sq.Yards and contains 6 bedrooms,...",https://www.99acres.com/6-bhk-bedroom-independent-house-villa-for-sale-in-sector-25-gandhinagar-1080-sqft-r3-spid-C77081221,6.0,4.0,5.0,,,,Sector 25,,New,1,False,False,False,house,0.0,8.0
"3 Bedroom Housein Sector 4A Gandhinagar, Sector 4 Gandhinagar","Sector 4A Gandhinagar, Sector 4 Gandhinagar",200.0,222222.0,86.112,"Located in sector 4a gandhinagar, this 3 bhk independent house offers 90 sqft of well-Planned space with 3 bedrooms and 3 bathrooms. Over 10 years old and ready for immediate occupancy, it provides easy access to swaminarayan temple and multiple hospitals, making it a convenient residential choice in a peaceful neighborhood.",https://www.99acres.com/3-bhk-bedroom-independent-house-villa-for-sale-in-sector-4a-gandhinagar-90-sqft-spid-U90977184,3.0,3.0,2.0,,,,Sector 4,,10-20 years,1,False,False,False,house,0.0,1.0
"5 Bedroom Housein Chiloda, Gandhinagar","Chiloda, Gandhinagar",85.0,8173.0,1040.0,,https://www.99acres.com/5-bhk-bedroom-independent-house-villa-for-sale-in-chiloda-gandhinagar-1040-sqft-r3-spid-H71589804,5.0,5.0,5.0,,,,Chiloda,,Unknown,1,False,False,False,house,,
"3 Bedroom Housein Koba, Gandhinagar","Koba, Gandhinagar",197.0,10944.0,1800.0,"Kalpvruksh society in koba, gandhinagar is a peaceful residential bungalow locality offering independent homes with comfortable layouts and family-Friendly surroundings. The society is known for its calm atmosphere, low-Density living and good connectivity to major areas of gandhinagar and ahmedabad. Bungalows are designed with private open space, parking and good ventilation, making them ideal...",https://www.99acres.com/3-bhk-bedroom-independent-house-villa-for-sale-in-koba-gandhinagar-1800-sqft-spid-D90919384,3.0,3.0,1.0,,,,Koba,,New,1,False,False,False,villa,0.0,0.0
"4 Bedroom Housein Kudasan, Gandhinagar","Kudasan, Gandhinagar",300.0,15949.0,1881.0,"Radhe greens in kudasan, gandhinagar is a well-Developed residential bungalow society offering independent homes with spacious layouts and peaceful surroundings. The project is ideal for families looking for privacy, open space and comfortable living. Bungalows are designed with good ventilation, natural light and private parking areas. The society provides gated security, internal roads and a ...",https://www.99acres.com/4-bhk-bedroom-independent-house-villa-for-sale-in-radhe-green-kudasan-gandhinagar-2484-sqft-spid-H90912012,4.0,4.0,2.0,,,,Kudasan,,Unknown,1,False,False,False,villa,0.0,0.0
"4 Bedroom Housein Randheja, Gandhinagar","Randheja, Gandhinagar",200.0,20000.0,1000.0,"Located in maitry avanue society, randheja, gandhinagar, this 4 bhk independent house offers 1000 sq.Ft of living space. Available immediately, the 10+ year old villa features 4 bedrooms and 4 bathrooms, furnished for convenience. Close to sheth n.N saravajanik hospital and randheja railway station, it combines comfort with accessibility.",https://www.99acres.com/4-bhk-bedroom-independent-house-villa-for-sale-in-randheja-gandhinagar-1000-sqft-spid-D90822576,4.0,4.0,3.0,,,furnished,Randheja,,10-20 years,1,False,False,False,villa,0.0,0.0
"8 Bedroom Housein Kalol, Gandhinagar","Kalol, Gandhinagar",170.0,6296.0,2700.0,"This 8 bhk house for sale in kalol, a well planned locality in gandhinagar, is ideal for a family that is looking for complete peace of mind. Constructed on a built up area of 300 sq.Yards, this house comprises 8 bedrooms, 5 bathrooms . Being a ready to move house, you can expect immediate possession of this 0-1 year old property. The nature of ownership of this independent house is freehold. T...",https://www.99acres.com/8-bhk-bedroom-independent-house-villa-for-sale-in-kalol-gandhinagar-2700-sqft-spid-F90787358,8.0,5.0,4.0,,,,Kalol,,New,1,True,False,False,house,0.0,0.0
"4 Bedroom Housein Raysan, Gandhinagar","Raysan, Gandhinagar",400.0,14337.0,2790.0,,https://www.99acres.com/4-bhk-bedroom-independent-house-villa-for-sale-in-raysan-gandhinagar-2790-sqft-r1-spid-R81888136,4.0,4.0,2.0,,,,Raysan,,Unknown,1,False,False,False,house,,
"3 Bedroom Housein Vavol, Gandhinagar","Vavol, Gandhinagar",100.0,7373.0,691.0,"Vavol is one of gandhinagar's most sought after destination for residential houses and this 3 bhk house in vavol is your opportunity to be a part of this community. This house occupies a super built up area of 64 sq.M. And contains 3 bedrooms, 2 bathrooms and 2 balconies. Another added advantage of this 5-10 years old house is that it is available for immediate possession. The type of ownership...",https://www.99acres.com/3-bhk-bedroom-independent-house-villa-for-sale-in-om-samarpan-park-vavol-gandhinagar-691-sqft-spid-I90551336,3.0,2.0,2.0,,,,Vavol,,5-10 years,1,False,False,False,house,0.0,0.0
"4 Bedroom Housein Raysan, Gandhinagar","Raysan, Gandhinagar",211.0,17896.0,1179.0,"Located in shivanta castle, raysan, gandhinagar, this 1-5 year old independent 4 bhk villa offers 1179 sq.Ft. Of space with 4 bedrooms and 4 bathrooms. Available immediately, it comes unfurnished and benefits from proximity to multiple healthcare facilities including vachhani hospital and kroma multispeciality dental clinic.",https://www.99acres.com/4-bhk-bedroom-independent-house-villa-for-sale-in-shivanta-castle-raysan-gandhinagar-1179-sqft-spid-T90463158,4.0,4.0,2.0,,,unfurnished,Raysan,,1-5 years,1,False,False,False,villa,0.0,0.0
"3 Bedroom Housein Sector 3 Gandhinagar , SG Highway","Sector 3 Gandhinagar , SG Highway",375.0,416666.0,90.0,"We are proud owners of house/villa available for sale in sector 3, gandhinagar. Available at price of rs 3.75 crores. It has plot area of 90 sq ft. It has 3 bhk, 3 bathroom, balcony.It is a power of attorney property",https://www.99acres.com/3-bhk-bedroom-independent-house-villa-for-sale-in-sector-3-gandhinagar-90-sq-ft-r1-spid-C84239570,3.0,3.0,1.0,,,,Sector 3,,New,1,False,False,False,villa,0.0,0.0
"3 Bedroom Housein Randheja, Gandhinagar","Randheja, Gandhinagar",110.0,6053.0,1817.0,"Situated in randheja, gandhinagar, this 1817 sq.Ft. Independent 3 bhk villa offers 3 bedrooms and 3 bathrooms across 5-10 years old floors. Available immediately, it comes unfurnished and benefits from proximity to sheth n.N saravajanik hospital and randheja railway station, making it ideal for residential sale.",https://www.99acres.com/3-bhk-bedroom-independent-house-villa-for-sale-in-randheja-gandhinagar-1817-sqft-spid-E90433652,3.0,3.0,3.0,,5.0,unfurnished,Randheja,,5-10 years,1,False,False,False,villa,0.0,0.0
"3 Bedroom Housein Shreeji Bungalows, Gandhinagar","Shreeji Bungalows, Gandhinagar",110.0,6077.0,1810.0,"Located in shreeji bungalows, gandhinagar, this 3 bhk independent villa offers 1810 sq.Ft. Of living space with 3 bedrooms and 3 bathrooms. Spread over a single floor, the 5-10 year old home is available for immediate sale and comes unfurnished, ideal for those seeking a spacious and private residence.",https://www.99acres.com/3-bhk-bedroom-independent-house-villa-for-sale-in-gandhinagar-1810-sqft-spid-Z90429836,3.0,3.0,1.0,1.0,1.0,unfurnished,Sargasan,,5-10 years,1,False,False,False,villa,0.0,0.0
"3 Bedroom Housein Vavol, Gandhinagar","Vavol, Gandhinagar",150.0,11905.0,1260.0,,https://www.99acres.com/3-bhk-bedroom-independent-house-villa-for-sale-in-vavol-gandhinagar-1260-sqft-spid-N90418754,3.0,3.0,2.0,,,,Vavol,,Unknown,1,False,False,False,house,,
"4 Bedroom Housein Grambharti, Gandhinagar","Grambharti, Gandhinagar",60.0,4389.0,1367.0,All rooms are spaces 10 minutes of city connectivity property front of taj gandhinagar five star hotel. Direct highway entry. Small shopping centre connectivity.,https://www.99acres.com/4-bhk-bedroom-independent-house-villa-for-sale-in-grambharti-gandhinagar-721-sqft-spid-K90383698,4.0,3.0,3.0,,,,Mansa,,Unknown,1,False,False,False,house,0.0,5.0
"4 Bedroom Housein Grambharti, Gandhinagar","Grambharti, Gandhinagar",65.0,20000.0,300.0,Front of taj resort and spa gandhinagar. Gandhinagar - Mahudi highway entry,https://www.99acres.com/4-bhk-bedroom-independent-house-villa-for-sale-in-swapan-sankul-society-grambharti-gandhinagar-227-sqft-r1-spid-P87204096,4.0,3.0,3.0,,,,Mansa,,Unknown,1,False,False,False,house,0.0,3.0
"3 BHK Flatin Kudasan, Gandhinagar","Kudasan, Gandhinagar",105.0,4575.0,2295.0,3&4 bhk luxury segment Ready to move 80+18 mtr road corner Limited units,https://www.99acres.com/3-bhk-bedroom-apartment-flat-for-sale-in-kudasan-gandhinagar-2295-sqft-spid-N90350284,3.0,4.0,1.0,,,,Kudasan,,New,1,False,False,True,luxuryhouse,4.0,0.0
"4 Bedroom Housein Dahegam, Gandhinagar","Dahegam, Gandhinagar",77.0,6956.0,1107.0,"Dahegam is one of gandhinagar's most sought after destination for residential houses and this 4 bhk house in dahegam is your opportunity to be a part of this community. Constructed on a super built up area of 123 sq.Yards, this house comprises 4 bedrooms, 4 bathrooms and 1 balcony. The houses comes with dedicated 1 covered parking space where you can easily park your vehicle. This villa is curr...",https://www.99acres.com/4-bhk-bedroom-independent-house-villa-for-sale-in-dhegam-gandhinagar-1107-sqft-spid-Y90302338,4.0,4.0,1.0,,,,Dahegam,,New,0,False,False,False,villa,0.0,0.0
"7 Bedroom Housein Sector 26, Gandhinagar","Sector 26, Gandhinagar",300.0,18581.0,1614.0,Interested to sell independent house/villa.Placed at sector 26 gandhinagar.Nice semifurnished enhancing decorit has spacious 7 bedrooms and 5 bathrooms. .Want to sell it for rs 30000000.It is a 5-10 years old property construction,https://www.99acres.com/7-bhk-bedroom-independent-house-villa-for-sale-in-sector-26-gandhinagar-1613-sqft-r3-spid-P75241411,7.0,5.0,5.0,,,semi-furnished,Sector 26,,5-10 years,1,False,False,False,villa,0.0,0.0
"6 Bedroom Housein Sector 25, Gandhinagar","Sector 25, Gandhinagar",150.0,4630.0,3240.0,Interested to sell independent house/villa.It is a 5-10 years old property constructionplaced at sector 25 gandhinagar.Nice furnished enhancing decorit has spacious 6 bedrooms and 4 bathrooms. .Want to sell it for rs 15000000.,https://www.99acres.com/6-bhk-bedroom-independent-house-villa-for-sale-in-sector-25-gandhinagar-3240-sqft-r2-spid-L70419204,6.0,4.0,5.0,,,furnished,Sector 25,,5-10 years,1,False,False,False,villa,0.0,0.0
"2 Bedroom Housein Vasana Hadmatia, Sargasan","Vasana Hadmatia, Sargasan",170.0,107594.0,158.0,,https://www.99acres.com/2-bhk-bedroom-independent-house-villa-for-sale-in-vasana-hadmatia-gandhinagar-158-sqft-spid-A90082706,2.0,2.0,1.0,,,,Sargasan,,Unknown,1,False,False,False,house,,
"3 Bedroom Housein Vavol, Gandhinagar","Vavol, Gandhinagar",45.0,6250.0,720.0,Property is in the prime location. Please contatct for further information.,https://www.99acres.com/3-bhk-bedroom-independent-house-villa-for-sale-in-vavol-gandhinagar-720-sqft-spid-F90059734,3.0,3.0,2.0,,,,Vavol,,Unknown,1,False,False,False,house,0.0,0.0
"3 Bedroom Housein Sector 4B Gandhinagar, Sector 4 Gandhinagar","Sector 4B Gandhinagar, Sector 4 Gandhinagar",231.0,23845.0,968.0,"Planning to buy an individual house in gandhinagar. Then you should definitely check out this 3 bhk house for sale in sector 4b gandhinagar, a well-Planned and well-Connected locality in gandhinagar. Containing 3 bedrooms, 3 bathrooms and 1 balcony, this independent house is spread over a super built up area of 90 sq.M. Another added advantage of this 0-1 year old house is that it is available ...",https://www.99acres.com/3-bhk-bedroom-independent-house-villa-for-sale-in-sector-4b-gandhinagar-969-sqft-spid-U89981014,3.0,3.0,1.0,,,,Sector 4,,New,1,False,False,False,house,0.0,0.0
"4 Bedroom Housein Raysan, Gandhinagar","Raysan, Gandhinagar",220.00000000000003,13580.0,1620.0,"Prime bungalow at prime location raysan. 4bhk bungalow. Ready to move. Good locality, gated, peaceful recidantial. Metro station just 400 mtr Airport just 15 min",https://www.99acres.com/4-bhk-bedroom-independent-house-villa-for-sale-in-raysan-gandhinagar-1620-sqft-spid-Z89878154,4.0,4.0,2.0,,,unfurnished,Raysan,,New,1,False,False,False,villa,0.0,8.0
"2 Bedroom Housein Gift City, Gandhinagar","Gift City, Gandhinagar",60.0,25.0,239999.0,"Looking to buy an independent house in gandhinagar? Do check out this 2 bhk house in gift city, which is an ideal choice for a family. The floor plan additionally contains 2 bedrooms, 2 bathrooms and 1 balcony. All in all, the independent house is spread over a carpet area of 100 grounds. Another added advantage of this 1-5 years old house is that it is available for immediate possession. The t...",https://www.99acres.com/2-bhk-bedroom-independent-house-villa-for-sale-in-gift-city-gandhinagar-240000-sqft-r1-spid-E81942314,2.0,2.0,1.0,,,,Gift City,,1-5 years,1,False,True,False,house,0.0,0.0
"2 Bedroom Housein Indroda, Gandhinagar","Indroda, Gandhinagar",50.0,2778.0,1800.0,"Available immediately, this 5-10 year old 2 bhk independent house in indroda, gandhinagar offers 1800 sq.Ft. Of well-Designed space. Featuring 2 bedrooms and 2 bathrooms, its situated on a convenient floor with partial furnishing. Close to gayatri mandir and key hospitals, it combines comfort with accessibility.",https://www.99acres.com/2-bhk-bedroom-independent-house-villa-for-sale-in-indroda-gandhinagar-1800-sqft-spid-P89813174,2.0,2.0,2.0,,,semi-furnished,Gandhinagar Taluka,,5-10 years,1,False,False,False,house,0.0,1.0
"4 Bedroom Housein Koba, Gandhinagar","Koba, Gandhinagar",255.0,9320.0,2736.0,"A beautiful house placed in a very posh area is available for sale, its just a few steps away from general stores, park , market, collages, hospitals, shopping malls, banks, atms, bus stop, it is centrally located. It is very spacious and beautifully designed. All the facilities are available nearby.",https://www.99acres.com/4-bhk-bedroom-independent-house-villa-for-sale-in-koba-gandhinagar-2745-sqft-r3-spid-H83222822,4.0,4.0,2.0,,,,Koba,,Unknown,1,False,False,False,house,0.0,10.0
"4 Bedroom Housein Sector 25, Gandhinagar","Sector 25, Gandhinagar",150.0,15484.0,968.0,"Tenament two story building, 90 sq.M plot size, sec- 25 prime location, near metro station, malls, gardens, near mahatma mandir, railway station, near main road, near school college, hospital and market place ,24 hours electricity and water available, negotiable price",https://www.99acres.com/4-bhk-bedroom-independent-house-villa-for-sale-in-sector-25-gandhinagar-969-sqft-spid-H89773150,4.0,3.0,3.0,,,,Sector 25,,New,1,False,False,False,house,0.0,12.0
"4 Bedroom Housein Raysan, Gandhinagar","Raysan, Gandhinagar",725.0,16507.0,4392.0,"Located in surajbagh green villas, raysan, this 4 bhk independent villa spans 4392 sq.Ft. On a corner plot, 1-5 years old and fully furnished. Featuring 5 bathrooms, centrally air-Conditioned spaces, and a private garden overlooking the park and main road, its vaastu-Compliant and ready for immediate sale within a gated society close to metro, schools, hospitals, and markets.",https://www.99acres.com/4-bhk-bedroom-independent-house-villa-for-sale-in-surajbagh-green-villas-raysan-gandhinagar-4680-sqft-spid-N89748054,4.0,5.0,2.0,,,furnished,Raysan,Other,1-5 years,1,False,False,False,villa,3.0,6.0
"2 Bedroom Housein Sector 28, Gandhinagar","Sector 28, Gandhinagar",37.0,9853.0,355.0,"Located in no.8, vadiya row house, adivada , gandhinagar, this 355.21 sq.Ft., 10 year old 2 bhk duplex house offers 2 bedrooms and 5 bathrooms across a well-Planned layout. Available immediately, it comes semi furnished, ideal for buyers valuing proximity to multiple hospitals and ambe mata mandir, enhancing convenience and community access.",https://www.99acres.com/2-bhk-bedroom-independent-house-villa-for-sale-in-sector-28-gandhinagar-764-sqft-spid-D89736280,2.0,5.0,1.0,,,semi-furnished,Sector 28,,10-20 years,1,False,False,False,house,0.0,1.0
"3 Bedroom Housein Vavol, Gandhinagar","Vavol, Gandhinagar",150.0,83798.0,156.0,"It has two parking , and garden touch property , and not a shared wall with any other property",https://www.99acres.com/3-bhk-bedroom-independent-house-villa-for-sale-in-vavol-gandhinagar-179-sqft-spid-W89732738,3.0,3.0,2.0,,,,Vavol,,Unknown,1,False,False,False,house,0.0,0.0
"1 Bedroom Housein Uvarsad, Gandhinagar","Uvarsad, Gandhinagar",30.0,6250.0,480.0,,https://www.99acres.com/1-bhk-bedroom-independent-house-villa-for-sale-in-uvarsad-gandhinagar-480-sqft-spid-L89720244,1.0,1.0,1.0,,,,Uvarsad,,Unknown,1,False,False,False,house,,
"4 Bedroom Housein Sector 5, Gandhinagar","Sector 5, Gandhinagar",200.0,2064.0,9687.0,On main road with both side private parking space upto 3 cars.,https://www.99acres.com/4-bhk-bedroom-independent-house-villa-for-sale-in-sector-5-gandhinagar-9687-sq-ft-r2-spid-T77569619,4.0,4.0,3.0,,,,Sector 5,,Unknown,1,False,False,False,house,0.0,0.0
"2 Bedroom Housein GIDC Chhatral, Gandhinagar","GIDC Chhatral, Gandhinagar",22.0,4074.0,540.0,"For sale urgently - Ready to move house in chhatral gam, gandhinagar This property is an excellent investment opportunity in chhatral gam, gandhinagar. Currently, the property is earning 6000 per month in rent, making it a great option for investors or buyers looking for passive income. Wishing to settle down in an individual house with your family? This well-Built and spacious 2 bhk house for ...",https://www.99acres.com/2-bhk-bedroom-independent-house-villa-for-sale-in-gdic-chhatral-gandhinagar-540-sqft-spid-X89624374,2.0,2.0,1.0,,,,Kalol,,New,1,False,False,False,house,0.0,0.0
"1 Bedroom Housein Khatraj, Gandhinagar","Khatraj, Gandhinagar",175.0,3888.0,4500.0,"On the lookout for a spacious house in gandhinagar? Go for this 1 bhk house for sale in khatraj, a well-Connected locality within gandhinagar. The property's proximity to landmarks like close to school, close to hospital and close to market makes it ideal property for families. The house has over super built up area of 4500 sq.Ft. And comes with 1 bedroom, 1 bathroom and 1 balcony. Your vehicle...",https://www.99acres.com/1-bhk-bedroom-independent-house-villa-for-sale-in-khatraj-ahmedabad-south-4500-sqft-spid-P89611274,1.0,1.0,1.0,,,unfurnished,Kalol,,New,1,False,False,False,house,0.0,3.0
"1 Bedroom Housein Kalol, Gandhinagar","Kalol, Gandhinagar",35.0,6076.0,576.0,"Do you wish to buy an independent house in kalol, gandhinagar. This 1 bhk house looks like an ideal choice for somebody looking for peace of mind. Owing to its key locations, several landmarks like close to school and close to hospital are easily accessible. This house occupies a super built up area of 64 sq.Yards and contains 1 bedroom, 1 bathroom and 1 balcony. Another added advantage of this...",https://www.99acres.com/1-bhk-bedroom-independent-house-villa-for-sale-in-kalol-gandhinagar-360-sqft-spid-A89609820,1.0,1.0,1.0,,,,Kalol,,New,1,False,False,False,house,0.0,2.0
"2 Bedroom Housein Panchvati, Kalol, Gandhinagar","Panchvati, Kalol, Gandhinagar",79.0,8360.0,945.0,"Located in new panchvati area, kalol, this 2 bhk duplex house 105 . With 2 bedrooms and 3 bathrooms. Over 10 years old, its available immediately and unfurnished. Positioned close to multiple hospitals and the shri hanumanji temple, it offers a practical blend of comfort and accessibility in gandhinagar.",https://www.99acres.com/2-bhk-bedroom-independent-house-villa-for-sale-in-panchvati-gandhinagar-1215-sqft-spid-V89609274,2.0,3.0,1.0,,,unfurnished,Kalol,,New,1,False,False,False,house,0.0,2.0
"2 Bedroom Housein Pethapur, Gandhinagar","Pethapur, Gandhinagar",60.0,30000.0,200.0,"Offering immediate availability, this 2 bhk independent house in pethapur, gandhinagar spans 200 sq.Ft. Set on the ground floor, the 5-10 year old residence includes 2 bedrooms and 2 bathrooms. Partially furnished and conveniently located near multiple hospitals and ambe mata mandir, it balances comfort with accessibility.",https://www.99acres.com/2-bhk-bedroom-independent-house-villa-for-sale-in-pethapur-gandhinagar-200-sqft-spid-N89592640,2.0,2.0,1.0,0.0,,semi-furnished,Pethapur,,5-10 years,1,False,False,False,house,0.0,1.0
"2 Bedroom Housein Bardoli, Gandhinagar","Bardoli, Gandhinagar",35.0,2692.0,1300.0,"We are proud owners of house/villa available for sale in shashtri road, bardoli, bardoli. Available at price of rs 35 lacs. It has plot area of 1300 sq ft. It has 2 bhk, 2 bathroom, 2 balcony.It is a freehold property",https://www.99acres.com/2-bhk-bedroom-independent-house-villa-for-sale-in-bardoli-gandhinagar-1300-sqft-spid-Q89589276,2.0,2.0,2.0,,,unfurnished,Dahegam,,New,1,False,False,False,villa,0.0,0.0
"2 Bedroom Housein Pethapur, Gandhinagar","Pethapur, Gandhinagar",150.0,8333.0,1800.0,Interested to sell independent house/villa.Placed at pethapur.Nice semifurnished enhancing decorit has spacious 2 bedrooms and 3 bathrooms. .Want to sell it for rs 15000000.It is a 10 years old property construction,https://www.99acres.com/2-bhk-bedroom-independent-house-villa-for-sale-in-pethapur-gandhinagar-1800-sqft-r1-spid-K75591351,2.0,3.0,1.0,,,semi-furnished,Pethapur,,10-20 years,1,False,False,False,villa,2.0,0.0
"4 Bedroom Housein Dahegam, Gandhinagar","Dahegam, Gandhinagar",150.0,10000.0,1500.0,"Looking for buyer to purchase our house/villa available for sale in dahegam, gandhinagar. Available at price of rs 1.5 crores. It has plot area of 1500 sq ft. It has 4 bhk, 3 bathroom, balcony.It is a freehold property",https://www.99acres.com/4-bhk-bedroom-independent-house-villa-for-sale-in-addis-shilon-greens-dhegam-gandhinagar-1500-sqft-spid-H89518408,4.0,3.0,1.0,,,,Dahegam,,New,1,False,False,False,villa,0.0,0.0
"4 Bedroom Housein Sargasan, Gandhinagar","Sargasan, Gandhinagar",200.0,10044.0,1991.0,"Available for immediate sale, this 4 bhk independent house in sargasan, gandhinagar offers 1991.32 sq.Ft. Of well-Designed living space across a single floor. The 1-5 year old property includes 4 bathrooms and comes furnished, situated near several prominent temples, enhancing its cultural and spiritual ambiance.",https://www.99acres.com/4-bhk-bedroom-independent-house-villa-for-sale-in-sargasan-gandhinagar-2153-sqft-spid-B89499818,4.0,4.0,2.0,1.0,1.0,furnished,Sargasan,,1-5 years,1,False,False,False,house,0.0,0.0
"4 Bedroom Housein Vavol, Gandhinagar","Vavol, Gandhinagar",150.0,23809.0,630.0,"This 4 bhk house for sale in vavol is an ideal abode for a family. Even better, it is situated in one of the prominent localities of gandhinagar. Containing 4 bedrooms, 3 bathrooms and 2 balconies, this independent house is spread over a super built up area of 70 sq.Yards. Your vehicle(s) can be easily parked as this house comes with 1 covered parking. Another added advantage of this 1-5 years ...",https://www.99acres.com/4-bhk-bedroom-independent-house-villa-for-sale-in-vavol-gandhinagar-630-sqft-spid-G89498688,4.0,3.0,2.0,,,,Vavol,,1-5 years,1,False,False,False,house,0.0,0.0
"2 Bedroom Housein Vavol, Gandhinagar","Vavol, Gandhinagar",35.0,2500.0,1400.0,"This 3 bhk independent house spans 1400 sq.Ft (Approx) in vankar vas, vavol, gandhinagar. With 2 bedrooms, hall, kitchen and servant room with open plot, it's over 20 years old and available for immediate sale.",https://www.99acres.com/2-bhk-bedroom-independent-house-villa-for-sale-in-vavol-gandhinagar-1400-sqft-spid-C89470546,3.0,3.0,2.0,,,,Vavol,,20+ years,1,False,False,False,house,0.0,0.0
"3 Bedroom Housein Kalol, Gandhinagar","Kalol, Gandhinagar",285.0,8724.0,3266.0,"Spanning 3,267 sq.Ft., this 10+ year old independent 3 bhk villa in kalol, gandhinagar offers 3 bedrooms and 2 bathrooms on a spacious floor. Available immediately, it comes unfurnished, providing a fresh canvas to personalize your home. Enjoy proximity to several hospitals and the shree satay narayan mandir for convenience and community.",https://www.99acres.com/3-bhk-bedroom-independent-house-villa-for-sale-in-kalol-gandhinagar-3267-sqft-spid-S89431296,3.0,2.0,2.0,,,unfurnished,Kalol,,10-20 years,1,False,False,False,villa,0.0,1.0
"2 Bedroom Housein Uvarsad, Gandhinagar","Uvarsad, Gandhinagar",34.0,2951.0,1152.0,"Check out this 2 bhk house for sale in uvarsad, a popular residential locality that contains many of the in-Demand properties in gandhinagar. The house has over built up area of 128 sq.Yards and comes with 2 bedrooms, 2 bathrooms and 2 balconies. This is a ready to move house, which is 0-1 year old. The ownership right of this property is freehold. The property is available for sale at a compet...",https://www.99acres.com/2-bhk-bedroom-independent-house-villa-for-sale-in-uvarsad-gandhinagar-1152-sqft-r1-spid-P82247156,2.0,2.0,2.0,,,,Uvarsad,,Unknown,1,True,False,False,house,0.0,0.0
"1 Bedroom Housein Sector 4, Gandhinagar","Sector 4, Gandhinagar",320.0,22021.0,1453.0,"Sector 4 gandhinagar is one of gandhinagar's most sought after destination for residential houses and this 1 bhk house in sector 4 gandhinagar is your opportunity to be a part of this community. Constructed on a super built up area of 135 sq.M., this house comprises 1 bedroom, 1 bathroom . Being a ready to move house, you can expect immediate possession of this 10+ years old property. The natur...",https://www.99acres.com/1-bhk-bedroom-independent-house-villa-for-sale-in-sector-4-gandhinagar-1453-sqft-spid-X89328701,1.0,1.0,1.0,,,unfurnished,Sector 4,,10-20 years,1,False,False,False,house,0.0,0.0
"3 Bedroom Housein Kalol, Gandhinagar","Kalol, Gandhinagar",90.0,4339.0,2073.0,Interested to sell independent house/villa.It is a 10 years old property constructionplaced at kalol.Nice unfurnished enhancing decorit has spacious 3 bedrooms and 3 bathrooms. .Want to sell it for rs 9000000.,https://www.99acres.com/3-bhk-bedroom-independent-house-villa-for-sale-in-kalol-gandhinagar-2072-sqft-r2-spid-U78128975,3.0,3.0,2.0,,,unfurnished,Kalol,,10-20 years,1,False,False,False,villa,0.0,0.0
"4 Bedroom Housein Raysan, Gandhinagar","Raysan, Gandhinagar",250.0,15432.0,1620.0,"Situated in raysan, gandhinagar, this 4 bhk independent house offers 1620 sq.Ft. Of unfurnished living space. With 4 bedrooms and 4 bathrooms, the 10+ year old property is available immediately. Enjoy the convenience of parking and proximity to hospitals and infocity, making it a practical choice in a well-Connected residential area.",https://www.99acres.com/4-bhk-bedroom-independent-house-villa-for-sale-in-raysan-gandhinagar-1800-sqft-spid-A89320871,4.0,4.0,2.0,,,unfurnished,Raysan,,10-20 years,1,False,False,False,house,1.0,5.0
"4 Bedroom Housein Pethapur, Gandhinagar","Pethapur, Gandhinagar",120.0,8889.0,1350.0,"A beautiful and spacious 4 bhk fully furnished independent house is available for sale in the prime residential area of pethapur, gandhinagar. This well-Maintained property is perfect for families looking for a ready-To-Move home with modern amenities and clear legal documentation. The house offers comfortable living with well-Designed bedrooms, a spacious living area, and a modern kitchen. The...",https://www.99acres.com/4-bhk-bedroom-independent-house-villa-for-sale-in-pethapur-gandhinagar-1350-sqft-spid-U89300099,4.0,4.0,2.0,,,furnished,Pethapur,,New,1,False,False,False,house,0.0,0.0
"3 Bedroom Housein Pethapur, Gandhinagar","Pethapur, Gandhinagar",70.0,4335.0,1614.59,"Located in pethapur, gandhinagar, this immediate availability 3 bhk independent house spans 1614.59 sq.Ft. Over 10 years old, it offers 3 bedrooms, 2 bathrooms, and unfurnished interiors. Situated near key hospitals and ambe mata mandir, it also features convenient parking, making it a practical residential choice.",https://www.99acres.com/3-bhk-bedroom-independent-house-villa-for-sale-in-pethapur-gandhinagar-1615-sqft-spid-V89291703,3.0,2.0,2.0,,,unfurnished,Pethapur,,10-20 years,1,False,False,False,house,1.0,1.0
"4 Bedroom Housein Green City, Sector 26 Gandhinagar","Green City, Sector 26 Gandhinagar",225.0,13889.0,1620.0,"180 sq. Yrd. Net plot, 157 sq. Yrd. Net construction, On 65 feet ring road, 3 car parking space, 3 big size loft ( Maliya ) 3.2 kw solar system. 3 bed room fully furnish, 1 bed room with cupboard, Kitchen fully furnish with dining table, 15 rft grenite platform Drawing room with 18 rft sofa and tv cabinet, Frp shed cover with gate 340 sqft.",https://www.99acres.com/4-bhk-bedroom-independent-house-villa-for-sale-in-green-city-gandhinagar-1413-sqft-spid-L89260001,3.0,2.0,2.0,,,furnished,Sector 26,,New,1,False,False,False,house,7.0,0.0
"4 Bedroom Housein Kudasan, Gandhinagar","Kudasan, Gandhinagar",321.0,14459.0,2220.0,"prime location near gift city & airport road Presenting a spacious and thoughtfully designed 4bhk bungalow in a highly prominent and well-Connected location near gift city and airport road. This ready-To-Move home offers the perfect blend of comfort, elegance, and modern convenience ideal for families seeking space, privacy, and a premium lifestyle. Spread acr...",https://www.99acres.com/4-bhk-bedroom-independent-house-villa-for-sale-in-vrundavan-bunglows-kudasan-gandhinagar-1820-sqft-spid-B89228477,4.0,4.0,2.0,,,unfurnished,Kudasan,,New,1,False,False,False,villa,0.0,0.0
"4 Bedroom Housein Sector 30, Gandhinagar","Sector 30, Gandhinagar",260.0,,225.0,"Available now, this 5-10 year old independent 4 bhk villa in sector 30, gandhinagar offers 225 sq.Ft. Of well-Planned living with 4 bedrooms and 6 bathrooms across multiple floors. The semi-Furnished home benefits from proximity to swaminarayan akshardham temple and key hospitals, blending comfort with convenience.",https://www.99acres.com/4-bhk-bedroom-independent-house-villa-for-sale-in-sector-30-gandhinagar-225-sqft-spid-Z89150001,4.0,6.0,3.0,,,semi-furnished,Sector 30,,5-10 years,1,False,False,False,villa,0.0,1.0
"3 Bedroom Housein Dahegam, Gandhinagar","Dahegam, Gandhinagar",101.0,67333.0,150.0,"Located in vraj gopi residency, dahegam, gandhinagar, this 3 bhk independent villa offers 150 sq.Ft. Of well-Planned living space across three bedrooms and bathrooms. The 1-5 year old home is immediately available and comes unfurnished. Close to key hospitals and the swaminarayan akshardham temple, it combines comfort with convenience.",https://www.99acres.com/3-bhk-bedroom-independent-house-villa-for-sale-in-vraj-gopi-residency-dhegam-gandhinagar-150-sqft-spid-R89104867,3.0,3.0,2.0,,,unfurnished,Dahegam,,1-5 years,1,False,False,False,villa,0.0,1.0
"3 Bedroom Housein Akshar Villa Bunglows, Gandhinagar","Akshar Villa Bunglows, Gandhinagar",177.0,7767.0,2279.0,,https://www.99acres.com/3-bhk-bedroom-independent-house-villa-for-sale-in-gandhinagar-2279-sqft-spid-U89092281,3.0,3.0,2.0,,,,Vavol,,Unknown,1,False,False,False,house,,
"3 Bedroom Housein Akshar Villa Bunglows, Gandhinagar","Akshar Villa Bunglows, Gandhinagar",178.0,7810.0,2279.0,"Situated in akshar villa bungalows, gandhinagar, this 10+ year old 3 bhk independent house spans 2279 sq.Ft. Featuring 3 bedrooms and 3 bathrooms, it offers immediate availability. The property is unfurnished and located on the ground floor, making it a practical choice for residential sale.",https://www.99acres.com/3-bhk-bedroom-independent-house-villa-for-sale-in-gandhinagar-2279-sqft-spid-L89091563,3.0,3.0,2.0,0.0,,unfurnished,Vavol,,10-20 years,1,False,False,False,villa,0.0,0.0
"3 Bedroom Housein Randheja, Gandhinagar","Randheja, Gandhinagar",110.0,6051.0,1818.0,,https://www.99acres.com/3-bhk-bedroom-independent-house-villa-for-sale-in-randheja-gandhinagar-2160-sqft-spid-Z88945704,3.0,3.0,3.0,,,,Randheja,,Unknown,1,False,False,False,house,,
"3 Bedroom Housein Sector 4A Gandhinagar, Sector 4 Gandhinagar","Sector 4A Gandhinagar, Sector 4 Gandhinagar",225.0,23226.0,968.75,"Are you planning to buy your dream home? You can consider this well-Built 3 bhk house for sale in sector 4a gandhinagar and make it your new address. The house has over super built up area of 90 sq.M. And comes with 3 bedrooms, 4 bathrooms and 2 balconies. There are 4 covered & 2 open parking available with this house. This is a ready to move house, which is 0-1 year old. The ownership right of...",https://www.99acres.com/3-bhk-bedroom-independent-house-villa-for-sale-in-sector-4a-gandhinagar-969-sqft-spid-F88922166,3.0,4.0,2.0,,,unfurnished,Sector 4,,New,1,False,False,False,house,0.0,0.0
"4 Bedroom Housein Kudasan, Gandhinagar","Kudasan, Gandhinagar",213.0,18757.0,1134.0,"Independent villa An impeccable opportunity is here for those who are looking to own aesthetically designed independent villa in aawaass mango, kudasan, gujarat which ensures a relaxed and comfortable stay. Being an independent villa it provides you a serene and tranquil environment with a modern setup. This villa provides ample natural light and has good ventilation that invites comfort. This ...",https://www.99acres.com/4-bhk-bedroom-independent-house-villa-for-sale-in-aawaass-mango-kudasan-gandhinagar-1651-sqft-spid-H88344262,4.0,4.0,2.0,,,,Kudasan,,Unknown,1,False,False,False,villa,0.0,0.0
"4 Bedroom Housein Sargasan, Gandhinagar","Sargasan, Gandhinagar",245.00000000000003,15004.0,1632.89,"Located in sahjand shalok, sargasan, gandhinagar, this 4 bhk independent villa offers 1632.89 sq.Ft. Of well-Designed space with 4 bedrooms and 4 bathrooms. The 1-5 year old property is available immediately and comes unfurnished, providing a fresh canvas for your personal touch in a peaceful residential area.",https://www.99acres.com/4-bhk-bedroom-independent-house-villa-for-sale-in-sargasan-gandhinagar-1633-sqft-spid-Z88885082,4.0,4.0,2.0,,,unfurnished,Sargasan,,1-5 years,1,False,False,False,villa,0.0,0.0
"2 Bedroom Housein Alampur, Gandhinagar","Alampur, Gandhinagar",45.0,4630.0,972.0,Newly constructed independent house at alampur gandhinagar. 2 bhk sufficient hall with two bedroom bathroom kitchen.,https://www.99acres.com/2-bhk-bedroom-independent-house-villa-for-sale-in-alampur-gandhinagar-1250-sqft-r3-spid-C68598664,2.0,2.0,2.0,,,,Alampur,,New,1,False,False,False,house,0.0,0.0
"3 Bedroom Housein Randheja, Gandhinagar","Randheja, Gandhinagar",55.0,4074.0,1350.0,Available on sell 3bhk bunglow in randheja 2 floor construction 150 sq.Yard plot size and 200 sq.Yard consruction,https://www.99acres.com/3-bhk-bedroom-independent-house-villa-for-sale-in-randheja-gandhinagar-1350-sqft-spid-M88795498,3.0,3.0,3.0,2.0,,,Randheja,,New,1,False,False,False,villa,0.0,0.0
"2 Bedroom Housein Vavol, Gandhinagar","Vavol, Gandhinagar",69.0,5750.0,1200.0,"An idle house for family or rent purpose .The house is fully ventilated secured with iron caging.The location is very convenient for daily chores . Gandhinagar railway station,swarim park, rilence fresh, metro all are located proximity to the house..",https://www.99acres.com/2-bhk-bedroom-independent-house-villa-for-sale-in-vavol-gandhinagar-1200-sqft-r1-spid-W82966924,2.0,2.0,1.0,,,,Vavol,,Unknown,1,False,False,False,house,0.0,10.0
"3 Bedroom Housein Palaj, Gandhinagar","Palaj, Gandhinagar",140.0,6667.0,2100.0,,https://www.99acres.com/3-bhk-bedroom-independent-house-villa-for-sale-in-palaj-gandhinagar-2100-sqft-spid-V88807474,3.0,2.0,3.0,,,,Gandhinagar Taluka,,Unknown,1,False,False,False,house,,
"4 Bedroom Housein Sector 3C Gandhinagar, SG Highway","Sector 3C Gandhinagar, SG Highway",120.0,10135.0,1184.0,"Available immediately, this 4 bhk independent house in sector 3c gandhinagar offers 1184 sq.Ft. Of well-Planned space with 4 bedrooms and 2 bathrooms. Over 10 years old, the unfurnished villa provides comfortable living near sg highway, with easy access to religious sites like swaminarayan temple and key hospitals including gayatri mandir and radhe children hospital.",https://www.99acres.com/4-bhk-bedroom-independent-house-villa-for-sale-in-sector-3c-gandhinagar-1184-sqft-spid-W88688552,4.0,2.0,2.0,,,unfurnished,Sector 3,,10-20 years,1,False,False,False,villa,2.0,3.0
"4 Bedroom Housein Kudasan, Gandhinagar","Kudasan, Gandhinagar",225.0,18519.0,1215.0,"This 4 bhk house for sale in kudasan, a well planned locality in gandhinagar, is ideal for a family that is looking for complete peace of mind. The floor plan additionally contains 4 bedrooms, 4 bathrooms and 2 balconies. All in all, the independent house is spread over a carpet area of 135 sq.Yards. Being a ready to move house, you can expect immediate possession of this 5-10 years old propert...",https://www.99acres.com/4-bhk-bedroom-independent-house-villa-for-sale-in-kudasan-gandhinagar-1215-sqft-spid-Q88684470,4.0,4.0,2.0,,,,Kudasan,,5-10 years,1,False,True,False,house,0.0,0.0
"4 Bedroom Housein Kudasan, Gandhinagar","Kudasan, Gandhinagar",251.0,13344.0,1881.0,Interested to sell independent house/villa.Placed at kudasan.It has spacious 4 bedrooms and 5 bathrooms. .Want to sell it for rs 25100000.It is a 10 years old property construction,https://www.99acres.com/4-bhk-bedroom-independent-house-villa-for-sale-in-kudasan-gandhinagar-2484-sqft-r3-spid-E76863269,4.0,5.0,2.0,,,,Kudasan,,10-20 years,1,False,False,False,villa,0.0,0.0
"2 Bedroom Housein Alampur, Gandhinagar","Alampur, Gandhinagar",55.55,2329.0,2385.0,"I have a house/villa available for sale in alampur, gandhinagar. Available at price of rs 5555000. It has plot area of 2385 sq ft. It has 2 bhk, 2 bathroom, 2 balcony.It is a freehold property",https://www.99acres.com/2-bhk-bedroom-independent-house-villa-for-sale-in-alampur-gandhinagar-2385-sqft-spid-L88552954,2.0,2.0,2.0,,,unfurnished,Alampur,,New,1,False,False,False,villa,0.0,0.0
"3 Bedroom Housein PLOT NO-1398/1,SECTOR NO-2/B,GANDHINAGAR","PLOT NO-1398/1,SECTOR NO-2/B,GANDHINAGAR",250.0,,90.0,"This 3 bhk house for sale in plot no-1398/1,sector no-2/b,gandhinagar, a well planned locality in gandhinagar, is ideal for a family that is looking for complete peace of mind. Constructed on a super built up area of 90 sq.Ft., this house comprises 3 bedrooms, 2 bathrooms and 2 balconies. This 10+ years old property is available for immediate possession as the house is ready to move. It is a po...",https://www.99acres.com/3-bhk-bedroom-independent-house-villa-for-sale-in-gandhinagar-90-sqft-r1-spid-Z88535590,3.0,2.0,2.0,,,unfurnished,Sector 2,,10-20 years,1,False,False,False,house,0.0,0.0
"1 Bedroom Housein Gift City, Gandhinagar","Gift City, Gandhinagar",75.0,3333.0,2250.0,"This 1 bhk house for sale in gift city is an ideal abode for a family. Even better, it is situated in one of the prominent localities of gandhinagar. The floor plan additionally contains 1 bedroom, 1 bathroom . All in all, the independent house is spread over a super built up area of 2250 sq.Ft. Being a ready to move house, you can expect immediate possession of this 1-5 years old property. The...",https://www.99acres.com/1-bhk-bedroom-independent-house-villa-for-sale-in-gift-city-gandhinagar-2250-sqft-spid-C88548020,1.0,1.0,1.0,,,unfurnished,Gift City,,1-5 years,1,False,False,False,house,0.0,0.0
"4 Bedroom Housein Kudasan, Gandhinagar","Kudasan, Gandhinagar",325.0,4841.0,6714.0,"Situated in radhe green, kudasan, gandhinagar, this 5-10 year old independent 4 bhk villa offers 4 bathrooms across 6714 sq.Ft. Immediate availability makes it ideal for families seeking spacious living. The fully furnished residence benefits from proximity to multiple religious temples, enhancing community charm and convenience.",https://www.99acres.com/4-bhk-bedroom-independent-house-villa-for-sale-in-radhe-green-kudasan-gandhinagar-6714-sqft-spid-O88496132,4.0,4.0,2.0,,,furnished,Kudasan,,5-10 years,1,False,False,False,villa,0.0,0.0
"3 Bedroom Housein Vavol, Gandhinagar","Vavol, Gandhinagar",56.0,41481.0,135.0,"3bhk row houses for sale in vavol, gandhinagar typically range from 53 lakh to 56 lakh. They offer 1600-2000 sq.Ft. Space with family-Friendly features like 3 bathrooms, 2 balconies, and open parking.",https://www.99acres.com/3-bhk-bedroom-independent-house-villa-for-sale-in-vavol-gandhinagar-135-sqft-spid-Q88397428,3.0,3.0,2.0,,,,Vavol,,Unknown,1,False,False,False,house,0.0,0.0
"1 Bedroom Housein Por, Gandhinagar","Por, Gandhinagar",21.0,4242.0,495.0,"On the lookout for a spacious house in gandhinagar? Go for this 1 bhk house for sale in por, a well-Connected locality within gandhinagar. This residential house is located close to close to school, close to hospital and close to market. The floor plan additionally contains 1 bedroom, 1 bathroom . All in all, the independent house is spread over a super built up area of 55 sq.Yards. The owner o...",https://www.99acres.com/1-bhk-bedroom-independent-house-villa-for-sale-in-por-gandhinagar-495-sqft-spid-I88362804,1.0,1.0,1.0,,,,Gandhinagar Taluka,,New,1,False,False,False,house,0.0,3.0
"4 Bedroom Housein Dahegam, Gandhinagar","Dahegam, Gandhinagar",76.0,76000.0,100.0,"Located in vraj gopi residency, dahegam, this 4 bhk independent villa spans 100 sq.Ft. With 4 bedrooms and 3 bathrooms, its just 0-1 year old and ready for immediate occupancy. The property is unfurnished and near key spots like swaminarayan akshardham temple and multiple hospitals, ensuring convenience and peace of mind.",https://www.99acres.com/4-bhk-bedroom-independent-house-villa-for-sale-in-vraj-gopi-residency-dhegam-gandhinagar-100-sqft-spid-Q88310584,4.0,3.0,2.0,,,unfurnished,Dahegam,,New,1,False,False,False,villa,0.0,1.0
"5 Bedroom Housein Kudasan, Gandhinagar","Kudasan, Gandhinagar",360.0,27620.0,1303.4,Best main road location Semi-Furnished home 3 ac installed Solar system installed Well-Ventilated and spacious Ideal for family living Ready to move,https://www.99acres.com/5-bhk-bedroom-independent-house-villa-for-sale-in-kudasan-gandhinagar-1303-sqft-spid-M88295096,3.0,3.0,1.0,,,semi-furnished,Kudasan,,New,1,False,False,False,house,0.0,0.0
"4 Bedroom Housein Raysan, Gandhinagar","Raysan, Gandhinagar",300.0,27548.0,1089.0,Address: On request Do you wish to buy an independent house ??,https://www.99acres.com/4-bhk-bedroom-independent-house-villa-for-sale-in-raysan-gandhinagar-1089-sqft-spid-R88231510,4.0,4.0,2.0,,,,Raysan,,Unknown,1,False,False,False,house,0.0,0.0
"3 Bedroom Housein GIDC Chhatral, Gandhinagar","GIDC Chhatral, Gandhinagar",30.5,26068.0,117.0,"This 3 bhk house for sale in gidc chhatral, a well planned locality in gandhinagar, is ideal for a family that is looking for complete peace of mind. Constructed on a super built up area of 117 sq.Ft., this house comprises 3 bedrooms, 3 bathrooms and 1 balcony. As the property is already ready to move, so you can easily move into this 1-5 years old house. This house is owned under freehold cont...",https://www.99acres.com/3-bhk-bedroom-independent-house-villa-for-sale-in-gdic-chhatral-gandhinagar-117-sqft-spid-T88009796,3.0,3.0,1.0,,,unfurnished,Kalol,,1-5 years,1,False,False,False,house,0.0,0.0
"5 Bedroom Housein Dahegam, Gandhinagar","Dahegam, Gandhinagar",300.0,5556.0,5400.0,"Well maintained and ready-To-Move house with big plot area and newly renovated construction. Clean title with property card and all other documentation. Situated in posh area of dehgam within a society of 18 bungalows. 3 floors, 5 rooms, 5 bathrooms, garden space and much more.",https://www.99acres.com/5-bhk-bedroom-independent-house-villa-for-sale-in-dhegam-gandhinagar-5400-sqft-spid-P87866500,5.0,5.0,3.0,,3.0,,Dahegam,,New,1,False,False,False,villa,0.0,0.0
"3 Bedroom Housein Randheja, Gandhinagar","Randheja, Gandhinagar",111.0,4301.0,2583.34,,https://www.99acres.com/3-bhk-bedroom-independent-house-villa-for-sale-in-randheja-gandhinagar-2583-sqft-spid-F87786972,3.0,3.0,3.0,,,,Randheja,,Unknown,1,False,False,False,house,,
"5 Bedroom Housein Raysan, Gandhinagar","Raysan, Gandhinagar",639.0,19969.0,3200.0,"Do you wish to buy an independent house in raysan, gandhinagar. This 5 bhk house looks like an ideal choice for somebody looking for peace of mind. Containing 5 bedrooms, 5 bathrooms , this independent house is spread over a built up area of 3200 sq.Ft. Another added advantage of this 0-1 year old house is that it is available for immediate possession. The type of ownership of this property is ...",https://www.99acres.com/5-bhk-bedroom-independent-house-villa-for-sale-in-raysan-gandhinagar-3200-sqft-spid-W87751114,5.0,5.0,2.0,,,,Raysan,,New,1,True,False,False,house,0.0,0.0
"3 Bedroom Housein Dahegam, Gandhinagar","Dahegam, Gandhinagar",48.0,3256.0,1474.0,"This 3 bhk house for sale in dhegam is an ideal abode for a family. Even better, it is situated in one of the prominent localities of gandhinagar. The floor plan additionally contains 3 bedrooms, 3 bathrooms and 3 balconies. All in all, the independent house is spread over a super built up area of 1474 sq.Ft. Being a ready to move house, you can expect immediate possession of this 1-5 years old...",https://www.99acres.com/3-bhk-bedroom-independent-house-villa-for-sale-in-dhegam-gandhinagar-1474-sqft-r1-spid-X85409476,3.0,3.0,3.0,,,unfurnished,Dahegam,,1-5 years,1,False,True,False,house,0.0,0.0
"3 Bedroom Housein Randheja, Gandhinagar","Randheja, Gandhinagar",80.0,6667.0,1200.0,,https://www.99acres.com/3-bhk-bedroom-independent-house-villa-for-sale-in-randheja-gandhinagar-1200-sqft-spid-B87674626,3.0,3.0,3.0,,,,Randheja,,Unknown,1,False,False,False,house,,
"2 Bedroom Housein Green City, Sector 26 Gandhinagar","Green City, Sector 26 Gandhinagar",125.0,12903.0,968.75,"Located in green city, sector 26 gandhinagar, this 2 bhk independent house offers 968.75 sq.Ft. Of living space. With 2 bedrooms and 2 bathrooms, the home is over 10 years old and available for immediate sale. Semi-Furnished and set on a quiet floor, it benefits from proximity to multiple hospitals and the ambe mata mandir.",https://www.99acres.com/2-bhk-bedroom-independent-house-villa-for-sale-in-green-city-gandhinagar-1507-sqft-spid-S87663582,2.0,2.0,2.0,,,semi-furnished,Sector 26,,10-20 years,1,False,False,False,house,0.0,1.0
"4 Bedroom Housein Koba, Gandhinagar","Koba, Gandhinagar",271.0,12979.0,2088.0,"Are you planning to buy your dream home? You can consider this well-Built 4 bhk house for sale in koba, gandhinagar and make it your new address. Owing to its key locations, several landmarks like close to metro station and close to school are easily accessible. The floor plan additionally contains 4 bedrooms, 4 bathrooms and 2 balconies. All in all, the independent house is spread over a super...",https://www.99acres.com/4-bhk-bedroom-independent-house-villa-for-sale-in-koba-gandhinagar-2088-sqft-spid-J87656130,4.0,4.0,2.0,,,,Koba,,New,1,False,False,False,house,0.0,4.0
"3 Bedroom Housein Vavol, Gandhinagar","Vavol, Gandhinagar",150.0,12255.0,1224.0,"Tulsi bunglows, vavol kalol road, new vavol, gandhinagar, gujarat",https://www.99acres.com/3-bhk-bedroom-independent-house-villa-for-sale-in-vavol-gandhinagar-1224-sqft-spid-S87618162,3.0,3.0,2.0,,,,Vavol,,Unknown,1,False,False,False,villa,0.0,0.0
"3 Bedroom Housein Vavol, Gandhinagar","Vavol, Gandhinagar",90.0,9091.0,990.0,Available on sell 3bhk bunglow in vavol 110 sq.Yard plot and 200 sq.Yard construction prime location near by vavol uvarsad road 2 floor available,https://www.99acres.com/3-bhk-bedroom-independent-house-villa-for-sale-in-vavol-gandhinagar-990-sqft-spid-S87477712,3.0,3.0,2.0,2.0,2.0,,Vavol,,New,1,False,False,False,villa,0.0,0.0
"4 Bedroom Housein Dahegam, Gandhinagar","Dahegam, Gandhinagar",80.0,3882.0,2061.0,"This 4 bhk independent villa in dahegam, gandhinagar offers 2061 sq.Ft. Of well-Designed space with 4 bedrooms and 3 bathrooms. Just 1-5 years old and available for immediate possession, it combines comfort with convenience near khodiyar temple, banks, and multiple healthcare facilities. Semi-Furnished, its ideal for families seeking a serene location.",https://www.99acres.com/4-bhk-bedroom-independent-house-villa-for-sale-in-dhegam-gandhinagar-1980-sqft-spid-V87392162,4.0,3.0,2.0,,,semi-furnished,Dahegam,,1-5 years,1,False,False,False,villa,0.0,2.0
"2 Bedroom Housein Sector 21, Gandhinagar","Sector 21, Gandhinagar",400.0,,330.0,"Dear, Key will be available, but before that please go in detail in blog Please send your name, mobile no. And address Our representative will be there to show you the house Society is old and construction is old 1990 In milkat card it is in the name of rajeshwari Contact: 79901 27912 Name: Rajesh zala",https://www.99acres.com/2-bhk-bedroom-independent-house-villa-for-sale-in-sector-21-gandhinagar-330-sqft-spid-R87385582,2.0,2.0,1.0,,,,Sector 21,,Unknown,1,False,False,False,house,0.0,0.0
"2 Bedroom Housein Kudasan, Gandhinagar","Kudasan, Gandhinagar",150.0,12723.0,1179.0,,https://www.99acres.com/2-bhk-bedroom-independent-house-villa-for-sale-in-kudasan-gandhinagar-1179-sqft-r1-spid-J78554739,2.0,2.0,1.0,,,,Kudasan,,Unknown,1,False,False,False,house,,
"2 Bedroom Housein Vavol, Gandhinagar","Vavol, Gandhinagar",75.0,7742.0,968.75,"Located in narayan nagar, vavol, gandhinagar, this 2 bhk independent house offers 968.75 sq.Ft. Of unfurnished living space. With 2 bedrooms and 1 bathroom, the 10+ year old property is available immediately. Close to multiple hospitals and equipped with parking, its ideal for comfortable residential living.",https://www.99acres.com/2-bhk-bedroom-independent-house-villa-for-sale-in-vavol-gandhinagar-969-sqft-spid-I87180674,2.0,1.0,1.0,,,unfurnished,Vavol,,10-20 years,1,False,False,False,house,1.0,1.0
"3 Bedroom Housein Dahegam, Gandhinagar","Dahegam, Gandhinagar",77.0,49677.0,155.0,Fine ..Baglo..Iam..Onar.. Dahegam is fine locan cute makan..Only onar cotect me invest bast paln,https://www.99acres.com/3-bhk-bedroom-independent-house-villa-for-sale-in-vraj-gopi-residency-dhegam-gandhinagar-155-sqft-spid-V87163668,3.0,3.0,2.0,,,,Dahegam,,Unknown,1,False,False,False,house,0.0,0.0
"3 Bedroom Housein Alampur, Gandhinagar","Alampur, Gandhinagar",60.0,4762.0,1260.0,"Located in the gated society of alampur, gandhinagar, this unfurnished 3 bhk independent house offers 1260 sq.Ft. Of well-Planned space with 3 bedrooms and 2 bathrooms. The 5-10 year old villa features vitrified flooring, high ceilings, and immediate availability. Enjoy nearby schools, markets, hospital access, plus full power backup, 24/7 water, and parking.",https://www.99acres.com/3-bhk-bedroom-independent-house-villa-for-sale-in-alampur-gandhinagar-1260-sqft-spid-W87102958,3.0,2.0,3.0,,,,Alampur,,Unknown,1,False,False,False,house,0.0,0.0
"2 Bedroom Housein Kudasan, Gandhinagar","Kudasan, Gandhinagar",145.0,12299.0,1179.0,,https://www.99acres.com/2-bhk-bedroom-independent-house-villa-for-sale-in-kudasan-gandhinagar-1179-sqft-spid-D86940746,2.0,2.0,1.0,,,,Kudasan,,Unknown,1,False,False,False,house,,
"5 Bedroom Housein Vardhaman Nagar, Kalol, Gandhinagar","Vardhaman Nagar, Kalol, Gandhinagar",650.0,20313.0,3200.0,"We have a house/villa available for sale in viruthampattu, gandhinagar. Available at price of rs 6.5 crores. It has plot area of 3200 sq ft. It has 5 bhk, 10 bathroom, 3 balcony.It is a freehold property",https://www.99acres.com/5-bhk-bedroom-independent-house-villa-for-sale-in-vardhaman-nagar-gandhinagar-3200-sqft-spid-P86704434,5.0,10.0,3.0,,,,Kalol,,New,1,False,False,False,villa,0.0,0.0
"4 Bedroom Housein Kalyanpura, Kalol, Gandhinagar","Kalyanpura, Kalol, Gandhinagar",55.0,64706.0,85.0,"Located in kalyanpura, kalol, this 85 sq.Ft. 4 bhk independent house is available for immediate sale. The 10+ year old villa features 4 bedrooms and 2 bathrooms, offering a spacious layout. Positioned near key religious sites and hospitals, it blends convenience with community living. The property is offered unfurnished on a quiet floor.",https://www.99acres.com/4-bhk-bedroom-independent-house-villa-for-sale-in-kalyanpura-gandhinagar-85-sqft-spid-O86527214,4.0,2.0,2.0,,,unfurnished,Kalol,,10-20 years,1,False,False,False,villa,0.0,1.0
"2 Bedroom Housein Dahegam, Gandhinagar","Dahegam, Gandhinagar",75.0,23810.0,315.0,"A beautifully designed 2-Floor fully furnished home that blends comfort, style, and positive vibes! This elegant house features 2 spacious bedrooms and 3 modern washrooms, a peaceful pooja room on the terrace, airy front and back verandas, and a stylish kitchen with a separate wash area. It also includes shaded covered parking for your vehicle and an excellent roadside location with full sunlig...",https://www.99acres.com/2-bhk-bedroom-independent-house-villa-for-sale-in-dhegam-gandhinagar-315-sqft-spid-M86523696,2.0,3.0,0.0,2.0,2.0,furnished,Dahegam,,New,1,False,False,False,house,0.0,0.0
"3 Bedroom Housein Sargasan, Gandhinagar","Sargasan, Gandhinagar",350.0,15744.0,2223.0,"Situated in the serene anirdesh bunglows of sargasan, gandhinagar, this 3 bhk independent villa offers 3 bedrooms and 4 bathrooms across 2223 sq.Ft. The 5-10 year old residence is available immediately, unfurnished, and provides ample living space on a well-Maintained floor. Perfect for those seeking a spacious home in a peaceful locale.",https://www.99acres.com/3-bhk-bedroom-independent-house-villa-for-sale-in-sargasan-gandhinagar-2223-sqft-spid-R86495898,3.0,4.0,1.0,,,unfurnished,Sargasan,,5-10 years,1,False,False,False,villa,0.0,0.0
"2 Bedroom Housein Dahegam, Gandhinagar","Dahegam, Gandhinagar",40.0,1333.0,3000.0,,https://www.99acres.com/2-bhk-bedroom-independent-house-villa-for-sale-in-dhegam-gandhinagar-3000-sqft-spid-M86467942,2.0,2.0,1.0,,,,Dahegam,,Unknown,1,False,False,False,house,,
"8 Bedroom Housein Sector 27, Gandhinagar","Sector 27, Gandhinagar",140.0,12963.0,1080.0,,https://www.99acres.com/8-bhk-bedroom-independent-house-villa-for-sale-in-sector-27-gandhinagar-1080-sqft-spid-U86466520,8.0,8.0,5.0,,,,Sector 27,,Unknown,1,False,False,False,house,,
5 Bedroom Housein Sector 7 Gandhinagar,Sector 7 Gandhinagar,170.0,,45.0,School college market bus station hospital park gym cinema mall sector7c,https://www.99acres.com/5-bhk-bedroom-independent-house-villa-for-sale-in-sector-7-gandhinagar-45-sqft-spid-U86431420,5.0,5.0,4.0,,,,Sector 7,,Unknown,1,False,False,False,house,0.0,12.0
"2 BHK Flatin Randheja, Gandhinagar","Randheja, Gandhinagar",45.0,4673.0,963.0,Its ready to move property furnished and only 3 stroy building,https://www.99acres.com/2-bhk-bedroom-apartment-flat-for-sale-in-randheja-gandhinagar-963-sqft-spid-I86355798,2.0,2.0,2.0,,,furnished,Randheja,,New,1,False,True,False,house,0.0,0.0
"3 BHK Flatin Valad, Gandhinagar","Valad, Gandhinagar",90.0,4545.0,1980.0,Fully fernichar tv freej 2 ac.Guzar 2 bed.Sofa.Arjant sel karna he Best location gardaan said Sp ring road karai chokdi balad gandhinagar braite school,https://www.99acres.com/3-bhk-bedroom-apartment-flat-for-sale-in-shyam-status-valad-gandhinagar-1980-sqft-spid-Z86193702,2.0,2.0,1.0,,,unfurnished,Valad,,New,1,False,True,False,villa,0.0,2.0
"2 Bedroom Housein Alampur, Gandhinagar","Alampur, Gandhinagar",111.0,5286.0,2100.0,4 bedroom 4 car parking near chiloda road apmc market behind alampur Shardha recidency,https://www.99acres.com/2-bhk-bedroom-independent-house-villa-for-sale-in-shraddha-residency-alampur-gandhinagar-2100-sqft-spid-M86140828,4.0,3.0,4.0,,,,Alampur,,Unknown,1,False,False,False,house,0.0,0.0
"2 Bedroom Housein Villupuram, Gandhinagar","Villupuram, Gandhinagar",50.0,4167.0,1200.0,20*64 1200 square feet South facing house Ground floor having 2 bedroom hall kitchen and first floor consists only 3 bedroom with attached bathroom . 2011 constructed house.,https://www.99acres.com/2-bhk-bedroom-independent-house-villa-for-sale-in-gandhinagar-1200-sqft-spid-T86114262,2.0,1.0,0.0,0.0,2.0,unfurnished,Other,South,10-20 years,1,False,False,False,house,2.0,0.0
"5 Bedroom Housein Kudasan, Gandhinagar","Kudasan, Gandhinagar",750.0,19737.0,3800.0,"I am looking for buyer to purchase house/villa available for sale in kudasan, gandhinagar. Available at price of rs 7.5 crores. It has plot area of 3800 sq ft. It has 5 bhk, 10 bathroom, 4 balcony.It is a freehold property",https://www.99acres.com/5-bhk-bedroom-independent-house-villa-for-sale-in-aawaass-strawberry-kudasan-gandhinagar-3800-sqft-spid-E85895322,5.0,10.0,4.0,,,,Kudasan,,New,1,False,False,False,villa,0.0,0.0
"Residential propertyin Panchvati, Kalol, Gandhinagar","Panchvati, Kalol, Gandhinagar",25.0,12195.0,205.0,"Located in panchvati, kalol, gandhinagar, this 205 sq.Ft. Corner property offers immediate availability within a gated society. With ceramic flooring and close access to multiple hospitals and shri hanumanji temple, it combines convenience and comfort. The 5-10 year-Old residential space includes visitor parking and is ideal for versatile use.",https://www.99acres.com/other-residential-property-for-sale-in-panchvati-gandhinagar-205-sqft-spid-C85888368,0.0,1.0,0.0,,,unfurnished,Kalol,Other,5-10 years,1,False,False,False,house,3.0,2.0
"4 Bedroom Housein Kudasan, Gandhinagar","Kudasan, Gandhinagar",399.0,11918.0,3348.0,"Very specious bunglows, only residential bunglows, no commercial scheme, big open space, very low super buildup, normally super build up is 45% , but in this scheme, sb is less than 20%.",https://www.99acres.com/4-bhk-bedroom-independent-house-villa-for-sale-in-kudasan-gandhinagar-3348-sqft-spid-F85861952,4.0,4.0,2.0,,,,Kudasan,,Unknown,1,False,False,False,villa,0.0,0.0
"4 Bedroom Housein Kudasan, Gandhinagar","Kudasan, Gandhinagar",265.0,13507.0,1962.0,"I have a house/villa available for sale in raysan, gandhinagar. Available at price of rs 2.95 crores. It has plot area of 218 sq yards. It has 4 bhk, 5 bathroom, 1 balcony.It is a freehold property",https://www.99acres.com/4-bhk-bedroom-independent-house-villa-for-sale-in-kudasan-gandhinagar-1962-sqft-spid-L85801122,4.0,5.0,1.0,,,,Kudasan,,New,1,False,False,False,villa,0.0,0.0
"3 Bedroom Housein hooda, Gandhinagar","hooda, Gandhinagar",86.7,3778.0,2295.0,"On the lookout for a spacious house in gandhinagar? Go for this 3 bhk house for sale in hooda, a well-Connected locality within gandhinagar. This residential property boasts proximity to key landmarks like close to school, close to hospital and close to market. This house occupies a super built up area of 255 sq.Yards and contains 3 bedrooms, 3 bathrooms and 2 balconies. This 1-5 years old prop...",https://www.99acres.com/3-bhk-bedroom-independent-house-villa-for-sale-in-gandhinagar-2295-sqft-spid-I85760672,3.0,3.0,2.0,,,,Mansa,,1-5 years,1,False,False,False,house,0.0,3.0
"4 Bedroom Housein Raysan, Gandhinagar","Raysan, Gandhinagar",300.0,17857.0,1680.0,"Looking for buyer to purchase our house/villa available for sale in raysan, gandhinagar. Available at price of rs 3 crores. It has plot area of 1680 sq ft. It has 4 bhk, 4 bathroom, 1 balcony.It is a freehold property",https://www.99acres.com/4-bhk-bedroom-independent-house-villa-for-sale-in-raysan-gandhinagar-1680-sqft-spid-C85759544,4.0,4.0,1.0,,,,Raysan,,New,1,False,False,False,villa,0.0,0.0
"5 Bedroom Housein Sargasan, Gandhinagar","Sargasan, Gandhinagar",270.0,19608.0,1377.0,"New construction,frame structure,ultra modern individual bungalow near sg highway, sargasan cross road ready to move",https://www.99acres.com/5-bhk-bedroom-independent-house-villa-for-sale-in-sargasan-gandhinagar-2997-sqft-spid-D85637610,5.0,5.0,2.0,,,,Sargasan,,New,1,False,False,False,villa,2.0,3.0
"3 Bedroom Housein Mansa, Gandhinagar","Mansa, Gandhinagar",35.0,194.0,18000.0,"We are proud owners of house/villa available for sale in mansa, gandhinagar. Available at price of rs 35 lacs. It has plot area of 18000 sq ft. It has 3 bhk, 1 bathroom, 1 balcony.It is a freehold property",https://www.99acres.com/3-bhk-bedroom-independent-house-villa-for-sale-in-mansa-gandhinagar-18000-sqft-spid-I85611670,3.0,1.0,1.0,,,unfurnished,Mansa,,New,1,False,False,False,villa,0.0,0.0
"3 Bedroom Housein Kalol, Gandhinagar","Kalol, Gandhinagar",160.0,12698.0,1260.0,"no brokerage Discover your dream home in one of kalols most desirable neighborhoods. This spacious 3bhk independent villa is the perfect blend of comfort, privacy, and convenience and its being sold directly by the owner with no brokerage fees! Property features: 3 large bedrooms with ample natural light 4 bathrooms no waiting, even ...",https://www.99acres.com/3-bhk-bedroom-independent-house-villa-for-sale-in-khushi-pushapak-bungalows-kalol-gandhinagar-1260-sqft-spid-B85543320,3.0,4.0,2.0,,,unfurnished,Kalol,,New,1,False,False,False,villa,0.0,0.0
"3 Bedroom Housein Dahegam, Gandhinagar","Dahegam, Gandhinagar",75.0,42857.0,175.0,,https://www.99acres.com/3-bhk-bedroom-independent-house-villa-for-sale-in-vraj-gopi-residency-dhegam-gandhinagar-175-sq-ft-spid-T85458110,3.0,3.0,2.0,,,,Dahegam,,Unknown,1,False,False,False,house,,
"3 Bedroom Housein Dhamasana, Gandhinagar","Dhamasana, Gandhinagar",72.0,4444.0,1620.0,"3 bhk duplex 2 story home. At dhamasana, tal. Kalol, kalol-Mansa highway, dist. Gandhinagar. 12 km from gandhinagar, 3 km from kalol. Society having it's own party plot/garden and big common parking area. 24 hr. Water electricity and pipeline gas connection. Society is registered.",https://www.99acres.com/3-bhk-bedroom-independent-house-villa-for-sale-in-dhamasana-gandhinagar-1620-sq-ft-spid-F84348256,3.0,3.0,2.0,,2.0,,Kalol,,New,1,True,False,False,villa,8.0,0.0
"3 Bedroom Housein Sector 26, Gandhinagar","Sector 26, Gandhinagar",500.0,30968.0,1614.59,"Bungalow is constructed considering vastu. It is located at north east corner of 18 meter 12 meter road junction. Common plot is located at east side of plot which is approximately 10,000 sqm after 12 meter road. Mandir is their at common plot. Puja room is their with glass brick and it is covered at terrace level with dome. Drinking water source is narmada water from gandhinagar municipal corp...",https://www.99acres.com/3-bhk-bedroom-independent-house-villa-for-sale-in-sector-26-gandhinagar-1613-sqft-r3-spid-D72932551,3.0,2.0,2.0,,,,Sector 26,,Unknown,1,False,False,False,villa,3.0,0.0
"3 Bedroom Housein Dhamasana, Gandhinagar","Dhamasana, Gandhinagar",72.0,6857.0,1050.0,"3 bhk duplex 2 story home. At dhamasana, tal. Kalol, kalol-Mansa highway, dist. Gandhinagar. 12 km from gandhinagar, 3 km from kalol. Society having it's own party plot/garden and big common parking area. 24 hr. Water electricity and pipeline gas connection. Society is registered.",https://www.99acres.com/3-bhk-bedroom-independent-house-villa-for-sale-in-dhamasana-gandhinagar-1620-sqft-r3-spid-C81264881,3.0,3.0,2.0,,2.0,,Kalol,,New,1,False,False,False,villa,8.0,0.0
"5 Bedroom Housein Sargasan, Gandhinagar","Sargasan, Gandhinagar",225.0,21739.0,1035.0,"Nearby all daily needs. Vegetable market, medicine, and etc.... All are in just walking distance.",https://www.99acres.com/5-bhk-bedroom-independent-house-villa-for-sale-in-pramukh-nagar-phase-2-sargasan-gandhinagar-1323-sqft-r1-spid-J80991939,5.0,5.0,2.0,,,,Sargasan,,Unknown,1,False,False,False,house,0.0,10.0
